[debug] [2025-06-30T04:23:27.084Z] ----------------------------------------------------------------------
[debug] [2025-06-30T04:23:27.089Z] Command:       C:\Program Files\nodejs\node.exe C:\Users\Ricky PC\AppData\Roaming\npm\node_modules\firebase-tools\lib\bin\firebase.js deploy --only functions:scheduledSendAd
[debug] [2025-06-30T04:23:27.090Z] CLI Version:   14.7.0
[debug] [2025-06-30T04:23:27.090Z] Platform:      win32
[debug] [2025-06-30T04:23:27.090Z] Node Version:  v22.16.0
[debug] [2025-06-30T04:23:27.090Z] Time:          Sun Jun 29 2025 21:23:27 GMT-0700 (Pacific Daylight Time)
[debug] [2025-06-30T04:23:27.091Z] ----------------------------------------------------------------------
[debug] 
[debug] [2025-06-30T04:23:27.396Z] Field "/functions" in "firebase.json" is possibly invalid: must be object
[debug] [2025-06-30T04:23:27.397Z] Object "/functions/0" in "firebase.json" has unknown property: {"additionalProperty":"only"}
[debug] [2025-06-30T04:23:27.397Z] Field "/functions" in "firebase.json" is possibly invalid: must match a schema in anyOf
[debug] [2025-06-30T04:23:27.403Z] > command requires scopes: ["email","openid","https://www.googleapis.com/auth/cloudplatformprojects.readonly","https://www.googleapis.com/auth/firebase","https://www.googleapis.com/auth/cloud-platform"]
[debug] [2025-06-30T04:23:27.404Z] > authorizing via signed-in user (foxopenone@gmail.com)
[debug] [2025-06-30T04:23:27.404Z] [iam] checking project popchatv002 for permissions ["cloudfunctions.functions.create","cloudfunctions.functions.delete","cloudfunctions.functions.get","cloudfunctions.functions.list","cloudfunctions.functions.update","cloudfunctions.operations.get","firebase.projects.get"]
[debug] [2025-06-30T04:23:27.405Z] Checked if tokens are valid: true, expires at: 1751260621805
[debug] [2025-06-30T04:23:27.406Z] Checked if tokens are valid: true, expires at: 1751260621805
[debug] [2025-06-30T04:23:27.407Z] >>> [apiv2][query] POST https://cloudresourcemanager.googleapis.com/v1/projects/popchatv002:testIamPermissions [none]
[debug] [2025-06-30T04:23:27.407Z] >>> [apiv2][(partial)header] POST https://cloudresourcemanager.googleapis.com/v1/projects/popchatv002:testIamPermissions x-goog-quota-user=projects/popchatv002
[debug] [2025-06-30T04:23:27.407Z] >>> [apiv2][body] POST https://cloudresourcemanager.googleapis.com/v1/projects/popchatv002:testIamPermissions {"permissions":["cloudfunctions.functions.create","cloudfunctions.functions.delete","cloudfunctions.functions.get","cloudfunctions.functions.list","cloudfunctions.functions.update","cloudfunctions.operations.get","firebase.projects.get"]}
[debug] [2025-06-30T04:23:27.566Z] <<< [apiv2][status] POST https://cloudresourcemanager.googleapis.com/v1/projects/popchatv002:testIamPermissions 200
[debug] [2025-06-30T04:23:27.567Z] <<< [apiv2][body] POST https://cloudresourcemanager.googleapis.com/v1/projects/popchatv002:testIamPermissions {"permissions":["cloudfunctions.functions.create","cloudfunctions.functions.delete","cloudfunctions.functions.get","cloudfunctions.functions.list","cloudfunctions.functions.update","cloudfunctions.operations.get","firebase.projects.get"]}
[debug] [2025-06-30T04:23:27.567Z] Checked if tokens are valid: true, expires at: 1751260621805
[debug] [2025-06-30T04:23:27.568Z] Checked if tokens are valid: true, expires at: 1751260621805
[debug] [2025-06-30T04:23:27.568Z] >>> [apiv2][query] POST https://iam.googleapis.com/v1/projects/popchatv002/serviceAccounts/popchatv002@appspot.gserviceaccount.com:testIamPermissions [none]
[debug] [2025-06-30T04:23:27.568Z] >>> [apiv2][body] POST https://iam.googleapis.com/v1/projects/popchatv002/serviceAccounts/popchatv002@appspot.gserviceaccount.com:testIamPermissions {"permissions":["iam.serviceAccounts.actAs"]}
[debug] [2025-06-30T04:23:27.958Z] <<< [apiv2][status] POST https://iam.googleapis.com/v1/projects/popchatv002/serviceAccounts/popchatv002@appspot.gserviceaccount.com:testIamPermissions 200
[debug] [2025-06-30T04:23:27.958Z] <<< [apiv2][body] POST https://iam.googleapis.com/v1/projects/popchatv002/serviceAccounts/popchatv002@appspot.gserviceaccount.com:testIamPermissions {"permissions":["iam.serviceAccounts.actAs"]}
[info] 
[info] === Deploying to 'popchatv002'...
[info] 
[info] i  deploying functions 
[debug] [2025-06-30T04:23:27.962Z] Checked if tokens are valid: true, expires at: 1751260621805
[debug] [2025-06-30T04:23:27.962Z] Checked if tokens are valid: true, expires at: 1751260621805
[debug] [2025-06-30T04:23:27.962Z] >>> [apiv2][query] GET https://serviceusage.googleapis.com/v1/projects/popchatv002/services/cloudresourcemanager.googleapis.com [none]
[debug] [2025-06-30T04:23:27.962Z] >>> [apiv2][(partial)header] GET https://serviceusage.googleapis.com/v1/projects/popchatv002/services/cloudresourcemanager.googleapis.com x-goog-quota-user=projects/popchatv002
[debug] [2025-06-30T04:23:28.441Z] <<< [apiv2][status] GET https://serviceusage.googleapis.com/v1/projects/popchatv002/services/cloudresourcemanager.googleapis.com 200
[debug] [2025-06-30T04:23:28.441Z] <<< [apiv2][body] GET https://serviceusage.googleapis.com/v1/projects/popchatv002/services/cloudresourcemanager.googleapis.com [omitted]
[debug] [2025-06-30T04:23:28.441Z] Checked if tokens are valid: true, expires at: 1751260621805
[debug] [2025-06-30T04:23:28.441Z] Checked if tokens are valid: true, expires at: 1751260621805
[debug] [2025-06-30T04:23:28.441Z] >>> [apiv2][query] GET https://cloudresourcemanager.googleapis.com/v1/projects/popchatv002 [none]
[debug] [2025-06-30T04:23:28.529Z] <<< [apiv2][status] GET https://cloudresourcemanager.googleapis.com/v1/projects/popchatv002 200
[debug] [2025-06-30T04:23:28.530Z] <<< [apiv2][body] GET https://cloudresourcemanager.googleapis.com/v1/projects/popchatv002 {"projectNumber":"296369449480","projectId":"popchatv002","lifecycleState":"ACTIVE","name":"popchatv002","labels":{"firebase":"enabled"},"createTime":"2024-08-28T01:10:41.404402Z"}
[info] i  functions: preparing codebase default for deployment 
[info] i  functions: ensuring required API cloudfunctions.googleapis.com is enabled... 
[debug] [2025-06-30T04:23:28.531Z] Checked if tokens are valid: true, expires at: 1751260621805
[debug] [2025-06-30T04:23:28.531Z] Checked if tokens are valid: true, expires at: 1751260621805
[debug] [2025-06-30T04:23:28.531Z] Checked if tokens are valid: true, expires at: 1751260621805
[debug] [2025-06-30T04:23:28.531Z] Checked if tokens are valid: true, expires at: 1751260621805
[info] i  functions: ensuring required API cloudbuild.googleapis.com is enabled... 
[debug] [2025-06-30T04:23:28.531Z] Checked if tokens are valid: true, expires at: 1751260621805
[debug] [2025-06-30T04:23:28.532Z] Checked if tokens are valid: true, expires at: 1751260621805
[info] i  artifactregistry: ensuring required API artifactregistry.googleapis.com is enabled... 
[debug] [2025-06-30T04:23:28.532Z] Checked if tokens are valid: true, expires at: 1751260621805
[debug] [2025-06-30T04:23:28.532Z] Checked if tokens are valid: true, expires at: 1751260621805
[debug] [2025-06-30T04:23:28.532Z] >>> [apiv2][query] GET https://serviceusage.googleapis.com/v1/projects/popchatv002/services/cloudfunctions.googleapis.com [none]
[debug] [2025-06-30T04:23:28.532Z] >>> [apiv2][(partial)header] GET https://serviceusage.googleapis.com/v1/projects/popchatv002/services/cloudfunctions.googleapis.com x-goog-quota-user=projects/popchatv002
[debug] [2025-06-30T04:23:28.533Z] >>> [apiv2][query] GET https://serviceusage.googleapis.com/v1/projects/popchatv002/services/runtimeconfig.googleapis.com [none]
[debug] [2025-06-30T04:23:28.533Z] >>> [apiv2][(partial)header] GET https://serviceusage.googleapis.com/v1/projects/popchatv002/services/runtimeconfig.googleapis.com x-goog-quota-user=projects/popchatv002
[debug] [2025-06-30T04:23:28.535Z] >>> [apiv2][query] GET https://serviceusage.googleapis.com/v1/projects/popchatv002/services/cloudbuild.googleapis.com [none]
[debug] [2025-06-30T04:23:28.536Z] >>> [apiv2][(partial)header] GET https://serviceusage.googleapis.com/v1/projects/popchatv002/services/cloudbuild.googleapis.com x-goog-quota-user=projects/popchatv002
[debug] [2025-06-30T04:23:28.537Z] >>> [apiv2][query] GET https://serviceusage.googleapis.com/v1/projects/popchatv002/services/artifactregistry.googleapis.com [none]
[debug] [2025-06-30T04:23:28.537Z] >>> [apiv2][(partial)header] GET https://serviceusage.googleapis.com/v1/projects/popchatv002/services/artifactregistry.googleapis.com x-goog-quota-user=projects/popchatv002
[debug] [2025-06-30T04:23:28.751Z] <<< [apiv2][status] GET https://serviceusage.googleapis.com/v1/projects/popchatv002/services/cloudfunctions.googleapis.com 200
[debug] [2025-06-30T04:23:28.751Z] <<< [apiv2][body] GET https://serviceusage.googleapis.com/v1/projects/popchatv002/services/cloudfunctions.googleapis.com [omitted]
[info] +  functions: required API cloudfunctions.googleapis.com is enabled 
[debug] [2025-06-30T04:23:28.898Z] <<< [apiv2][status] GET https://serviceusage.googleapis.com/v1/projects/popchatv002/services/runtimeconfig.googleapis.com 200
[debug] [2025-06-30T04:23:28.898Z] <<< [apiv2][body] GET https://serviceusage.googleapis.com/v1/projects/popchatv002/services/runtimeconfig.googleapis.com [omitted]
[debug] [2025-06-30T04:23:29.139Z] <<< [apiv2][status] GET https://serviceusage.googleapis.com/v1/projects/popchatv002/services/artifactregistry.googleapis.com 200
[debug] [2025-06-30T04:23:29.139Z] <<< [apiv2][body] GET https://serviceusage.googleapis.com/v1/projects/popchatv002/services/artifactregistry.googleapis.com [omitted]
[info] +  artifactregistry: required API artifactregistry.googleapis.com is enabled 
[debug] [2025-06-30T04:23:29.142Z] <<< [apiv2][status] GET https://serviceusage.googleapis.com/v1/projects/popchatv002/services/cloudbuild.googleapis.com 200
[debug] [2025-06-30T04:23:29.142Z] <<< [apiv2][body] GET https://serviceusage.googleapis.com/v1/projects/popchatv002/services/cloudbuild.googleapis.com [omitted]
[info] +  functions: required API cloudbuild.googleapis.com is enabled 
[debug] [2025-06-30T04:23:29.143Z] Checked if tokens are valid: true, expires at: 1751260621805
[debug] [2025-06-30T04:23:29.143Z] Checked if tokens are valid: true, expires at: 1751260621805
[debug] [2025-06-30T04:23:29.143Z] >>> [apiv2][query] GET https://firebase.googleapis.com/v1beta1/projects/popchatv002/adminSdkConfig [none]
[debug] [2025-06-30T04:23:29.554Z] <<< [apiv2][status] GET https://firebase.googleapis.com/v1beta1/projects/popchatv002/adminSdkConfig 200
[debug] [2025-06-30T04:23:29.554Z] <<< [apiv2][body] GET https://firebase.googleapis.com/v1beta1/projects/popchatv002/adminSdkConfig {"projectId":"popchatv002","databaseURL":"https://popchatv002-default-rtdb.firebaseio.com","storageBucket":"popchatv002.firebasestorage.app"}
[debug] [2025-06-30T04:23:29.555Z] Checked if tokens are valid: true, expires at: 1751260621805
[debug] [2025-06-30T04:23:29.555Z] Checked if tokens are valid: true, expires at: 1751260621805
[debug] [2025-06-30T04:23:29.555Z] >>> [apiv2][query] GET https://runtimeconfig.googleapis.com/v1beta1/projects/popchatv002/configs [none]
[debug] [2025-06-30T04:23:29.792Z] <<< [apiv2][status] GET https://runtimeconfig.googleapis.com/v1beta1/projects/popchatv002/configs 200
[debug] [2025-06-30T04:23:29.792Z] <<< [apiv2][body] GET https://runtimeconfig.googleapis.com/v1beta1/projects/popchatv002/configs {}
[debug] [2025-06-30T04:23:29.794Z] Validating nodejs source
[debug] [2025-06-30T04:23:31.442Z] > [functions] package.json contents: {
  "name": "functions",
  "description": "Cloud Functions for Firebase",
  "scripts": {
    "serve": "firebase emulators:start --only functions",
    "start": "firebase emulators:start --only functions,database",
    "shell": "firebase functions:shell",
    "deploy": "firebase deploy --only functions",
    "logs": "firebase functions:log"
  },
  "engines": {
    "node": "22"
  },
  "main": "index.js",
  "dependencies": {
    "axios": "^1.10.0",
    "firebase-admin": "^12.6.0",
    "firebase-functions": "^6.0.1",
    "luxon": "^3.6.1"
  },
  "devDependencies": {
    "firebase-functions-test": "^3.1.0"
  },
  "private": true
}
[debug] [2025-06-30T04:23:31.442Z] Building nodejs source
[info] i  functions: Loading and analyzing source code for codebase default to determine what to deploy 
[debug] [2025-06-30T04:23:31.443Z] Could not find functions.yaml. Must use http discovery
[debug] [2025-06-30T04:23:31.553Z] Found firebase-functions binary at 'G:\functions\node_modules\.bin\firebase-functions'
[info] Serving at port 8818

[debug] [2025-06-30T04:23:32.427Z] Got response from /__/functions.yaml {"endpoints":{"testHttpFunction":{"availableMemoryMb":null,"timeoutSeconds":null,"minInstances":null,"maxInstances":null,"ingressSettings":null,"concurrency":null,"serviceAccountEmail":null,"vpc":null,"platform":"gcfv2","labels":{},"httpsTrigger":{},"entryPoint":"testHttpFunction"},"writeToDatabase":{"availableMemoryMb":null,"timeoutSeconds":null,"minInstances":null,"maxInstances":null,"ingressSettings":null,"concurrency":null,"serviceAccountEmail":null,"vpc":null,"platform":"gcfv2","labels":{},"httpsTrigger":{},"entryPoint":"writeToDatabase"},"addUserStatus":{"availableMemoryMb":null,"timeoutSeconds":null,"minInstances":null,"maxInstances":null,"ingressSettings":null,"concurrency":null,"serviceAccountEmail":null,"vpc":null,"platform":"gcfv2","labels":{},"httpsTrigger":{},"entryPoint":"addUserStatus"},"trackUserSessionCreate":{"availableMemoryMb":null,"timeoutSeconds":null,"minInstances":null,"maxInstances":null,"ingressSettings":null,"concurrency":null,"serviceAccountEmail":null,"vpc":null,"platform":"gcfv2","labels":{},"eventTrigger":{"eventType":"google.firebase.database.ref.v1.created","eventFilters":{},"eventFilterPathPatterns":{"ref":"status/{userId}","instance":"*"},"retry":false},"entryPoint":"trackUserSessionCreate"},"trackUserSessionDelete":{"availableMemoryMb":null,"timeoutSeconds":null,"minInstances":null,"maxInstances":null,"ingressSettings":null,"concurrency":null,"serviceAccountEmail":null,"vpc":null,"platform":"gcfv2","labels":{},"eventTrigger":{"eventType":"google.firebase.database.ref.v1.deleted","eventFilters":{},"eventFilterPathPatterns":{"ref":"status/{userId}","instance":"*"},"retry":false},"entryPoint":"trackUserSessionDelete"},"telegramWebhook":{"availableMemoryMb":null,"timeoutSeconds":null,"minInstances":null,"maxInstances":null,"ingressSettings":null,"concurrency":null,"serviceAccountEmail":null,"vpc":null,"platform":"gcfv2","labels":{},"httpsTrigger":{},"entryPoint":"telegramWebhook"},"testScheduledFunction":{"availableMemoryMb":null,"timeoutSeconds":null,"minInstances":null,"maxInstances":null,"ingressSettings":null,"concurrency":null,"serviceAccountEmail":null,"vpc":null,"platform":"gcfv2","labels":{},"httpsTrigger":{},"entryPoint":"testScheduledFunction"},"scheduledRandomUserMedia":{"availableMemoryMb":null,"timeoutSeconds":null,"minInstances":null,"maxInstances":null,"ingressSettings":null,"concurrency":null,"serviceAccountEmail":null,"vpc":null,"platform":"gcfv2","labels":{},"scheduleTrigger":{"schedule":"every 15 minutes","retryConfig":{},"timeZone":"America/Vancouver"},"entryPoint":"scheduledRandomUserMedia"},"testSendAd":{"availableMemoryMb":null,"timeoutSeconds":null,"minInstances":null,"maxInstances":null,"ingressSettings":null,"concurrency":null,"serviceAccountEmail":null,"vpc":null,"platform":"gcfv2","labels":{},"httpsTrigger":{},"entryPoint":"testSendAd"},"scheduledSendAd":{"availableMemoryMb":null,"timeoutSeconds":null,"minInstances":null,"maxInstances":null,"ingressSettings":null,"concurrency":null,"serviceAccountEmail":null,"vpc":null,"platform":"gcfv2","labels":{},"scheduleTrigger":{"schedule":"every 1 hour","retryConfig":{},"timeZone":"America/Vancouver"},"entryPoint":"scheduledSendAd"},"resetUserCounter":{"availableMemoryMb":null,"timeoutSeconds":null,"minInstances":null,"maxInstances":null,"ingressSettings":null,"concurrency":null,"serviceAccountEmail":null,"vpc":null,"platform":"gcfv2","labels":{},"httpsTrigger":{},"entryPoint":"resetUserCounter"},"testSnapshotCycling":{"availableMemoryMb":null,"timeoutSeconds":null,"minInstances":null,"maxInstances":null,"ingressSettings":null,"concurrency":null,"serviceAccountEmail":null,"vpc":null,"platform":"gcfv2","labels":{},"httpsTrigger":{},"entryPoint":"testSnapshotCycling"},"sendHostToGroup":{"availableMemoryMb":null,"timeoutSeconds":null,"minInstances":null,"maxInstances":null,"ingressSettings":null,"concurrency":null,"serviceAccountEmail":null,"vpc":null,"platform":"gcfv2","labels":{},"httpsTrigger":{},"entryPoint":"sendHostToGroup"}},"specVersion":"v1alpha1","requiredAPIs":[{"api":"cloudscheduler.googleapis.com","reason":"Needed for scheduled functions."}],"extensions":{}}
[info] i  extensions: ensuring required API firebaseextensions.googleapis.com is enabled... 
[debug] [2025-06-30T04:23:36.540Z] Checked if tokens are valid: true, expires at: 1751260621805
[debug] [2025-06-30T04:23:36.540Z] Checked if tokens are valid: true, expires at: 1751260621805
[debug] [2025-06-30T04:23:36.540Z] >>> [apiv2][query] GET https://serviceusage.googleapis.com/v1/projects/popchatv002/services/firebaseextensions.googleapis.com [none]
[debug] [2025-06-30T04:23:36.540Z] >>> [apiv2][(partial)header] GET https://serviceusage.googleapis.com/v1/projects/popchatv002/services/firebaseextensions.googleapis.com x-goog-quota-user=projects/popchatv002
[debug] [2025-06-30T04:23:37.326Z] <<< [apiv2][status] GET https://serviceusage.googleapis.com/v1/projects/popchatv002/services/firebaseextensions.googleapis.com 200
[debug] [2025-06-30T04:23:37.326Z] <<< [apiv2][body] GET https://serviceusage.googleapis.com/v1/projects/popchatv002/services/firebaseextensions.googleapis.com [omitted]
[info] +  extensions: required API firebaseextensions.googleapis.com is enabled 
[debug] [2025-06-30T04:23:37.326Z] > command requires scopes: ["email","openid","https://www.googleapis.com/auth/cloudplatformprojects.readonly","https://www.googleapis.com/auth/firebase","https://www.googleapis.com/auth/cloud-platform"]
[debug] [2025-06-30T04:23:37.327Z] > authorizing via signed-in user (foxopenone@gmail.com)
[debug] [2025-06-30T04:23:37.327Z] [iam] checking project popchatv002 for permissions ["firebase.projects.get","firebaseextensions.instances.list"]
[debug] [2025-06-30T04:23:37.327Z] Checked if tokens are valid: true, expires at: 1751260621805
[debug] [2025-06-30T04:23:37.327Z] Checked if tokens are valid: true, expires at: 1751260621805
[debug] [2025-06-30T04:23:37.327Z] >>> [apiv2][query] POST https://cloudresourcemanager.googleapis.com/v1/projects/popchatv002:testIamPermissions [none]
[debug] [2025-06-30T04:23:37.327Z] >>> [apiv2][(partial)header] POST https://cloudresourcemanager.googleapis.com/v1/projects/popchatv002:testIamPermissions x-goog-quota-user=projects/popchatv002
[debug] [2025-06-30T04:23:37.327Z] >>> [apiv2][body] POST https://cloudresourcemanager.googleapis.com/v1/projects/popchatv002:testIamPermissions {"permissions":["firebase.projects.get","firebaseextensions.instances.list"]}
[debug] [2025-06-30T04:23:37.502Z] <<< [apiv2][status] POST https://cloudresourcemanager.googleapis.com/v1/projects/popchatv002:testIamPermissions 200
[debug] [2025-06-30T04:23:37.503Z] <<< [apiv2][body] POST https://cloudresourcemanager.googleapis.com/v1/projects/popchatv002:testIamPermissions {"permissions":["firebase.projects.get","firebaseextensions.instances.list"]}
[debug] [2025-06-30T04:23:37.503Z] Checked if tokens are valid: true, expires at: 1751260621805
[debug] [2025-06-30T04:23:37.503Z] Checked if tokens are valid: true, expires at: 1751260621805
[debug] [2025-06-30T04:23:37.503Z] >>> [apiv2][query] GET https://firebaseextensions.googleapis.com/v1beta/projects/popchatv002/instances pageSize=100&pageToken=
[debug] [2025-06-30T04:23:37.887Z] <<< [apiv2][status] GET https://firebaseextensions.googleapis.com/v1beta/projects/popchatv002/instances 200
[debug] [2025-06-30T04:23:37.888Z] <<< [apiv2][body] GET https://firebaseextensions.googleapis.com/v1beta/projects/popchatv002/instances {}
[info] i  functions: preparing functions directory for uploading... 
[info] i  functions: packaged G:\functions\functions (78.42 KB) for uploading 
[debug] [2025-06-30T04:23:37.942Z] Checked if tokens are valid: true, expires at: 1751260621805
[debug] [2025-06-30T04:23:37.942Z] Checked if tokens are valid: true, expires at: 1751260621805
[debug] [2025-06-30T04:23:37.942Z] >>> [apiv2][query] GET https://cloudfunctions.googleapis.com/v1/projects/popchatv002/locations/-/functions [none]
[debug] [2025-06-30T04:23:38.643Z] <<< [apiv2][status] GET https://cloudfunctions.googleapis.com/v1/projects/popchatv002/locations/-/functions 200
[debug] [2025-06-30T04:23:38.643Z] <<< [apiv2][body] GET https://cloudfunctions.googleapis.com/v1/projects/popchatv002/locations/-/functions {}
[debug] [2025-06-30T04:23:38.644Z] Checked if tokens are valid: true, expires at: 1751260621805
[debug] [2025-06-30T04:23:38.644Z] Checked if tokens are valid: true, expires at: 1751260621805
[debug] [2025-06-30T04:23:38.644Z] >>> [apiv2][query] GET https://cloudfunctions.googleapis.com/v2/projects/popchatv002/locations/-/functions filter=environment%3D%22GEN_2%22
[debug] [2025-06-30T04:23:39.239Z] <<< [apiv2][status] GET https://cloudfunctions.googleapis.com/v2/projects/popchatv002/locations/-/functions 200
[debug] [2025-06-30T04:23:39.239Z] <<< [apiv2][body] GET https://cloudfunctions.googleapis.com/v2/projects/popchatv002/locations/-/functions {"functions":[{"name":"projects/popchatv002/locations/us-central1/functions/writeToDatabase","buildConfig":{"build":"projects/296369449480/locations/us-central1/builds/2e9fcc7e-7ac4-48a6-a81c-1f3f46b4db9f","runtime":"nodejs22","entryPoint":"writeToDatabase","source":{"storageSource":{"bucket":"gcf-v2-sources-296369449480-us-central1","object":"writeToDatabase/function-source.zip","generation":"1751257098219640"}},"environmentVariables":{"GOOGLE_NODE_RUN_SCRIPTS":""},"dockerRepository":"projects/popchatv002/locations/us-central1/repositories/gcf-artifacts","sourceProvenance":{"resolvedStorageSource":{"bucket":"gcf-v2-sources-296369449480-us-central1","object":"writeToDatabase/function-source.zip","generation":"1751257098219640"}},"dockerRegistry":"ARTIFACT_REGISTRY","serviceAccount":"projects/popchatv002/serviceAccounts/296369449480-compute@developer.gserviceaccount.com","automaticUpdatePolicy":{}},"serviceConfig":{"service":"projects/popchatv002/locations/us-central1/services/writetodatabase","timeoutSeconds":60,"environmentVariables":{"FIREBASE_CONFIG":"{\"projectId\":\"popchatv002\",\"databaseURL\":\"https://popchatv002-default-rtdb.firebaseio.com\",\"storageBucket\":\"popchatv002.firebasestorage.app\"}","GCLOUD_PROJECT":"popchatv002","EVENTARC_CLOUD_EVENT_SOURCE":"projects/popchatv002/locations/us-central1/services/writeToDatabase","FUNCTION_TARGET":"writeToDatabase","LOG_EXECUTION_ID":"true","FUNCTION_SIGNATURE_TYPE":"http"},"maxInstanceCount":20,"ingressSettings":"ALLOW_ALL","uri":"https://writetodatabase-2zjil5azfa-uc.a.run.app","serviceAccountEmail":"296369449480-compute@developer.gserviceaccount.com","availableMemory":"256Mi","allTrafficOnLatestRevision":true,"revision":"writetodatabase-00025-lad","maxInstanceRequestConcurrency":80,"availableCpu":"1"},"state":"ACTIVE","updateTime":"2025-06-30T04:18:25.224015904Z","labels":{"deployment-tool":"cli-firebase","firebase-functions-hash":"c28c7186af76edd8980ce0372c24cb87c7ed761b"},"environment":"GEN_2","url":"https://us-central1-popchatv002.cloudfunctions.net/writeToDatabase","createTime":"2025-06-17T19:37:23.338968378Z","satisfiesPzi":true},{"name":"projects/popchatv002/locations/us-central1/functions/scheduledRandomUserMedia","buildConfig":{"build":"projects/296369449480/locations/us-central1/builds/2e9fcc7e-7ac4-48a6-a81c-1f3f46b4db9f","runtime":"nodejs22","entryPoint":"scheduledRandomUserMedia","source":{"storageSource":{"bucket":"gcf-v2-sources-296369449480-us-central1","object":"scheduledRandomUserMedia/function-source.zip","generation":"1751257099544726"}},"environmentVariables":{"GOOGLE_NODE_RUN_SCRIPTS":""},"dockerRepository":"projects/popchatv002/locations/us-central1/repositories/gcf-artifacts","sourceProvenance":{"resolvedStorageSource":{"bucket":"gcf-v2-sources-296369449480-us-central1","object":"scheduledRandomUserMedia/function-source.zip","generation":"1751257099544726"}},"dockerRegistry":"ARTIFACT_REGISTRY","serviceAccount":"projects/popchatv002/serviceAccounts/296369449480-compute@developer.gserviceaccount.com","automaticUpdatePolicy":{}},"serviceConfig":{"service":"projects/popchatv002/locations/us-central1/services/scheduledrandomusermedia","timeoutSeconds":60,"environmentVariables":{"FIREBASE_CONFIG":"{\"projectId\":\"popchatv002\",\"databaseURL\":\"https://popchatv002-default-rtdb.firebaseio.com\",\"storageBucket\":\"popchatv002.firebasestorage.app\"}","GCLOUD_PROJECT":"popchatv002","EVENTARC_CLOUD_EVENT_SOURCE":"projects/popchatv002/locations/us-central1/services/scheduledRandomUserMedia","FUNCTION_TARGET":"scheduledRandomUserMedia","LOG_EXECUTION_ID":"true","FUNCTION_SIGNATURE_TYPE":"http"},"maxInstanceCount":20,"ingressSettings":"ALLOW_ALL","uri":"https://scheduledrandomusermedia-2zjil5azfa-uc.a.run.app","serviceAccountEmail":"296369449480-compute@developer.gserviceaccount.com","availableMemory":"256Mi","allTrafficOnLatestRevision":true,"revision":"scheduledrandomusermedia-00026-jex","maxInstanceRequestConcurrency":80,"availableCpu":"1"},"state":"ACTIVE","updateTime":"2025-06-30T04:18:26.520707641Z","labels":{"firebase-functions-hash":"c28c7186af76edd8980ce0372c24cb87c7ed761b","deployment-tool":"cli-firebase","deployment-scheduled":"true"},"environment":"GEN_2","url":"https://us-central1-popchatv002.cloudfunctions.net/scheduledRandomUserMedia","createTime":"2025-06-21T04:32:02.024260916Z","satisfiesPzi":true},{"name":"projects/popchatv002/locations/us-central1/functions/trackUserSessionCreate","buildConfig":{"build":"projects/296369449480/locations/us-central1/builds/2e9fcc7e-7ac4-48a6-a81c-1f3f46b4db9f","runtime":"nodejs22","entryPoint":"trackUserSessionCreate","source":{"storageSource":{"bucket":"gcf-v2-sources-296369449480-us-central1","object":"trackUserSessionCreate/function-source.zip","generation":"1751257099505409"}},"environmentVariables":{"GOOGLE_NODE_RUN_SCRIPTS":""},"dockerRepository":"projects/popchatv002/locations/us-central1/repositories/gcf-artifacts","sourceProvenance":{"resolvedStorageSource":{"bucket":"gcf-v2-sources-296369449480-us-central1","object":"trackUserSessionCreate/function-source.zip","generation":"1751257099505409"}},"dockerRegistry":"ARTIFACT_REGISTRY","serviceAccount":"projects/popchatv002/serviceAccounts/296369449480-compute@developer.gserviceaccount.com","automaticUpdatePolicy":{}},"serviceConfig":{"service":"projects/popchatv002/locations/us-central1/services/trackusersessioncreate","timeoutSeconds":60,"environmentVariables":{"FIREBASE_CONFIG":"{\"projectId\":\"popchatv002\",\"databaseURL\":\"https://popchatv002-default-rtdb.firebaseio.com\",\"storageBucket\":\"popchatv002.firebasestorage.app\"}","GCLOUD_PROJECT":"popchatv002","EVENTARC_CLOUD_EVENT_SOURCE":"projects/popchatv002/locations/us-central1/services/trackUserSessionCreate","FUNCTION_SIGNATURE_TYPE":"cloudevent","FUNCTION_TARGET":"trackUserSessionCreate","LOG_EXECUTION_ID":"true"},"maxInstanceCount":20,"ingressSettings":"ALLOW_ALL","uri":"https://trackusersessioncreate-2zjil5azfa-uc.a.run.app","serviceAccountEmail":"296369449480-compute@developer.gserviceaccount.com","availableMemory":"256Mi","allTrafficOnLatestRevision":true,"revision":"trackusersessioncreate-00028-bey","maxInstanceRequestConcurrency":80,"availableCpu":"1"},"eventTrigger":{"trigger":"projects/popchatv002/locations/us-central1/triggers/trackusersessioncreate-981783","triggerRegion":"us-central1","eventType":"google.firebase.database.ref.v1.created","eventFilters":[{"attribute":"instance","value":"*","operator":"match-path-pattern"},{"attribute":"ref","value":"status/{userId}","operator":"match-path-pattern"}],"pubsubTopic":"projects/popchatv002/topics/eventarc-us-central1-trackusersessioncreate-981783-499","serviceAccountEmail":"296369449480-compute@developer.gserviceaccount.com","retryPolicy":"RETRY_POLICY_DO_NOT_RETRY"},"state":"ACTIVE","updateTime":"2025-06-30T04:18:26.855062361Z","labels":{"deployment-tool":"cli-firebase","firebase-functions-hash":"c28c7186af76edd8980ce0372c24cb87c7ed761b"},"environment":"GEN_2","url":"https://us-central1-popchatv002.cloudfunctions.net/trackUserSessionCreate","createTime":"2025-06-17T19:39:18.945558146Z","satisfiesPzi":true},{"name":"projects/popchatv002/locations/us-central1/functions/scheduledSendAd","buildConfig":{"build":"projects/296369449480/locations/us-central1/builds/2e9fcc7e-7ac4-48a6-a81c-1f3f46b4db9f","runtime":"nodejs22","entryPoint":"scheduledSendAd","source":{"storageSource":{"bucket":"gcf-v2-sources-296369449480-us-central1","object":"scheduledSendAd/function-source.zip","generation":"1751257099553441"}},"environmentVariables":{"GOOGLE_NODE_RUN_SCRIPTS":""},"dockerRepository":"projects/popchatv002/locations/us-central1/repositories/gcf-artifacts","sourceProvenance":{"resolvedStorageSource":{"bucket":"gcf-v2-sources-296369449480-us-central1","object":"scheduledSendAd/function-source.zip","generation":"1751257099553441"}},"dockerRegistry":"ARTIFACT_REGISTRY","serviceAccount":"projects/popchatv002/serviceAccounts/296369449480-compute@developer.gserviceaccount.com","automaticUpdatePolicy":{}},"serviceConfig":{"service":"projects/popchatv002/locations/us-central1/services/scheduledsendad","timeoutSeconds":60,"environmentVariables":{"FIREBASE_CONFIG":"{\"projectId\":\"popchatv002\",\"databaseURL\":\"https://popchatv002-default-rtdb.firebaseio.com\",\"storageBucket\":\"popchatv002.firebasestorage.app\"}","GCLOUD_PROJECT":"popchatv002","EVENTARC_CLOUD_EVENT_SOURCE":"projects/popchatv002/locations/us-central1/services/scheduledSendAd","FUNCTION_TARGET":"scheduledSendAd","LOG_EXECUTION_ID":"true","FUNCTION_SIGNATURE_TYPE":"http"},"maxInstanceCount":20,"ingressSettings":"ALLOW_ALL","uri":"https://scheduledsendad-2zjil5azfa-uc.a.run.app","serviceAccountEmail":"296369449480-compute@developer.gserviceaccount.com","availableMemory":"256Mi","allTrafficOnLatestRevision":true,"revision":"scheduledsendad-00017-zet","maxInstanceRequestConcurrency":80,"availableCpu":"1"},"state":"ACTIVE","updateTime":"2025-06-30T04:18:27.370379229Z","labels":{"deployment-tool":"cli-firebase","deployment-scheduled":"true","firebase-functions-hash":"c28c7186af76edd8980ce0372c24cb87c7ed761b"},"environment":"GEN_2","url":"https://us-central1-popchatv002.cloudfunctions.net/scheduledSendAd","createTime":"2025-06-21T22:10:43.266811237Z","satisfiesPzi":true},{"name":"projects/popchatv002/locations/us-central1/functions/addUserStatus","buildConfig":{"build":"projects/296369449480/locations/us-central1/builds/2e9fcc7e-7ac4-48a6-a81c-1f3f46b4db9f","runtime":"nodejs22","entryPoint":"addUserStatus","source":{"storageSource":{"bucket":"gcf-v2-sources-296369449480-us-central1","object":"addUserStatus/function-source.zip","generation":"1751257099523851"}},"environmentVariables":{"GOOGLE_NODE_RUN_SCRIPTS":""},"dockerRepository":"projects/popchatv002/locations/us-central1/repositories/gcf-artifacts","sourceProvenance":{"resolvedStorageSource":{"bucket":"gcf-v2-sources-296369449480-us-central1","object":"addUserStatus/function-source.zip","generation":"1751257099523851"}},"dockerRegistry":"ARTIFACT_REGISTRY","serviceAccount":"projects/popchatv002/serviceAccounts/296369449480-compute@developer.gserviceaccount.com","automaticUpdatePolicy":{}},"serviceConfig":{"service":"projects/popchatv002/locations/us-central1/services/adduserstatus","timeoutSeconds":60,"environmentVariables":{"FIREBASE_CONFIG":"{\"projectId\":\"popchatv002\",\"databaseURL\":\"https://popchatv002-default-rtdb.firebaseio.com\",\"storageBucket\":\"popchatv002.firebasestorage.app\"}","GCLOUD_PROJECT":"popchatv002","EVENTARC_CLOUD_EVENT_SOURCE":"projects/popchatv002/locations/us-central1/services/addUserStatus","FUNCTION_TARGET":"addUserStatus","LOG_EXECUTION_ID":"true","FUNCTION_SIGNATURE_TYPE":"http"},"maxInstanceCount":20,"ingressSettings":"ALLOW_ALL","uri":"https://adduserstatus-2zjil5azfa-uc.a.run.app","serviceAccountEmail":"296369449480-compute@developer.gserviceaccount.com","availableMemory":"256Mi","allTrafficOnLatestRevision":true,"revision":"adduserstatus-00026-fix","maxInstanceRequestConcurrency":80,"availableCpu":"1"},"state":"ACTIVE","updateTime":"2025-06-30T04:18:26.392418126Z","labels":{"firebase-functions-hash":"c28c7186af76edd8980ce0372c24cb87c7ed761b","deployment-tool":"cli-firebase"},"environment":"GEN_2","url":"https://us-central1-popchatv002.cloudfunctions.net/addUserStatus","createTime":"2025-06-17T19:37:23.629484826Z","satisfiesPzi":true},{"name":"projects/popchatv002/locations/us-central1/functions/testHttpFunction","buildConfig":{"build":"projects/296369449480/locations/us-central1/builds/2e9fcc7e-7ac4-48a6-a81c-1f3f46b4db9f","runtime":"nodejs22","entryPoint":"testHttpFunction","source":{"storageSource":{"bucket":"gcf-v2-sources-296369449480-us-central1","object":"testHttpFunction/function-source.zip","generation":"1751257038130210"}},"environmentVariables":{"GOOGLE_NODE_RUN_SCRIPTS":""},"dockerRepository":"projects/popchatv002/locations/us-central1/repositories/gcf-artifacts","sourceProvenance":{"resolvedStorageSource":{"bucket":"gcf-v2-sources-296369449480-us-central1","object":"testHttpFunction/function-source.zip","generation":"1751257038130210"}},"dockerRegistry":"ARTIFACT_REGISTRY","serviceAccount":"projects/popchatv002/serviceAccounts/296369449480-compute@developer.gserviceaccount.com","automaticUpdatePolicy":{}},"serviceConfig":{"service":"projects/popchatv002/locations/us-central1/services/testhttpfunction","timeoutSeconds":60,"environmentVariables":{"FIREBASE_CONFIG":"{\"projectId\":\"popchatv002\",\"databaseURL\":\"https://popchatv002-default-rtdb.firebaseio.com\",\"storageBucket\":\"popchatv002.firebasestorage.app\"}","GCLOUD_PROJECT":"popchatv002","EVENTARC_CLOUD_EVENT_SOURCE":"projects/popchatv002/locations/us-central1/services/testHttpFunction","FUNCTION_TARGET":"testHttpFunction","LOG_EXECUTION_ID":"true","FUNCTION_SIGNATURE_TYPE":"http"},"maxInstanceCount":20,"ingressSettings":"ALLOW_ALL","uri":"https://testhttpfunction-2zjil5azfa-uc.a.run.app","serviceAccountEmail":"296369449480-compute@developer.gserviceaccount.com","availableMemory":"256Mi","allTrafficOnLatestRevision":true,"revision":"testhttpfunction-00025-siz","maxInstanceRequestConcurrency":80,"availableCpu":"1"},"state":"ACTIVE","updateTime":"2025-06-30T04:18:20.761734931Z","labels":{"deployment-tool":"cli-firebase","firebase-functions-hash":"c28c7186af76edd8980ce0372c24cb87c7ed761b"},"environment":"GEN_2","url":"https://us-central1-popchatv002.cloudfunctions.net/testHttpFunction","createTime":"2025-06-17T19:36:02.735230980Z","satisfiesPzi":true},{"name":"projects/popchatv002/locations/us-central1/functions/resetUserCounter","buildConfig":{"build":"projects/296369449480/locations/us-central1/builds/2e9fcc7e-7ac4-48a6-a81c-1f3f46b4db9f","runtime":"nodejs22","entryPoint":"resetUserCounter","source":{"storageSource":{"bucket":"gcf-v2-sources-296369449480-us-central1","object":"resetUserCounter/function-source.zip","generation":"1751257099518160"}},"environmentVariables":{"GOOGLE_NODE_RUN_SCRIPTS":""},"dockerRepository":"projects/popchatv002/locations/us-central1/repositories/gcf-artifacts","sourceProvenance":{"resolvedStorageSource":{"bucket":"gcf-v2-sources-296369449480-us-central1","object":"resetUserCounter/function-source.zip","generation":"1751257099518160"}},"dockerRegistry":"ARTIFACT_REGISTRY","serviceAccount":"projects/popchatv002/serviceAccounts/296369449480-compute@developer.gserviceaccount.com","automaticUpdatePolicy":{}},"serviceConfig":{"service":"projects/popchatv002/locations/us-central1/services/resetusercounter","timeoutSeconds":60,"environmentVariables":{"FIREBASE_CONFIG":"{\"projectId\":\"popchatv002\",\"databaseURL\":\"https://popchatv002-default-rtdb.firebaseio.com\",\"storageBucket\":\"popchatv002.firebasestorage.app\"}","GCLOUD_PROJECT":"popchatv002","EVENTARC_CLOUD_EVENT_SOURCE":"projects/popchatv002/locations/us-central1/services/resetUserCounter","FUNCTION_TARGET":"resetUserCounter","LOG_EXECUTION_ID":"true","FUNCTION_SIGNATURE_TYPE":"http"},"maxInstanceCount":20,"ingressSettings":"ALLOW_ALL","uri":"https://resetusercounter-2zjil5azfa-uc.a.run.app","serviceAccountEmail":"296369449480-compute@developer.gserviceaccount.com","availableMemory":"256Mi","allTrafficOnLatestRevision":true,"revision":"resetusercounter-00014-cef","maxInstanceRequestConcurrency":80,"availableCpu":"1"},"state":"ACTIVE","updateTime":"2025-06-30T04:18:26.342728452Z","labels":{"deployment-tool":"cli-firebase","firebase-functions-hash":"c28c7186af76edd8980ce0372c24cb87c7ed761b"},"environment":"GEN_2","url":"https://us-central1-popchatv002.cloudfunctions.net/resetUserCounter","createTime":"2025-06-22T01:53:00.190865676Z","satisfiesPzi":true},{"name":"projects/popchatv002/locations/us-central1/functions/testSendAd","buildConfig":{"build":"projects/296369449480/locations/us-central1/builds/2e9fcc7e-7ac4-48a6-a81c-1f3f46b4db9f","runtime":"nodejs22","entryPoint":"testSendAd","source":{"storageSource":{"bucket":"gcf-v2-sources-296369449480-us-central1","object":"testSendAd/function-source.zip","generation":"1751257099645799"}},"environmentVariables":{"GOOGLE_NODE_RUN_SCRIPTS":""},"dockerRepository":"projects/popchatv002/locations/us-central1/repositories/gcf-artifacts","sourceProvenance":{"resolvedStorageSource":{"bucket":"gcf-v2-sources-296369449480-us-central1","object":"testSendAd/function-source.zip","generation":"1751257099645799"}},"dockerRegistry":"ARTIFACT_REGISTRY","serviceAccount":"projects/popchatv002/serviceAccounts/296369449480-compute@developer.gserviceaccount.com","automaticUpdatePolicy":{}},"serviceConfig":{"service":"projects/popchatv002/locations/us-central1/services/testsendad","timeoutSeconds":60,"environmentVariables":{"FIREBASE_CONFIG":"{\"projectId\":\"popchatv002\",\"databaseURL\":\"https://popchatv002-default-rtdb.firebaseio.com\",\"storageBucket\":\"popchatv002.firebasestorage.app\"}","GCLOUD_PROJECT":"popchatv002","EVENTARC_CLOUD_EVENT_SOURCE":"projects/popchatv002/locations/us-central1/services/testSendAd","FUNCTION_TARGET":"testSendAd","LOG_EXECUTION_ID":"true","FUNCTION_SIGNATURE_TYPE":"http"},"maxInstanceCount":20,"ingressSettings":"ALLOW_ALL","uri":"https://testsendad-2zjil5azfa-uc.a.run.app","serviceAccountEmail":"296369449480-compute@developer.gserviceaccount.com","availableMemory":"256Mi","allTrafficOnLatestRevision":true,"revision":"testsendad-00017-viq","maxInstanceRequestConcurrency":80,"availableCpu":"1"},"state":"ACTIVE","updateTime":"2025-06-30T04:18:26.951434184Z","labels":{"firebase-functions-hash":"c28c7186af76edd8980ce0372c24cb87c7ed761b","deployment-tool":"cli-firebase"},"environment":"GEN_2","url":"https://us-central1-popchatv002.cloudfunctions.net/testSendAd","createTime":"2025-06-21T22:10:41.832646806Z","satisfiesPzi":true},{"name":"projects/popchatv002/locations/us-central1/functions/telegramWebhook","buildConfig":{"build":"projects/296369449480/locations/us-central1/builds/2e9fcc7e-7ac4-48a6-a81c-1f3f46b4db9f","runtime":"nodejs22","entryPoint":"telegramWebhook","source":{"storageSource":{"bucket":"gcf-v2-sources-296369449480-us-central1","object":"telegramWebhook/function-source.zip","generation":"1751257099563488"}},"environmentVariables":{"GOOGLE_NODE_RUN_SCRIPTS":""},"dockerRepository":"projects/popchatv002/locations/us-central1/repositories/gcf-artifacts","sourceProvenance":{"resolvedStorageSource":{"bucket":"gcf-v2-sources-296369449480-us-central1","object":"telegramWebhook/function-source.zip","generation":"1751257099563488"}},"dockerRegistry":"ARTIFACT_REGISTRY","serviceAccount":"projects/popchatv002/serviceAccounts/296369449480-compute@developer.gserviceaccount.com","automaticUpdatePolicy":{}},"serviceConfig":{"service":"projects/popchatv002/locations/us-central1/services/telegramwebhook","timeoutSeconds":60,"environmentVariables":{"FIREBASE_CONFIG":"{\"projectId\":\"popchatv002\",\"databaseURL\":\"https://popchatv002-default-rtdb.firebaseio.com\",\"storageBucket\":\"popchatv002.firebasestorage.app\"}","GCLOUD_PROJECT":"popchatv002","EVENTARC_CLOUD_EVENT_SOURCE":"projects/popchatv002/locations/us-central1/services/telegramWebhook","FUNCTION_TARGET":"telegramWebhook","LOG_EXECUTION_ID":"true","FUNCTION_SIGNATURE_TYPE":"http"},"maxInstanceCount":20,"ingressSettings":"ALLOW_ALL","uri":"https://telegramwebhook-2zjil5azfa-uc.a.run.app","serviceAccountEmail":"296369449480-compute@developer.gserviceaccount.com","availableMemory":"256Mi","allTrafficOnLatestRevision":true,"revision":"telegramwebhook-00012-rig","maxInstanceRequestConcurrency":80,"availableCpu":"1"},"state":"ACTIVE","updateTime":"2025-06-30T04:18:26.651758326Z","labels":{"firebase-functions-hash":"c28c7186af76edd8980ce0372c24cb87c7ed761b","deployment-tool":"cli-firebase"},"environment":"GEN_2","url":"https://us-central1-popchatv002.cloudfunctions.net/telegramWebhook","createTime":"2025-06-24T19:41:30.679763849Z","satisfiesPzi":true},{"name":"projects/popchatv002/locations/us-central1/functions/testSnapshotCycling","buildConfig":{"build":"projects/296369449480/locations/us-central1/builds/2e9fcc7e-7ac4-48a6-a81c-1f3f46b4db9f","runtime":"nodejs22","entryPoint":"testSnapshotCycling","source":{"storageSource":{"bucket":"gcf-v2-sources-296369449480-us-central1","object":"testSnapshotCycling/function-source.zip","generation":"1751257099513117"}},"environmentVariables":{"GOOGLE_NODE_RUN_SCRIPTS":""},"dockerRepository":"projects/popchatv002/locations/us-central1/repositories/gcf-artifacts","sourceProvenance":{"resolvedStorageSource":{"bucket":"gcf-v2-sources-296369449480-us-central1","object":"testSnapshotCycling/function-source.zip","generation":"1751257099513117"}},"dockerRegistry":"ARTIFACT_REGISTRY","serviceAccount":"projects/popchatv002/serviceAccounts/296369449480-compute@developer.gserviceaccount.com","automaticUpdatePolicy":{}},"serviceConfig":{"service":"projects/popchatv002/locations/us-central1/services/testsnapshotcycling","timeoutSeconds":60,"environmentVariables":{"FIREBASE_CONFIG":"{\"projectId\":\"popchatv002\",\"databaseURL\":\"https://popchatv002-default-rtdb.firebaseio.com\",\"storageBucket\":\"popchatv002.firebasestorage.app\"}","GCLOUD_PROJECT":"popchatv002","EVENTARC_CLOUD_EVENT_SOURCE":"projects/popchatv002/locations/us-central1/services/testSnapshotCycling","FUNCTION_TARGET":"testSnapshotCycling","LOG_EXECUTION_ID":"true","FUNCTION_SIGNATURE_TYPE":"http"},"maxInstanceCount":20,"ingressSettings":"ALLOW_ALL","uri":"https://testsnapshotcycling-2zjil5azfa-uc.a.run.app","serviceAccountEmail":"296369449480-compute@developer.gserviceaccount.com","availableMemory":"256Mi","allTrafficOnLatestRevision":true,"revision":"testsnapshotcycling-00013-ses","maxInstanceRequestConcurrency":80,"availableCpu":"1"},"state":"ACTIVE","updateTime":"2025-06-30T04:18:26.812368483Z","labels":{"firebase-functions-hash":"c28c7186af76edd8980ce0372c24cb87c7ed761b","deployment-tool":"cli-firebase"},"environment":"GEN_2","url":"https://us-central1-popchatv002.cloudfunctions.net/testSnapshotCycling","createTime":"2025-06-22T22:30:55.378111908Z","satisfiesPzi":true},{"name":"projects/popchatv002/locations/us-central1/functions/trackUserSessionDelete","buildConfig":{"build":"projects/296369449480/locations/us-central1/builds/2e9fcc7e-7ac4-48a6-a81c-1f3f46b4db9f","runtime":"nodejs22","entryPoint":"trackUserSessionDelete","source":{"storageSource":{"bucket":"gcf-v2-sources-296369449480-us-central1","object":"trackUserSessionDelete/function-source.zip","generation":"1751257099512193"}},"environmentVariables":{"GOOGLE_NODE_RUN_SCRIPTS":""},"dockerRepository":"projects/popchatv002/locations/us-central1/repositories/gcf-artifacts","sourceProvenance":{"resolvedStorageSource":{"bucket":"gcf-v2-sources-296369449480-us-central1","object":"trackUserSessionDelete/function-source.zip","generation":"1751257099512193"}},"dockerRegistry":"ARTIFACT_REGISTRY","serviceAccount":"projects/popchatv002/serviceAccounts/296369449480-compute@developer.gserviceaccount.com","automaticUpdatePolicy":{}},"serviceConfig":{"service":"projects/popchatv002/locations/us-central1/services/trackusersessiondelete","timeoutSeconds":60,"environmentVariables":{"FIREBASE_CONFIG":"{\"projectId\":\"popchatv002\",\"databaseURL\":\"https://popchatv002-default-rtdb.firebaseio.com\",\"storageBucket\":\"popchatv002.firebasestorage.app\"}","GCLOUD_PROJECT":"popchatv002","EVENTARC_CLOUD_EVENT_SOURCE":"projects/popchatv002/locations/us-central1/services/trackUserSessionDelete","FUNCTION_SIGNATURE_TYPE":"cloudevent","FUNCTION_TARGET":"trackUserSessionDelete","LOG_EXECUTION_ID":"true"},"maxInstanceCount":20,"ingressSettings":"ALLOW_ALL","uri":"https://trackusersessiondelete-2zjil5azfa-uc.a.run.app","serviceAccountEmail":"296369449480-compute@developer.gserviceaccount.com","availableMemory":"256Mi","allTrafficOnLatestRevision":true,"revision":"trackusersessiondelete-00029-boj","maxInstanceRequestConcurrency":80,"availableCpu":"1"},"eventTrigger":{"trigger":"projects/popchatv002/locations/us-central1/triggers/trackusersessiondelete-166122","triggerRegion":"us-central1","eventType":"google.firebase.database.ref.v1.deleted","eventFilters":[{"attribute":"ref","value":"status/{userId}","operator":"match-path-pattern"},{"attribute":"instance","value":"*","operator":"match-path-pattern"}],"pubsubTopic":"projects/popchatv002/topics/eventarc-us-central1-trackusersessiondelete-166122-935","serviceAccountEmail":"296369449480-compute@developer.gserviceaccount.com","retryPolicy":"RETRY_POLICY_DO_NOT_RETRY"},"state":"ACTIVE","updateTime":"2025-06-30T04:18:27.396554508Z","labels":{"deployment-tool":"cli-firebase","firebase-functions-hash":"c28c7186af76edd8980ce0372c24cb87c7ed761b"},"environment":"GEN_2","url":"https://us-central1-popchatv002.cloudfunctions.net/trackUserSessionDelete","createTime":"2025-06-17T19:40:19.047353904Z","satisfiesPzi":true},{"name":"projects/popchatv002/locations/us-central1/functions/testScheduledFunction","buildConfig":{"build":"projects/296369449480/locations/us-central1/builds/2e9fcc7e-7ac4-48a6-a81c-1f3f46b4db9f","runtime":"nodejs22","entryPoint":"testScheduledFunction","source":{"storageSource":{"bucket":"gcf-v2-sources-296369449480-us-central1","object":"testScheduledFunction/function-source.zip","generation":"1751257099559976"}},"environmentVariables":{"GOOGLE_NODE_RUN_SCRIPTS":""},"dockerRepository":"projects/popchatv002/locations/us-central1/repositories/gcf-artifacts","sourceProvenance":{"resolvedStorageSource":{"bucket":"gcf-v2-sources-296369449480-us-central1","object":"testScheduledFunction/function-source.zip","generation":"1751257099559976"}},"dockerRegistry":"ARTIFACT_REGISTRY","serviceAccount":"projects/popchatv002/serviceAccounts/296369449480-compute@developer.gserviceaccount.com","automaticUpdatePolicy":{}},"serviceConfig":{"service":"projects/popchatv002/locations/us-central1/services/testscheduledfunction","timeoutSeconds":60,"environmentVariables":{"FIREBASE_CONFIG":"{\"projectId\":\"popchatv002\",\"databaseURL\":\"https://popchatv002-default-rtdb.firebaseio.com\",\"storageBucket\":\"popchatv002.firebasestorage.app\"}","GCLOUD_PROJECT":"popchatv002","EVENTARC_CLOUD_EVENT_SOURCE":"projects/popchatv002/locations/us-central1/services/testScheduledFunction","FUNCTION_TARGET":"testScheduledFunction","LOG_EXECUTION_ID":"true","FUNCTION_SIGNATURE_TYPE":"http"},"maxInstanceCount":20,"ingressSettings":"ALLOW_ALL","uri":"https://testscheduledfunction-2zjil5azfa-uc.a.run.app","serviceAccountEmail":"296369449480-compute@developer.gserviceaccount.com","availableMemory":"256Mi","allTrafficOnLatestRevision":true,"revision":"testscheduledfunction-00024-xin","maxInstanceRequestConcurrency":80,"availableCpu":"1"},"state":"ACTIVE","updateTime":"2025-06-30T04:18:27.212129310Z","labels":{"deployment-tool":"cli-firebase","firebase-functions-hash":"c28c7186af76edd8980ce0372c24cb87c7ed761b"},"environment":"GEN_2","url":"https://us-central1-popchatv002.cloudfunctions.net/testScheduledFunction","createTime":"2025-06-21T04:32:01.974969722Z","satisfiesPzi":true},{"name":"projects/popchatv002/locations/us-central1/functions/sendHostToGroup","buildConfig":{"build":"projects/296369449480/locations/us-central1/builds/2e9fcc7e-7ac4-48a6-a81c-1f3f46b4db9f","runtime":"nodejs22","entryPoint":"sendHostToGroup","source":{"storageSource":{"bucket":"gcf-v2-sources-296369449480-us-central1","object":"sendHostToGroup/function-source.zip","generation":"1751257099576409"}},"environmentVariables":{"GOOGLE_NODE_RUN_SCRIPTS":""},"dockerRepository":"projects/popchatv002/locations/us-central1/repositories/gcf-artifacts","sourceProvenance":{"resolvedStorageSource":{"bucket":"gcf-v2-sources-296369449480-us-central1","object":"sendHostToGroup/function-source.zip","generation":"1751257099576409"}},"dockerRegistry":"ARTIFACT_REGISTRY","serviceAccount":"projects/popchatv002/serviceAccounts/296369449480-compute@developer.gserviceaccount.com","automaticUpdatePolicy":{}},"serviceConfig":{"service":"projects/popchatv002/locations/us-central1/services/sendhosttogroup","timeoutSeconds":60,"environmentVariables":{"FIREBASE_CONFIG":"{\"projectId\":\"popchatv002\",\"databaseURL\":\"https://popchatv002-default-rtdb.firebaseio.com\",\"storageBucket\":\"popchatv002.firebasestorage.app\"}","GCLOUD_PROJECT":"popchatv002","EVENTARC_CLOUD_EVENT_SOURCE":"projects/popchatv002/locations/us-central1/services/sendHostToGroup","FUNCTION_TARGET":"sendHostToGroup","LOG_EXECUTION_ID":"true","FUNCTION_SIGNATURE_TYPE":"http"},"maxInstanceCount":20,"ingressSettings":"ALLOW_ALL","uri":"https://sendhosttogroup-2zjil5azfa-uc.a.run.app","serviceAccountEmail":"296369449480-compute@developer.gserviceaccount.com","availableMemory":"256Mi","allTrafficOnLatestRevision":true,"revision":"sendhosttogroup-00023-viy","maxInstanceRequestConcurrency":80,"availableCpu":"1"},"state":"ACTIVE","updateTime":"2025-06-30T04:18:27.936859170Z","labels":{"deployment-tool":"cli-firebase","firebase-functions-hash":"c28c7186af76edd8980ce0372c24cb87c7ed761b"},"environment":"GEN_2","url":"https://us-central1-popchatv002.cloudfunctions.net/sendHostToGroup","createTime":"2025-06-21T04:32:01.651931084Z","satisfiesPzi":true}]}
[info] i  functions: ensuring required API cloudscheduler.googleapis.com is enabled... 
[debug] [2025-06-30T04:23:39.243Z] Checked if tokens are valid: true, expires at: 1751260621805
[debug] [2025-06-30T04:23:39.243Z] Checked if tokens are valid: true, expires at: 1751260621805
[debug] [2025-06-30T04:23:39.244Z] >>> [apiv2][query] GET https://serviceusage.googleapis.com/v1/projects/296369449480/services/cloudscheduler.googleapis.com [none]
[debug] [2025-06-30T04:23:39.244Z] >>> [apiv2][(partial)header] GET https://serviceusage.googleapis.com/v1/projects/296369449480/services/cloudscheduler.googleapis.com x-goog-quota-user=projects/296369449480
[debug] [2025-06-30T04:23:39.371Z] <<< [apiv2][status] GET https://serviceusage.googleapis.com/v1/projects/296369449480/services/cloudscheduler.googleapis.com 200
[debug] [2025-06-30T04:23:39.371Z] <<< [apiv2][body] GET https://serviceusage.googleapis.com/v1/projects/296369449480/services/cloudscheduler.googleapis.com [omitted]
[info] +  functions: required API cloudscheduler.googleapis.com is enabled 
[info] i  functions: ensuring required API run.googleapis.com is enabled... 
[debug] [2025-06-30T04:23:39.372Z] Checked if tokens are valid: true, expires at: 1751260621805
[debug] [2025-06-30T04:23:39.372Z] Checked if tokens are valid: true, expires at: 1751260621805
[info] i  functions: ensuring required API eventarc.googleapis.com is enabled... 
[debug] [2025-06-30T04:23:39.372Z] Checked if tokens are valid: true, expires at: 1751260621805
[debug] [2025-06-30T04:23:39.372Z] Checked if tokens are valid: true, expires at: 1751260621805
[info] i  functions: ensuring required API pubsub.googleapis.com is enabled... 
[debug] [2025-06-30T04:23:39.373Z] Checked if tokens are valid: true, expires at: 1751260621805
[debug] [2025-06-30T04:23:39.373Z] Checked if tokens are valid: true, expires at: 1751260621805
[info] i  functions: ensuring required API storage.googleapis.com is enabled... 
[debug] [2025-06-30T04:23:39.373Z] Checked if tokens are valid: true, expires at: 1751260621805
[debug] [2025-06-30T04:23:39.373Z] Checked if tokens are valid: true, expires at: 1751260621805
[debug] [2025-06-30T04:23:39.373Z] >>> [apiv2][query] GET https://serviceusage.googleapis.com/v1/projects/296369449480/services/run.googleapis.com [none]
[debug] [2025-06-30T04:23:39.373Z] >>> [apiv2][(partial)header] GET https://serviceusage.googleapis.com/v1/projects/296369449480/services/run.googleapis.com x-goog-quota-user=projects/296369449480
[debug] [2025-06-30T04:23:39.373Z] >>> [apiv2][query] GET https://serviceusage.googleapis.com/v1/projects/296369449480/services/eventarc.googleapis.com [none]
[debug] [2025-06-30T04:23:39.373Z] >>> [apiv2][(partial)header] GET https://serviceusage.googleapis.com/v1/projects/296369449480/services/eventarc.googleapis.com x-goog-quota-user=projects/296369449480
[debug] [2025-06-30T04:23:39.375Z] >>> [apiv2][query] GET https://serviceusage.googleapis.com/v1/projects/296369449480/services/pubsub.googleapis.com [none]
[debug] [2025-06-30T04:23:39.375Z] >>> [apiv2][(partial)header] GET https://serviceusage.googleapis.com/v1/projects/296369449480/services/pubsub.googleapis.com x-goog-quota-user=projects/296369449480
[debug] [2025-06-30T04:23:39.376Z] >>> [apiv2][query] GET https://serviceusage.googleapis.com/v1/projects/296369449480/services/storage.googleapis.com [none]
[debug] [2025-06-30T04:23:39.376Z] >>> [apiv2][(partial)header] GET https://serviceusage.googleapis.com/v1/projects/296369449480/services/storage.googleapis.com x-goog-quota-user=projects/296369449480
[debug] [2025-06-30T04:23:39.623Z] <<< [apiv2][status] GET https://serviceusage.googleapis.com/v1/projects/296369449480/services/run.googleapis.com 200
[debug] [2025-06-30T04:23:39.623Z] <<< [apiv2][body] GET https://serviceusage.googleapis.com/v1/projects/296369449480/services/run.googleapis.com [omitted]
[info] +  functions: required API run.googleapis.com is enabled 
[debug] [2025-06-30T04:23:39.981Z] <<< [apiv2][status] GET https://serviceusage.googleapis.com/v1/projects/296369449480/services/eventarc.googleapis.com 200
[debug] [2025-06-30T04:23:39.981Z] <<< [apiv2][body] GET https://serviceusage.googleapis.com/v1/projects/296369449480/services/eventarc.googleapis.com [omitted]
[info] +  functions: required API eventarc.googleapis.com is enabled 
[debug] [2025-06-30T04:23:39.988Z] <<< [apiv2][status] GET https://serviceusage.googleapis.com/v1/projects/296369449480/services/pubsub.googleapis.com 200
[debug] [2025-06-30T04:23:39.988Z] <<< [apiv2][body] GET https://serviceusage.googleapis.com/v1/projects/296369449480/services/pubsub.googleapis.com [omitted]
[info] +  functions: required API pubsub.googleapis.com is enabled 
[debug] [2025-06-30T04:23:40.030Z] <<< [apiv2][status] GET https://serviceusage.googleapis.com/v1/projects/296369449480/services/storage.googleapis.com 200
[debug] [2025-06-30T04:23:40.030Z] <<< [apiv2][body] GET https://serviceusage.googleapis.com/v1/projects/296369449480/services/storage.googleapis.com [omitted]
[info] +  functions: required API storage.googleapis.com is enabled 
[info] i  functions: generating the service identity for pubsub.googleapis.com... 
[debug] [2025-06-30T04:23:40.031Z] Checked if tokens are valid: true, expires at: 1751260621805
[debug] [2025-06-30T04:23:40.031Z] Checked if tokens are valid: true, expires at: 1751260621805
[info] i  functions: generating the service identity for eventarc.googleapis.com... 
[debug] [2025-06-30T04:23:40.031Z] Checked if tokens are valid: true, expires at: 1751260621805
[debug] [2025-06-30T04:23:40.031Z] Checked if tokens are valid: true, expires at: 1751260621805
[debug] [2025-06-30T04:23:40.031Z] >>> [apiv2][query] POST https://serviceusage.googleapis.com/v1beta1/projects/296369449480/services/pubsub.googleapis.com:generateServiceIdentity [none]
[debug] [2025-06-30T04:23:40.032Z] >>> [apiv2][query] POST https://serviceusage.googleapis.com/v1beta1/projects/296369449480/services/eventarc.googleapis.com:generateServiceIdentity [none]
[debug] [2025-06-30T04:23:40.458Z] <<< [apiv2][status] POST https://serviceusage.googleapis.com/v1beta1/projects/296369449480/services/pubsub.googleapis.com:generateServiceIdentity 200
[debug] [2025-06-30T04:23:40.458Z] <<< [apiv2][body] POST https://serviceusage.googleapis.com/v1beta1/projects/296369449480/services/pubsub.googleapis.com:generateServiceIdentity {"name":"operations/finished.DONE_OPERATION","done":true,"response":{"@type":"type.googleapis.com/google.api.serviceusage.v1beta1.ServiceIdentity","email":"service-296369449480@gcp-sa-pubsub.iam.gserviceaccount.com","uniqueId":"107489986855535891790"}}
[debug] [2025-06-30T04:23:40.505Z] <<< [apiv2][status] POST https://serviceusage.googleapis.com/v1beta1/projects/296369449480/services/eventarc.googleapis.com:generateServiceIdentity 200
[debug] [2025-06-30T04:23:40.505Z] <<< [apiv2][body] POST https://serviceusage.googleapis.com/v1beta1/projects/296369449480/services/eventarc.googleapis.com:generateServiceIdentity {"name":"operations/finished.DONE_OPERATION","done":true,"response":{"@type":"type.googleapis.com/google.api.serviceusage.v1beta1.ServiceIdentity","email":"service-296369449480@gcp-sa-eventarc.iam.gserviceaccount.com","uniqueId":"100085071243011821809"}}
[debug] [2025-06-30T04:23:40.507Z] Checked if tokens are valid: true, expires at: 1751260621805
[debug] [2025-06-30T04:23:40.507Z] Checked if tokens are valid: true, expires at: 1751260621805
[debug] [2025-06-30T04:23:40.508Z] >>> [apiv2][query] GET https://serviceusage.googleapis.com/v1/projects/popchatv002/services/cloudresourcemanager.googleapis.com [none]
[debug] [2025-06-30T04:23:40.508Z] >>> [apiv2][(partial)header] GET https://serviceusage.googleapis.com/v1/projects/popchatv002/services/cloudresourcemanager.googleapis.com x-goog-quota-user=projects/popchatv002
[debug] [2025-06-30T04:23:40.643Z] <<< [apiv2][status] GET https://serviceusage.googleapis.com/v1/projects/popchatv002/services/cloudresourcemanager.googleapis.com 200
[debug] [2025-06-30T04:23:40.643Z] <<< [apiv2][body] GET https://serviceusage.googleapis.com/v1/projects/popchatv002/services/cloudresourcemanager.googleapis.com [omitted]
[debug] [2025-06-30T04:23:40.643Z] Checked if tokens are valid: true, expires at: 1751260621805
[debug] [2025-06-30T04:23:40.643Z] Checked if tokens are valid: true, expires at: 1751260621805
[debug] [2025-06-30T04:23:40.644Z] >>> [apiv2][query] GET https://cloudresourcemanager.googleapis.com/v1/projects/popchatv002 [none]
[debug] [2025-06-30T04:23:40.722Z] <<< [apiv2][status] GET https://cloudresourcemanager.googleapis.com/v1/projects/popchatv002 200
[debug] [2025-06-30T04:23:40.722Z] <<< [apiv2][body] GET https://cloudresourcemanager.googleapis.com/v1/projects/popchatv002 {"projectNumber":"296369449480","projectId":"popchatv002","lifecycleState":"ACTIVE","name":"popchatv002","labels":{"firebase":"enabled"},"createTime":"2024-08-28T01:10:41.404402Z"}
[debug] [2025-06-30T04:23:40.722Z] Checked if tokens are valid: true, expires at: 1751260621805
[debug] [2025-06-30T04:23:40.722Z] Checked if tokens are valid: true, expires at: 1751260621805
[debug] [2025-06-30T04:23:40.722Z] >>> [apiv2][query] GET https://compute.googleapis.com/compute/v1/projects/296369449480 [none]
[debug] [2025-06-30T04:23:41.060Z] <<< [apiv2][status] GET https://compute.googleapis.com/compute/v1/projects/296369449480 200
[debug] [2025-06-30T04:23:41.060Z] <<< [apiv2][body] GET https://compute.googleapis.com/compute/v1/projects/296369449480 {"kind":"compute#project","id":"3646593096174360145","creationTimestamp":"2024-12-28T22:14:22.648-08:00","name":"popchatv002","commonInstanceMetadata":{"kind":"compute#metadata","fingerprint":"PDiT42wIYa4="},"quotas":[{"metric":"SNAPSHOTS","limit":1000,"usage":0},{"metric":"NETWORKS","limit":5,"usage":1},{"metric":"FIREWALLS","limit":100,"usage":4},{"metric":"IMAGES","limit":100,"usage":0},{"metric":"STATIC_ADDRESSES","limit":8,"usage":0},{"metric":"ROUTES","limit":200,"usage":0},{"metric":"FORWARDING_RULES","limit":15,"usage":0},{"metric":"TARGET_POOLS","limit":50,"usage":0},{"metric":"HEALTH_CHECKS","limit":75,"usage":0},{"metric":"IN_USE_ADDRESSES","limit":8,"usage":0},{"metric":"TARGET_INSTANCES","limit":50,"usage":0},{"metric":"TARGET_HTTP_PROXIES","limit":10,"usage":0},{"metric":"URL_MAPS","limit":10,"usage":0},{"metric":"BACKEND_SERVICES","limit":50,"usage":0},{"metric":"INSTANCE_TEMPLATES","limit":100,"usage":0},{"metric":"TARGET_VPN_GATEWAYS","limit":5,"usage":0},{"metric":"VPN_TUNNELS","limit":10,"usage":0},{"metric":"BACKEND_BUCKETS","limit":3,"usage":0},{"metric":"ROUTERS","limit":10,"usage":0},{"metric":"TARGET_SSL_PROXIES","limit":10,"usage":0},{"metric":"TARGET_HTTPS_PROXIES","limit":10,"usage":0},{"metric":"SSL_CERTIFICATES","limit":10,"usage":0},{"metric":"SUBNETWORKS","limit":100,"usage":0},{"metric":"TARGET_TCP_PROXIES","limit":10,"usage":0},{"metric":"CPUS_ALL_REGIONS","limit":32,"usage":0},{"metric":"SECURITY_POLICIES","limit":10,"usage":0},{"metric":"SECURITY_POLICY_RULES","limit":100,"usage":0},{"metric":"XPN_SERVICE_PROJECTS","limit":1000,"usage":0},{"metric":"PACKET_MIRRORINGS","limit":20,"usage":0},{"metric":"NETWORK_ENDPOINT_GROUPS","limit":100,"usage":0},{"metric":"INTERCONNECTS","limit":6,"usage":0},{"metric":"SSL_POLICIES","limit":10,"usage":0},{"metric":"GLOBAL_INTERNAL_ADDRESSES","limit":5000,"usage":0},{"metric":"VPN_GATEWAYS","limit":5,"usage":0},{"metric":"MACHINE_IMAGES","limit":100,"usage":0},{"metric":"SECURITY_POLICY_CEVAL_RULES","limit":20,"usage":0},{"metric":"GPUS_ALL_REGIONS","limit":0,"usage":0},{"metric":"EXTERNAL_VPN_GATEWAYS","limit":5,"usage":0},{"metric":"PUBLIC_ADVERTISED_PREFIXES","limit":1,"usage":0},{"metric":"PUBLIC_DELEGATED_PREFIXES","limit":10,"usage":0},{"metric":"STATIC_BYOIP_ADDRESSES","limit":128,"usage":0},{"metric":"NETWORK_FIREWALL_POLICIES","limit":10,"usage":0},{"metric":"INTERNAL_TRAFFIC_DIRECTOR_FORWARDING_RULES","limit":15,"usage":0},{"metric":"GLOBAL_EXTERNAL_MANAGED_FORWARDING_RULES","limit":15,"usage":0},{"metric":"GLOBAL_INTERNAL_MANAGED_BACKEND_SERVICES","limit":50,"usage":0},{"metric":"GLOBAL_EXTERNAL_MANAGED_BACKEND_SERVICES","limit":50,"usage":0},{"metric":"GLOBAL_EXTERNAL_PROXY_LB_BACKEND_SERVICES","limit":50,"usage":0},{"metric":"GLOBAL_INTERNAL_TRAFFIC_DIRECTOR_BACKEND_SERVICES","limit":250,"usage":0}],"selfLink":"https://www.googleapis.com/compute/v1/projects/popchatv002","defaultServiceAccount":"296369449480-compute@developer.gserviceaccount.com","xpnProjectStatus":"UNSPECIFIED_XPN_PROJECT_STATUS","defaultNetworkTier":"PREMIUM","vmDnsSetting":"ZONAL_ONLY","cloudArmorTier":"CA_STANDARD"}
[debug] [2025-06-30T04:23:41.061Z] Checked if tokens are valid: true, expires at: 1751260621805
[debug] [2025-06-30T04:23:41.061Z] Checked if tokens are valid: true, expires at: 1751260621805
[debug] [2025-06-30T04:23:41.061Z] >>> [apiv2][query] GET https://cloudbilling.googleapis.com/v1/projects/popchatv002/billingInfo [none]
[debug] [2025-06-30T04:23:41.486Z] <<< [apiv2][status] GET https://cloudbilling.googleapis.com/v1/projects/popchatv002/billingInfo 200
[debug] [2025-06-30T04:23:41.486Z] <<< [apiv2][body] GET https://cloudbilling.googleapis.com/v1/projects/popchatv002/billingInfo {"name":"projects/popchatv002/billingInfo","projectId":"popchatv002","billingAccountName":"billingAccounts/01D8DE-199FE0-C18327","billingEnabled":true}
[debug] [2025-06-30T04:23:41.488Z] Checked if tokens are valid: true, expires at: 1751260621805
[debug] [2025-06-30T04:23:41.488Z] Checked if tokens are valid: true, expires at: 1751260621805
[debug] [2025-06-30T04:23:41.488Z] >>> [apiv2][query] POST https://cloudfunctions.googleapis.com/v2/projects/popchatv002/locations/us-central1/functions:generateUploadUrl [none]
[debug] [2025-06-30T04:23:41.804Z] <<< [apiv2][status] POST https://cloudfunctions.googleapis.com/v2/projects/popchatv002/locations/us-central1/functions:generateUploadUrl 200
[debug] [2025-06-30T04:23:41.804Z] <<< [apiv2][body] POST https://cloudfunctions.googleapis.com/v2/projects/popchatv002/locations/us-central1/functions:generateUploadUrl {"uploadUrl":"https://storage.googleapis.com/gcf-v2-uploads-296369449480.us-central1.cloudfunctions.appspot.com/dce586c8-d695-4998-b836-8ab7392fb9be.zip?GoogleAccessId=service-296369449480@gcf-admin-robot.iam.gserviceaccount.com&Expires=1751259221&Signature=FMNgvQzzIHRLvaZid%2Ft%2BkmGjLezs%2BBrssIda1c6eNnSF6%2FvPe08rFpZFZ1e8ir7%2BFzh91lLMqI9OET9z%2FSQfqXwbvYsfZWeG67U%2BCNeFbAXRPFuHXNCmQy1hdIL1pXw2XETp4uHs8%2F8MKkbep2JyrQ2nyODwQPYB7CEK9ZrF94laIPRHe2oqecJKLueXigrCXu3D5iegF0eJGBu7JY0Z4cOJGYur%2Bkb07UMA%2F%2FsbFWkdyfUCFPQsH7vEBOuDcQRIV%2BnXyo2%2BHDLKmM55rTvje8wlu43Trht1YhQQSHQjxqnoaQxehT7G7Eq0B5QhH3XyBvXq7GhHvD1ugMg4ZnS%2F0Q%3D%3D","storageSource":{"bucket":"gcf-v2-uploads-296369449480.us-central1.cloudfunctions.appspot.com","object":"dce586c8-d695-4998-b836-8ab7392fb9be.zip"}}
[debug] [2025-06-30T04:23:41.805Z] >>> [apiv2][query] PUT https://storage.googleapis.com/gcf-v2-uploads-296369449480.us-central1.cloudfunctions.appspot.com/dce586c8-d695-4998-b836-8ab7392fb9be.zip GoogleAccessId=service-296369449480%40gcf-admin-robot.iam.gserviceaccount.com&Expires=1751259221&Signature=FMNgvQzzIHRLvaZid%2Ft%2BkmGjLezs%2BBrssIda1c6eNnSF6%2FvPe08rFpZFZ1e8ir7%2BFzh91lLMqI9OET9z%2FSQfqXwbvYsfZWeG67U%2BCNeFbAXRPFuHXNCmQy1hdIL1pXw2XETp4uHs8%2F8MKkbep2JyrQ2nyODwQPYB7CEK9ZrF94laIPRHe2oqecJKLueXigrCXu3D5iegF0eJGBu7JY0Z4cOJGYur%2Bkb07UMA%2F%2FsbFWkdyfUCFPQsH7vEBOuDcQRIV%2BnXyo2%2BHDLKmM55rTvje8wlu43Trht1YhQQSHQjxqnoaQxehT7G7Eq0B5QhH3XyBvXq7GhHvD1ugMg4ZnS%2F0Q%3D%3D
[debug] [2025-06-30T04:23:41.805Z] >>> [apiv2][body] PUT https://storage.googleapis.com/gcf-v2-uploads-296369449480.us-central1.cloudfunctions.appspot.com/dce586c8-d695-4998-b836-8ab7392fb9be.zip [stream]
[debug] [2025-06-30T04:23:42.130Z] <<< [apiv2][status] PUT https://storage.googleapis.com/gcf-v2-uploads-296369449480.us-central1.cloudfunctions.appspot.com/dce586c8-d695-4998-b836-8ab7392fb9be.zip 200
[debug] [2025-06-30T04:23:42.130Z] <<< [apiv2][body] PUT https://storage.googleapis.com/gcf-v2-uploads-296369449480.us-central1.cloudfunctions.appspot.com/dce586c8-d695-4998-b836-8ab7392fb9be.zip [omitted]
[info] +  functions: functions folder uploaded successfully 
[info] i  functions: updating Node.js 22 (2nd Gen) function scheduledSendAd(us-central1)... 
[debug] [2025-06-30T04:23:42.136Z] Checked if tokens are valid: true, expires at: 1751260621805
[debug] [2025-06-30T04:23:42.136Z] Checked if tokens are valid: true, expires at: 1751260621805
[debug] [2025-06-30T04:23:42.136Z] >>> [apiv2][query] PATCH https://cloudfunctions.googleapis.com/v2/projects/popchatv002/locations/us-central1/functions/scheduledSendAd updateMask=name%2CbuildConfig.runtime%2CbuildConfig.entryPoint%2CbuildConfig.source.storageSource.bucket%2CbuildConfig.source.storageSource.object%2CbuildConfig.environmentVariables%2CbuildConfig.sourceToken%2CserviceConfig.environmentVariables%2CserviceConfig.ingressSettings%2CserviceConfig.timeoutSeconds%2CserviceConfig.serviceAccountEmail%2CserviceConfig.availableMemory%2CserviceConfig.minInstanceCount%2CserviceConfig.maxInstanceCount%2CserviceConfig.maxInstanceRequestConcurrency%2CserviceConfig.availableCpu%2CserviceConfig.vpcConnector%2CserviceConfig.vpcConnectorEgressSettings%2Clabels
[debug] [2025-06-30T04:23:42.136Z] >>> [apiv2][body] PATCH https://cloudfunctions.googleapis.com/v2/projects/popchatv002/locations/us-central1/functions/scheduledSendAd {"name":"projects/popchatv002/locations/us-central1/functions/scheduledSendAd","buildConfig":{"runtime":"nodejs22","entryPoint":"scheduledSendAd","source":{"storageSource":{"bucket":"gcf-v2-uploads-296369449480.us-central1.cloudfunctions.appspot.com","object":"dce586c8-d695-4998-b836-8ab7392fb9be.zip"}},"environmentVariables":{"GOOGLE_NODE_RUN_SCRIPTS":""}},"serviceConfig":{"environmentVariables":{"FIREBASE_CONFIG":"{\"projectId\":\"popchatv002\",\"databaseURL\":\"https://popchatv002-default-rtdb.firebaseio.com\",\"storageBucket\":\"popchatv002.firebasestorage.app\"}","GCLOUD_PROJECT":"popchatv002","EVENTARC_CLOUD_EVENT_SOURCE":"projects/popchatv002/locations/us-central1/services/scheduledSendAd","FUNCTION_TARGET":"scheduledSendAd","LOG_EXECUTION_ID":"true","FUNCTION_SIGNATURE_TYPE":"http"},"ingressSettings":null,"timeoutSeconds":null,"serviceAccountEmail":null,"availableMemory":"256Mi","minInstanceCount":null,"maxInstanceCount":null,"maxInstanceRequestConcurrency":80,"availableCpu":"1","vpcConnector":null,"vpcConnectorEgressSettings":null},"labels":{"deployment-tool":"cli-firebase","deployment-scheduled":"true","firebase-functions-hash":"c28c7186af76edd8980ce0372c24cb87c7ed761b"}}
[debug] [2025-06-30T04:23:43.121Z] <<< [apiv2][status] PATCH https://cloudfunctions.googleapis.com/v2/projects/popchatv002/locations/us-central1/functions/scheduledSendAd 200
[debug] [2025-06-30T04:23:43.121Z] <<< [apiv2][body] PATCH https://cloudfunctions.googleapis.com/v2/projects/popchatv002/locations/us-central1/functions/scheduledSendAd {"name":"projects/popchatv002/locations/us-central1/operations/operation-1751257422043-638c2648d1918-820b86b5-03399160","metadata":{"@type":"type.googleapis.com/google.cloud.functions.v2.OperationMetadata","createTime":"2025-06-30T04:23:42.761133877Z","target":"projects/popchatv002/locations/us-central1/functions/scheduledSendAd","verb":"update","cancelRequested":false,"apiVersion":"v2"},"done":false}
[debug] [2025-06-30T04:23:43.122Z] Checked if tokens are valid: true, expires at: 1751260621805
[debug] [2025-06-30T04:23:43.122Z] Checked if tokens are valid: true, expires at: 1751260621805
[debug] [2025-06-30T04:23:43.122Z] >>> [apiv2][query] GET https://cloudfunctions.googleapis.com/v2/projects/popchatv002/locations/us-central1/operations/operation-1751257422043-638c2648d1918-820b86b5-03399160 [none]
[debug] [2025-06-30T04:23:43.380Z] <<< [apiv2][status] GET https://cloudfunctions.googleapis.com/v2/projects/popchatv002/locations/us-central1/operations/operation-1751257422043-638c2648d1918-820b86b5-03399160 200
[debug] [2025-06-30T04:23:43.380Z] <<< [apiv2][body] GET https://cloudfunctions.googleapis.com/v2/projects/popchatv002/locations/us-central1/operations/operation-1751257422043-638c2648d1918-820b86b5-03399160 {"name":"projects/popchatv002/locations/us-central1/operations/operation-1751257422043-638c2648d1918-820b86b5-03399160","metadata":{"@type":"type.googleapis.com/google.cloud.functions.v2.OperationMetadata","createTime":"2025-06-30T04:23:42.761133877Z","target":"projects/popchatv002/locations/us-central1/functions/scheduledSendAd","verb":"update","cancelRequested":false,"apiVersion":"v2","requestResource":{"@type":"type.googleapis.com/google.cloud.functions.v2.Function","name":"projects/popchatv002/locations/us-central1/functions/scheduledSendAd","buildConfig":{"runtime":"nodejs22","entryPoint":"scheduledSendAd","source":{"storageSource":{"bucket":"gcf-v2-sources-296369449480-us-central1","object":"scheduledSendAd/function-source.zip","generation":"1751257422720015"}},"environmentVariables":{"GOOGLE_NODE_RUN_SCRIPTS":""},"dockerRepository":"projects/popchatv002/locations/us-central1/repositories/gcf-artifacts","sourceProvenance":{"resolvedStorageSource":{"bucket":"gcf-v2-sources-296369449480-us-central1","object":"scheduledSendAd/function-source.zip","generation":"1751257099553441"}},"dockerRegistry":"ARTIFACT_REGISTRY","serviceAccount":"projects/popchatv002/serviceAccounts/296369449480-compute@developer.gserviceaccount.com","automaticUpdatePolicy":{}},"serviceConfig":{"service":"projects/popchatv002/locations/us-central1/services/scheduledsendad","timeoutSeconds":60,"environmentVariables":{"FIREBASE_CONFIG":"{\"projectId\":\"popchatv002\",\"databaseURL\":\"https://popchatv002-default-rtdb.firebaseio.com\",\"storageBucket\":\"popchatv002.firebasestorage.app\"}","GCLOUD_PROJECT":"popchatv002","EVENTARC_CLOUD_EVENT_SOURCE":"projects/popchatv002/locations/us-central1/services/scheduledSendAd","FUNCTION_TARGET":"scheduledSendAd","LOG_EXECUTION_ID":"true","FUNCTION_SIGNATURE_TYPE":"http"},"ingressSettings":"ALLOW_ALL","uri":"https://scheduledsendad-2zjil5azfa-uc.a.run.app","serviceAccountEmail":"296369449480-compute@developer.gserviceaccount.com","availableMemory":"256Mi","allTrafficOnLatestRevision":true,"revision":"scheduledsendad-00017-zet","maxInstanceRequestConcurrency":80,"availableCpu":"1"},"state":"ACTIVE","labels":{"deployment-tool":"cli-firebase","deployment-scheduled":"true","firebase-functions-hash":"c28c7186af76edd8980ce0372c24cb87c7ed761b"},"environment":"GEN_2","url":"https://us-central1-popchatv002.cloudfunctions.net/scheduledSendAd","satisfiesPzi":true},"stages":[{"name":"BUILD","state":"NOT_STARTED"},{"name":"SERVICE","state":"NOT_STARTED"}],"operationType":"UPDATE_FUNCTION"},"done":false}
[debug] [2025-06-30T04:23:43.887Z] [update-default-us-central1-scheduledSendAd] Retrying task index 0
[debug] [2025-06-30T04:23:43.887Z] Checked if tokens are valid: true, expires at: 1751260621805
[debug] [2025-06-30T04:23:43.887Z] Checked if tokens are valid: true, expires at: 1751260621805
[debug] [2025-06-30T04:23:43.887Z] >>> [apiv2][query] GET https://cloudfunctions.googleapis.com/v2/projects/popchatv002/locations/us-central1/operations/operation-1751257422043-638c2648d1918-820b86b5-03399160 [none]
[debug] [2025-06-30T04:23:44.164Z] <<< [apiv2][status] GET https://cloudfunctions.googleapis.com/v2/projects/popchatv002/locations/us-central1/operations/operation-1751257422043-638c2648d1918-820b86b5-03399160 200
[debug] [2025-06-30T04:23:44.164Z] <<< [apiv2][body] GET https://cloudfunctions.googleapis.com/v2/projects/popchatv002/locations/us-central1/operations/operation-1751257422043-638c2648d1918-820b86b5-03399160 {"name":"projects/popchatv002/locations/us-central1/operations/operation-1751257422043-638c2648d1918-820b86b5-03399160","metadata":{"@type":"type.googleapis.com/google.cloud.functions.v2.OperationMetadata","createTime":"2025-06-30T04:23:42.761133877Z","target":"projects/popchatv002/locations/us-central1/functions/scheduledSendAd","verb":"update","cancelRequested":false,"apiVersion":"v2","requestResource":{"@type":"type.googleapis.com/google.cloud.functions.v2.Function","name":"projects/popchatv002/locations/us-central1/functions/scheduledSendAd","buildConfig":{"runtime":"nodejs22","entryPoint":"scheduledSendAd","source":{"storageSource":{"bucket":"gcf-v2-sources-296369449480-us-central1","object":"scheduledSendAd/function-source.zip","generation":"1751257422720015"}},"environmentVariables":{"GOOGLE_NODE_RUN_SCRIPTS":""},"dockerRepository":"projects/popchatv002/locations/us-central1/repositories/gcf-artifacts","sourceProvenance":{"resolvedStorageSource":{"bucket":"gcf-v2-sources-296369449480-us-central1","object":"scheduledSendAd/function-source.zip","generation":"1751257099553441"}},"dockerRegistry":"ARTIFACT_REGISTRY","serviceAccount":"projects/popchatv002/serviceAccounts/296369449480-compute@developer.gserviceaccount.com","automaticUpdatePolicy":{}},"serviceConfig":{"service":"projects/popchatv002/locations/us-central1/services/scheduledsendad","timeoutSeconds":60,"environmentVariables":{"FIREBASE_CONFIG":"{\"projectId\":\"popchatv002\",\"databaseURL\":\"https://popchatv002-default-rtdb.firebaseio.com\",\"storageBucket\":\"popchatv002.firebasestorage.app\"}","GCLOUD_PROJECT":"popchatv002","EVENTARC_CLOUD_EVENT_SOURCE":"projects/popchatv002/locations/us-central1/services/scheduledSendAd","FUNCTION_TARGET":"scheduledSendAd","LOG_EXECUTION_ID":"true","FUNCTION_SIGNATURE_TYPE":"http"},"ingressSettings":"ALLOW_ALL","uri":"https://scheduledsendad-2zjil5azfa-uc.a.run.app","serviceAccountEmail":"296369449480-compute@developer.gserviceaccount.com","availableMemory":"256Mi","allTrafficOnLatestRevision":true,"revision":"scheduledsendad-00017-zet","maxInstanceRequestConcurrency":80,"availableCpu":"1"},"state":"ACTIVE","labels":{"deployment-tool":"cli-firebase","deployment-scheduled":"true","firebase-functions-hash":"c28c7186af76edd8980ce0372c24cb87c7ed761b"},"environment":"GEN_2","url":"https://us-central1-popchatv002.cloudfunctions.net/scheduledSendAd","satisfiesPzi":true},"stages":[{"name":"BUILD","message":"Build in progress","state":"IN_PROGRESS","resource":"projects/296369449480/locations/us-central1/builds/01f2f176-e841-41ce-9b2d-43c5edc7863f","resourceUri":"https://console.cloud.google.com/cloud-build/builds;region=us-central1/01f2f176-e841-41ce-9b2d-43c5edc7863f?project=296369449480"},{"name":"SERVICE","state":"NOT_STARTED"}],"operationType":"UPDATE_FUNCTION","buildName":"projects/296369449480/locations/us-central1/builds/01f2f176-e841-41ce-9b2d-43c5edc7863f"},"done":false}
[debug] [2025-06-30T04:23:45.179Z] [update-default-us-central1-scheduledSendAd] Retrying task index 0
[debug] [2025-06-30T04:23:45.179Z] Checked if tokens are valid: true, expires at: 1751260621805
[debug] [2025-06-30T04:23:45.179Z] Checked if tokens are valid: true, expires at: 1751260621805
[debug] [2025-06-30T04:23:45.179Z] >>> [apiv2][query] GET https://cloudfunctions.googleapis.com/v2/projects/popchatv002/locations/us-central1/operations/operation-1751257422043-638c2648d1918-820b86b5-03399160 [none]
[debug] [2025-06-30T04:23:45.440Z] <<< [apiv2][status] GET https://cloudfunctions.googleapis.com/v2/projects/popchatv002/locations/us-central1/operations/operation-1751257422043-638c2648d1918-820b86b5-03399160 200
[debug] [2025-06-30T04:23:45.440Z] <<< [apiv2][body] GET https://cloudfunctions.googleapis.com/v2/projects/popchatv002/locations/us-central1/operations/operation-1751257422043-638c2648d1918-820b86b5-03399160 {"name":"projects/popchatv002/locations/us-central1/operations/operation-1751257422043-638c2648d1918-820b86b5-03399160","metadata":{"@type":"type.googleapis.com/google.cloud.functions.v2.OperationMetadata","createTime":"2025-06-30T04:23:42.761133877Z","target":"projects/popchatv002/locations/us-central1/functions/scheduledSendAd","verb":"update","cancelRequested":false,"apiVersion":"v2","requestResource":{"@type":"type.googleapis.com/google.cloud.functions.v2.Function","name":"projects/popchatv002/locations/us-central1/functions/scheduledSendAd","buildConfig":{"runtime":"nodejs22","entryPoint":"scheduledSendAd","source":{"storageSource":{"bucket":"gcf-v2-sources-296369449480-us-central1","object":"scheduledSendAd/function-source.zip","generation":"1751257422720015"}},"environmentVariables":{"GOOGLE_NODE_RUN_SCRIPTS":""},"dockerRepository":"projects/popchatv002/locations/us-central1/repositories/gcf-artifacts","sourceProvenance":{"resolvedStorageSource":{"bucket":"gcf-v2-sources-296369449480-us-central1","object":"scheduledSendAd/function-source.zip","generation":"1751257099553441"}},"dockerRegistry":"ARTIFACT_REGISTRY","serviceAccount":"projects/popchatv002/serviceAccounts/296369449480-compute@developer.gserviceaccount.com","automaticUpdatePolicy":{}},"serviceConfig":{"service":"projects/popchatv002/locations/us-central1/services/scheduledsendad","timeoutSeconds":60,"environmentVariables":{"FIREBASE_CONFIG":"{\"projectId\":\"popchatv002\",\"databaseURL\":\"https://popchatv002-default-rtdb.firebaseio.com\",\"storageBucket\":\"popchatv002.firebasestorage.app\"}","GCLOUD_PROJECT":"popchatv002","EVENTARC_CLOUD_EVENT_SOURCE":"projects/popchatv002/locations/us-central1/services/scheduledSendAd","FUNCTION_TARGET":"scheduledSendAd","LOG_EXECUTION_ID":"true","FUNCTION_SIGNATURE_TYPE":"http"},"ingressSettings":"ALLOW_ALL","uri":"https://scheduledsendad-2zjil5azfa-uc.a.run.app","serviceAccountEmail":"296369449480-compute@developer.gserviceaccount.com","availableMemory":"256Mi","allTrafficOnLatestRevision":true,"revision":"scheduledsendad-00017-zet","maxInstanceRequestConcurrency":80,"availableCpu":"1"},"state":"ACTIVE","labels":{"deployment-tool":"cli-firebase","deployment-scheduled":"true","firebase-functions-hash":"c28c7186af76edd8980ce0372c24cb87c7ed761b"},"environment":"GEN_2","url":"https://us-central1-popchatv002.cloudfunctions.net/scheduledSendAd","satisfiesPzi":true},"stages":[{"name":"BUILD","message":"Build in progress","state":"IN_PROGRESS","resource":"projects/296369449480/locations/us-central1/builds/01f2f176-e841-41ce-9b2d-43c5edc7863f","resourceUri":"https://console.cloud.google.com/cloud-build/builds;region=us-central1/01f2f176-e841-41ce-9b2d-43c5edc7863f?project=296369449480"},{"name":"SERVICE","state":"NOT_STARTED"}],"operationType":"UPDATE_FUNCTION","buildName":"projects/296369449480/locations/us-central1/builds/01f2f176-e841-41ce-9b2d-43c5edc7863f"},"done":false}
[debug] [2025-06-30T04:23:47.448Z] [update-default-us-central1-scheduledSendAd] Retrying task index 0
[debug] [2025-06-30T04:23:47.449Z] Checked if tokens are valid: true, expires at: 1751260621805
[debug] [2025-06-30T04:23:47.449Z] Checked if tokens are valid: true, expires at: 1751260621805
[debug] [2025-06-30T04:23:47.449Z] >>> [apiv2][query] GET https://cloudfunctions.googleapis.com/v2/projects/popchatv002/locations/us-central1/operations/operation-1751257422043-638c2648d1918-820b86b5-03399160 [none]
[debug] [2025-06-30T04:23:47.695Z] <<< [apiv2][status] GET https://cloudfunctions.googleapis.com/v2/projects/popchatv002/locations/us-central1/operations/operation-1751257422043-638c2648d1918-820b86b5-03399160 200
[debug] [2025-06-30T04:23:47.695Z] <<< [apiv2][body] GET https://cloudfunctions.googleapis.com/v2/projects/popchatv002/locations/us-central1/operations/operation-1751257422043-638c2648d1918-820b86b5-03399160 {"name":"projects/popchatv002/locations/us-central1/operations/operation-1751257422043-638c2648d1918-820b86b5-03399160","metadata":{"@type":"type.googleapis.com/google.cloud.functions.v2.OperationMetadata","createTime":"2025-06-30T04:23:42.761133877Z","target":"projects/popchatv002/locations/us-central1/functions/scheduledSendAd","verb":"update","cancelRequested":false,"apiVersion":"v2","requestResource":{"@type":"type.googleapis.com/google.cloud.functions.v2.Function","name":"projects/popchatv002/locations/us-central1/functions/scheduledSendAd","buildConfig":{"runtime":"nodejs22","entryPoint":"scheduledSendAd","source":{"storageSource":{"bucket":"gcf-v2-sources-296369449480-us-central1","object":"scheduledSendAd/function-source.zip","generation":"1751257422720015"}},"environmentVariables":{"GOOGLE_NODE_RUN_SCRIPTS":""},"dockerRepository":"projects/popchatv002/locations/us-central1/repositories/gcf-artifacts","sourceProvenance":{"resolvedStorageSource":{"bucket":"gcf-v2-sources-296369449480-us-central1","object":"scheduledSendAd/function-source.zip","generation":"1751257099553441"}},"dockerRegistry":"ARTIFACT_REGISTRY","serviceAccount":"projects/popchatv002/serviceAccounts/296369449480-compute@developer.gserviceaccount.com","automaticUpdatePolicy":{}},"serviceConfig":{"service":"projects/popchatv002/locations/us-central1/services/scheduledsendad","timeoutSeconds":60,"environmentVariables":{"FIREBASE_CONFIG":"{\"projectId\":\"popchatv002\",\"databaseURL\":\"https://popchatv002-default-rtdb.firebaseio.com\",\"storageBucket\":\"popchatv002.firebasestorage.app\"}","GCLOUD_PROJECT":"popchatv002","EVENTARC_CLOUD_EVENT_SOURCE":"projects/popchatv002/locations/us-central1/services/scheduledSendAd","FUNCTION_TARGET":"scheduledSendAd","LOG_EXECUTION_ID":"true","FUNCTION_SIGNATURE_TYPE":"http"},"ingressSettings":"ALLOW_ALL","uri":"https://scheduledsendad-2zjil5azfa-uc.a.run.app","serviceAccountEmail":"296369449480-compute@developer.gserviceaccount.com","availableMemory":"256Mi","allTrafficOnLatestRevision":true,"revision":"scheduledsendad-00017-zet","maxInstanceRequestConcurrency":80,"availableCpu":"1"},"state":"ACTIVE","labels":{"deployment-tool":"cli-firebase","deployment-scheduled":"true","firebase-functions-hash":"c28c7186af76edd8980ce0372c24cb87c7ed761b"},"environment":"GEN_2","url":"https://us-central1-popchatv002.cloudfunctions.net/scheduledSendAd","satisfiesPzi":true},"stages":[{"name":"BUILD","message":"Build in progress","state":"IN_PROGRESS","resource":"projects/296369449480/locations/us-central1/builds/01f2f176-e841-41ce-9b2d-43c5edc7863f","resourceUri":"https://console.cloud.google.com/cloud-build/builds;region=us-central1/01f2f176-e841-41ce-9b2d-43c5edc7863f?project=296369449480"},{"name":"SERVICE","state":"NOT_STARTED"}],"operationType":"UPDATE_FUNCTION","buildName":"projects/296369449480/locations/us-central1/builds/01f2f176-e841-41ce-9b2d-43c5edc7863f"},"done":false}
[debug] [2025-06-30T04:23:51.707Z] [update-default-us-central1-scheduledSendAd] Retrying task index 0
[debug] [2025-06-30T04:23:51.708Z] Checked if tokens are valid: true, expires at: 1751260621805
[debug] [2025-06-30T04:23:51.708Z] Checked if tokens are valid: true, expires at: 1751260621805
[debug] [2025-06-30T04:23:51.708Z] >>> [apiv2][query] GET https://cloudfunctions.googleapis.com/v2/projects/popchatv002/locations/us-central1/operations/operation-1751257422043-638c2648d1918-820b86b5-03399160 [none]
[debug] [2025-06-30T04:23:51.955Z] <<< [apiv2][status] GET https://cloudfunctions.googleapis.com/v2/projects/popchatv002/locations/us-central1/operations/operation-1751257422043-638c2648d1918-820b86b5-03399160 200
[debug] [2025-06-30T04:23:51.955Z] <<< [apiv2][body] GET https://cloudfunctions.googleapis.com/v2/projects/popchatv002/locations/us-central1/operations/operation-1751257422043-638c2648d1918-820b86b5-03399160 {"name":"projects/popchatv002/locations/us-central1/operations/operation-1751257422043-638c2648d1918-820b86b5-03399160","metadata":{"@type":"type.googleapis.com/google.cloud.functions.v2.OperationMetadata","createTime":"2025-06-30T04:23:42.761133877Z","target":"projects/popchatv002/locations/us-central1/functions/scheduledSendAd","verb":"update","cancelRequested":false,"apiVersion":"v2","requestResource":{"@type":"type.googleapis.com/google.cloud.functions.v2.Function","name":"projects/popchatv002/locations/us-central1/functions/scheduledSendAd","buildConfig":{"runtime":"nodejs22","entryPoint":"scheduledSendAd","source":{"storageSource":{"bucket":"gcf-v2-sources-296369449480-us-central1","object":"scheduledSendAd/function-source.zip","generation":"1751257422720015"}},"environmentVariables":{"GOOGLE_NODE_RUN_SCRIPTS":""},"dockerRepository":"projects/popchatv002/locations/us-central1/repositories/gcf-artifacts","sourceProvenance":{"resolvedStorageSource":{"bucket":"gcf-v2-sources-296369449480-us-central1","object":"scheduledSendAd/function-source.zip","generation":"1751257099553441"}},"dockerRegistry":"ARTIFACT_REGISTRY","serviceAccount":"projects/popchatv002/serviceAccounts/296369449480-compute@developer.gserviceaccount.com","automaticUpdatePolicy":{}},"serviceConfig":{"service":"projects/popchatv002/locations/us-central1/services/scheduledsendad","timeoutSeconds":60,"environmentVariables":{"FIREBASE_CONFIG":"{\"projectId\":\"popchatv002\",\"databaseURL\":\"https://popchatv002-default-rtdb.firebaseio.com\",\"storageBucket\":\"popchatv002.firebasestorage.app\"}","GCLOUD_PROJECT":"popchatv002","EVENTARC_CLOUD_EVENT_SOURCE":"projects/popchatv002/locations/us-central1/services/scheduledSendAd","FUNCTION_TARGET":"scheduledSendAd","LOG_EXECUTION_ID":"true","FUNCTION_SIGNATURE_TYPE":"http"},"ingressSettings":"ALLOW_ALL","uri":"https://scheduledsendad-2zjil5azfa-uc.a.run.app","serviceAccountEmail":"296369449480-compute@developer.gserviceaccount.com","availableMemory":"256Mi","allTrafficOnLatestRevision":true,"revision":"scheduledsendad-00017-zet","maxInstanceRequestConcurrency":80,"availableCpu":"1"},"state":"ACTIVE","labels":{"deployment-tool":"cli-firebase","deployment-scheduled":"true","firebase-functions-hash":"c28c7186af76edd8980ce0372c24cb87c7ed761b"},"environment":"GEN_2","url":"https://us-central1-popchatv002.cloudfunctions.net/scheduledSendAd","satisfiesPzi":true},"stages":[{"name":"BUILD","message":"Build in progress","state":"IN_PROGRESS","resource":"projects/296369449480/locations/us-central1/builds/01f2f176-e841-41ce-9b2d-43c5edc7863f","resourceUri":"https://console.cloud.google.com/cloud-build/builds;region=us-central1/01f2f176-e841-41ce-9b2d-43c5edc7863f?project=296369449480"},{"name":"SERVICE","state":"NOT_STARTED"}],"operationType":"UPDATE_FUNCTION","buildName":"projects/296369449480/locations/us-central1/builds/01f2f176-e841-41ce-9b2d-43c5edc7863f"},"done":false}
[debug] [2025-06-30T04:23:59.957Z] [update-default-us-central1-scheduledSendAd] Retrying task index 0
[debug] [2025-06-30T04:23:59.957Z] Checked if tokens are valid: true, expires at: 1751260621805
[debug] [2025-06-30T04:23:59.957Z] Checked if tokens are valid: true, expires at: 1751260621805
[debug] [2025-06-30T04:23:59.957Z] >>> [apiv2][query] GET https://cloudfunctions.googleapis.com/v2/projects/popchatv002/locations/us-central1/operations/operation-1751257422043-638c2648d1918-820b86b5-03399160 [none]
[debug] [2025-06-30T04:24:00.329Z] <<< [apiv2][status] GET https://cloudfunctions.googleapis.com/v2/projects/popchatv002/locations/us-central1/operations/operation-1751257422043-638c2648d1918-820b86b5-03399160 200
[debug] [2025-06-30T04:24:00.329Z] <<< [apiv2][body] GET https://cloudfunctions.googleapis.com/v2/projects/popchatv002/locations/us-central1/operations/operation-1751257422043-638c2648d1918-820b86b5-03399160 {"name":"projects/popchatv002/locations/us-central1/operations/operation-1751257422043-638c2648d1918-820b86b5-03399160","metadata":{"@type":"type.googleapis.com/google.cloud.functions.v2.OperationMetadata","createTime":"2025-06-30T04:23:42.761133877Z","target":"projects/popchatv002/locations/us-central1/functions/scheduledSendAd","verb":"update","cancelRequested":false,"apiVersion":"v2","requestResource":{"@type":"type.googleapis.com/google.cloud.functions.v2.Function","name":"projects/popchatv002/locations/us-central1/functions/scheduledSendAd","buildConfig":{"runtime":"nodejs22","entryPoint":"scheduledSendAd","source":{"storageSource":{"bucket":"gcf-v2-sources-296369449480-us-central1","object":"scheduledSendAd/function-source.zip","generation":"1751257422720015"}},"environmentVariables":{"GOOGLE_NODE_RUN_SCRIPTS":""},"dockerRepository":"projects/popchatv002/locations/us-central1/repositories/gcf-artifacts","sourceProvenance":{"resolvedStorageSource":{"bucket":"gcf-v2-sources-296369449480-us-central1","object":"scheduledSendAd/function-source.zip","generation":"1751257099553441"}},"dockerRegistry":"ARTIFACT_REGISTRY","serviceAccount":"projects/popchatv002/serviceAccounts/296369449480-compute@developer.gserviceaccount.com","automaticUpdatePolicy":{}},"serviceConfig":{"service":"projects/popchatv002/locations/us-central1/services/scheduledsendad","timeoutSeconds":60,"environmentVariables":{"FIREBASE_CONFIG":"{\"projectId\":\"popchatv002\",\"databaseURL\":\"https://popchatv002-default-rtdb.firebaseio.com\",\"storageBucket\":\"popchatv002.firebasestorage.app\"}","GCLOUD_PROJECT":"popchatv002","EVENTARC_CLOUD_EVENT_SOURCE":"projects/popchatv002/locations/us-central1/services/scheduledSendAd","FUNCTION_TARGET":"scheduledSendAd","LOG_EXECUTION_ID":"true","FUNCTION_SIGNATURE_TYPE":"http"},"ingressSettings":"ALLOW_ALL","uri":"https://scheduledsendad-2zjil5azfa-uc.a.run.app","serviceAccountEmail":"296369449480-compute@developer.gserviceaccount.com","availableMemory":"256Mi","allTrafficOnLatestRevision":true,"revision":"scheduledsendad-00017-zet","maxInstanceRequestConcurrency":80,"availableCpu":"1"},"state":"ACTIVE","labels":{"deployment-tool":"cli-firebase","deployment-scheduled":"true","firebase-functions-hash":"c28c7186af76edd8980ce0372c24cb87c7ed761b"},"environment":"GEN_2","url":"https://us-central1-popchatv002.cloudfunctions.net/scheduledSendAd","satisfiesPzi":true},"stages":[{"name":"BUILD","message":"Build in progress","state":"IN_PROGRESS","resource":"projects/296369449480/locations/us-central1/builds/01f2f176-e841-41ce-9b2d-43c5edc7863f","resourceUri":"https://console.cloud.google.com/cloud-build/builds;region=us-central1/01f2f176-e841-41ce-9b2d-43c5edc7863f?project=296369449480"},{"name":"SERVICE","state":"NOT_STARTED"}],"operationType":"UPDATE_FUNCTION","buildName":"projects/296369449480/locations/us-central1/builds/01f2f176-e841-41ce-9b2d-43c5edc7863f"},"done":false}
[debug] [2025-06-30T04:24:10.336Z] [update-default-us-central1-scheduledSendAd] Retrying task index 0
[debug] [2025-06-30T04:24:10.336Z] Checked if tokens are valid: true, expires at: 1751260621805
[debug] [2025-06-30T04:24:10.336Z] Checked if tokens are valid: true, expires at: 1751260621805
[debug] [2025-06-30T04:24:10.336Z] >>> [apiv2][query] GET https://cloudfunctions.googleapis.com/v2/projects/popchatv002/locations/us-central1/operations/operation-1751257422043-638c2648d1918-820b86b5-03399160 [none]
[debug] [2025-06-30T04:24:10.708Z] <<< [apiv2][status] GET https://cloudfunctions.googleapis.com/v2/projects/popchatv002/locations/us-central1/operations/operation-1751257422043-638c2648d1918-820b86b5-03399160 200
[debug] [2025-06-30T04:24:10.708Z] <<< [apiv2][body] GET https://cloudfunctions.googleapis.com/v2/projects/popchatv002/locations/us-central1/operations/operation-1751257422043-638c2648d1918-820b86b5-03399160 {"name":"projects/popchatv002/locations/us-central1/operations/operation-1751257422043-638c2648d1918-820b86b5-03399160","metadata":{"@type":"type.googleapis.com/google.cloud.functions.v2.OperationMetadata","createTime":"2025-06-30T04:23:42.761133877Z","target":"projects/popchatv002/locations/us-central1/functions/scheduledSendAd","verb":"update","cancelRequested":false,"apiVersion":"v2","requestResource":{"@type":"type.googleapis.com/google.cloud.functions.v2.Function","name":"projects/popchatv002/locations/us-central1/functions/scheduledSendAd","buildConfig":{"runtime":"nodejs22","entryPoint":"scheduledSendAd","source":{"storageSource":{"bucket":"gcf-v2-sources-296369449480-us-central1","object":"scheduledSendAd/function-source.zip","generation":"1751257422720015"}},"environmentVariables":{"GOOGLE_NODE_RUN_SCRIPTS":""},"dockerRepository":"projects/popchatv002/locations/us-central1/repositories/gcf-artifacts","sourceProvenance":{"resolvedStorageSource":{"bucket":"gcf-v2-sources-296369449480-us-central1","object":"scheduledSendAd/function-source.zip","generation":"1751257099553441"}},"dockerRegistry":"ARTIFACT_REGISTRY","serviceAccount":"projects/popchatv002/serviceAccounts/296369449480-compute@developer.gserviceaccount.com","automaticUpdatePolicy":{}},"serviceConfig":{"service":"projects/popchatv002/locations/us-central1/services/scheduledsendad","timeoutSeconds":60,"environmentVariables":{"FIREBASE_CONFIG":"{\"projectId\":\"popchatv002\",\"databaseURL\":\"https://popchatv002-default-rtdb.firebaseio.com\",\"storageBucket\":\"popchatv002.firebasestorage.app\"}","GCLOUD_PROJECT":"popchatv002","EVENTARC_CLOUD_EVENT_SOURCE":"projects/popchatv002/locations/us-central1/services/scheduledSendAd","FUNCTION_TARGET":"scheduledSendAd","LOG_EXECUTION_ID":"true","FUNCTION_SIGNATURE_TYPE":"http"},"ingressSettings":"ALLOW_ALL","uri":"https://scheduledsendad-2zjil5azfa-uc.a.run.app","serviceAccountEmail":"296369449480-compute@developer.gserviceaccount.com","availableMemory":"256Mi","allTrafficOnLatestRevision":true,"revision":"scheduledsendad-00017-zet","maxInstanceRequestConcurrency":80,"availableCpu":"1"},"state":"ACTIVE","labels":{"deployment-tool":"cli-firebase","deployment-scheduled":"true","firebase-functions-hash":"c28c7186af76edd8980ce0372c24cb87c7ed761b"},"environment":"GEN_2","url":"https://us-central1-popchatv002.cloudfunctions.net/scheduledSendAd","satisfiesPzi":true},"stages":[{"name":"BUILD","message":"Build in progress","state":"IN_PROGRESS","resource":"projects/296369449480/locations/us-central1/builds/01f2f176-e841-41ce-9b2d-43c5edc7863f","resourceUri":"https://console.cloud.google.com/cloud-build/builds;region=us-central1/01f2f176-e841-41ce-9b2d-43c5edc7863f?project=296369449480"},{"name":"SERVICE","state":"NOT_STARTED"}],"operationType":"UPDATE_FUNCTION","buildName":"projects/296369449480/locations/us-central1/builds/01f2f176-e841-41ce-9b2d-43c5edc7863f"},"done":false}
[debug] [2025-06-30T04:24:20.714Z] [update-default-us-central1-scheduledSendAd] Retrying task index 0
[debug] [2025-06-30T04:24:20.714Z] Checked if tokens are valid: true, expires at: 1751260621805
[debug] [2025-06-30T04:24:20.714Z] Checked if tokens are valid: true, expires at: 1751260621805
[debug] [2025-06-30T04:24:20.714Z] >>> [apiv2][query] GET https://cloudfunctions.googleapis.com/v2/projects/popchatv002/locations/us-central1/operations/operation-1751257422043-638c2648d1918-820b86b5-03399160 [none]
[debug] [2025-06-30T04:24:21.061Z] <<< [apiv2][status] GET https://cloudfunctions.googleapis.com/v2/projects/popchatv002/locations/us-central1/operations/operation-1751257422043-638c2648d1918-820b86b5-03399160 200
[debug] [2025-06-30T04:24:21.061Z] <<< [apiv2][body] GET https://cloudfunctions.googleapis.com/v2/projects/popchatv002/locations/us-central1/operations/operation-1751257422043-638c2648d1918-820b86b5-03399160 {"name":"projects/popchatv002/locations/us-central1/operations/operation-1751257422043-638c2648d1918-820b86b5-03399160","metadata":{"@type":"type.googleapis.com/google.cloud.functions.v2.OperationMetadata","createTime":"2025-06-30T04:23:42.761133877Z","target":"projects/popchatv002/locations/us-central1/functions/scheduledSendAd","verb":"update","cancelRequested":false,"apiVersion":"v2","requestResource":{"@type":"type.googleapis.com/google.cloud.functions.v2.Function","name":"projects/popchatv002/locations/us-central1/functions/scheduledSendAd","buildConfig":{"runtime":"nodejs22","entryPoint":"scheduledSendAd","source":{"storageSource":{"bucket":"gcf-v2-sources-296369449480-us-central1","object":"scheduledSendAd/function-source.zip","generation":"1751257422720015"}},"environmentVariables":{"GOOGLE_NODE_RUN_SCRIPTS":""},"dockerRepository":"projects/popchatv002/locations/us-central1/repositories/gcf-artifacts","sourceProvenance":{"resolvedStorageSource":{"bucket":"gcf-v2-sources-296369449480-us-central1","object":"scheduledSendAd/function-source.zip","generation":"1751257099553441"}},"dockerRegistry":"ARTIFACT_REGISTRY","serviceAccount":"projects/popchatv002/serviceAccounts/296369449480-compute@developer.gserviceaccount.com","automaticUpdatePolicy":{}},"serviceConfig":{"service":"projects/popchatv002/locations/us-central1/services/scheduledsendad","timeoutSeconds":60,"environmentVariables":{"FIREBASE_CONFIG":"{\"projectId\":\"popchatv002\",\"databaseURL\":\"https://popchatv002-default-rtdb.firebaseio.com\",\"storageBucket\":\"popchatv002.firebasestorage.app\"}","GCLOUD_PROJECT":"popchatv002","EVENTARC_CLOUD_EVENT_SOURCE":"projects/popchatv002/locations/us-central1/services/scheduledSendAd","FUNCTION_TARGET":"scheduledSendAd","LOG_EXECUTION_ID":"true","FUNCTION_SIGNATURE_TYPE":"http"},"ingressSettings":"ALLOW_ALL","uri":"https://scheduledsendad-2zjil5azfa-uc.a.run.app","serviceAccountEmail":"296369449480-compute@developer.gserviceaccount.com","availableMemory":"256Mi","allTrafficOnLatestRevision":true,"revision":"scheduledsendad-00017-zet","maxInstanceRequestConcurrency":80,"availableCpu":"1"},"state":"ACTIVE","labels":{"deployment-tool":"cli-firebase","deployment-scheduled":"true","firebase-functions-hash":"c28c7186af76edd8980ce0372c24cb87c7ed761b"},"environment":"GEN_2","url":"https://us-central1-popchatv002.cloudfunctions.net/scheduledSendAd","satisfiesPzi":true},"stages":[{"name":"BUILD","message":"Build in progress","state":"IN_PROGRESS","resource":"projects/296369449480/locations/us-central1/builds/01f2f176-e841-41ce-9b2d-43c5edc7863f","resourceUri":"https://console.cloud.google.com/cloud-build/builds;region=us-central1/01f2f176-e841-41ce-9b2d-43c5edc7863f?project=296369449480"},{"name":"SERVICE","state":"NOT_STARTED"}],"operationType":"UPDATE_FUNCTION","buildName":"projects/296369449480/locations/us-central1/builds/01f2f176-e841-41ce-9b2d-43c5edc7863f"},"done":false}
[debug] [2025-06-30T04:24:31.069Z] [update-default-us-central1-scheduledSendAd] Retrying task index 0
[debug] [2025-06-30T04:24:31.069Z] Checked if tokens are valid: true, expires at: 1751260621805
[debug] [2025-06-30T04:24:31.069Z] Checked if tokens are valid: true, expires at: 1751260621805
[debug] [2025-06-30T04:24:31.070Z] >>> [apiv2][query] GET https://cloudfunctions.googleapis.com/v2/projects/popchatv002/locations/us-central1/operations/operation-1751257422043-638c2648d1918-820b86b5-03399160 [none]
[debug] [2025-06-30T04:24:31.424Z] <<< [apiv2][status] GET https://cloudfunctions.googleapis.com/v2/projects/popchatv002/locations/us-central1/operations/operation-1751257422043-638c2648d1918-820b86b5-03399160 200
[debug] [2025-06-30T04:24:31.424Z] <<< [apiv2][body] GET https://cloudfunctions.googleapis.com/v2/projects/popchatv002/locations/us-central1/operations/operation-1751257422043-638c2648d1918-820b86b5-03399160 {"name":"projects/popchatv002/locations/us-central1/operations/operation-1751257422043-638c2648d1918-820b86b5-03399160","metadata":{"@type":"type.googleapis.com/google.cloud.functions.v2.OperationMetadata","createTime":"2025-06-30T04:23:42.761133877Z","target":"projects/popchatv002/locations/us-central1/functions/scheduledSendAd","verb":"update","cancelRequested":false,"apiVersion":"v2","requestResource":{"@type":"type.googleapis.com/google.cloud.functions.v2.Function","name":"projects/popchatv002/locations/us-central1/functions/scheduledSendAd","buildConfig":{"runtime":"nodejs22","entryPoint":"scheduledSendAd","source":{"storageSource":{"bucket":"gcf-v2-sources-296369449480-us-central1","object":"scheduledSendAd/function-source.zip","generation":"1751257422720015"}},"environmentVariables":{"GOOGLE_NODE_RUN_SCRIPTS":""},"dockerRepository":"projects/popchatv002/locations/us-central1/repositories/gcf-artifacts","sourceProvenance":{"resolvedStorageSource":{"bucket":"gcf-v2-sources-296369449480-us-central1","object":"scheduledSendAd/function-source.zip","generation":"1751257099553441"}},"dockerRegistry":"ARTIFACT_REGISTRY","serviceAccount":"projects/popchatv002/serviceAccounts/296369449480-compute@developer.gserviceaccount.com","automaticUpdatePolicy":{}},"serviceConfig":{"service":"projects/popchatv002/locations/us-central1/services/scheduledsendad","timeoutSeconds":60,"environmentVariables":{"FIREBASE_CONFIG":"{\"projectId\":\"popchatv002\",\"databaseURL\":\"https://popchatv002-default-rtdb.firebaseio.com\",\"storageBucket\":\"popchatv002.firebasestorage.app\"}","GCLOUD_PROJECT":"popchatv002","EVENTARC_CLOUD_EVENT_SOURCE":"projects/popchatv002/locations/us-central1/services/scheduledSendAd","FUNCTION_TARGET":"scheduledSendAd","LOG_EXECUTION_ID":"true","FUNCTION_SIGNATURE_TYPE":"http"},"ingressSettings":"ALLOW_ALL","uri":"https://scheduledsendad-2zjil5azfa-uc.a.run.app","serviceAccountEmail":"296369449480-compute@developer.gserviceaccount.com","availableMemory":"256Mi","allTrafficOnLatestRevision":true,"revision":"scheduledsendad-00017-zet","maxInstanceRequestConcurrency":80,"availableCpu":"1"},"state":"ACTIVE","labels":{"deployment-tool":"cli-firebase","deployment-scheduled":"true","firebase-functions-hash":"c28c7186af76edd8980ce0372c24cb87c7ed761b"},"environment":"GEN_2","url":"https://us-central1-popchatv002.cloudfunctions.net/scheduledSendAd","satisfiesPzi":true},"stages":[{"name":"BUILD","message":"Build in progress","state":"IN_PROGRESS","resource":"projects/296369449480/locations/us-central1/builds/01f2f176-e841-41ce-9b2d-43c5edc7863f","resourceUri":"https://console.cloud.google.com/cloud-build/builds;region=us-central1/01f2f176-e841-41ce-9b2d-43c5edc7863f?project=296369449480"},{"name":"SERVICE","state":"NOT_STARTED"}],"operationType":"UPDATE_FUNCTION","buildName":"projects/296369449480/locations/us-central1/builds/01f2f176-e841-41ce-9b2d-43c5edc7863f"},"done":false}
[debug] [2025-06-30T04:24:41.425Z] [update-default-us-central1-scheduledSendAd] Retrying task index 0
[debug] [2025-06-30T04:24:41.425Z] Checked if tokens are valid: true, expires at: 1751260621805
[debug] [2025-06-30T04:24:41.425Z] Checked if tokens are valid: true, expires at: 1751260621805
[debug] [2025-06-30T04:24:41.426Z] >>> [apiv2][query] GET https://cloudfunctions.googleapis.com/v2/projects/popchatv002/locations/us-central1/operations/operation-1751257422043-638c2648d1918-820b86b5-03399160 [none]
[debug] [2025-06-30T04:24:41.781Z] <<< [apiv2][status] GET https://cloudfunctions.googleapis.com/v2/projects/popchatv002/locations/us-central1/operations/operation-1751257422043-638c2648d1918-820b86b5-03399160 200
[debug] [2025-06-30T04:24:41.781Z] <<< [apiv2][body] GET https://cloudfunctions.googleapis.com/v2/projects/popchatv002/locations/us-central1/operations/operation-1751257422043-638c2648d1918-820b86b5-03399160 {"name":"projects/popchatv002/locations/us-central1/operations/operation-1751257422043-638c2648d1918-820b86b5-03399160","metadata":{"@type":"type.googleapis.com/google.cloud.functions.v2.OperationMetadata","createTime":"2025-06-30T04:23:42.761133877Z","endTime":"2025-06-30T04:24:39.615389177Z","target":"projects/popchatv002/locations/us-central1/functions/scheduledSendAd","verb":"update","cancelRequested":false,"apiVersion":"v2","requestResource":{"@type":"type.googleapis.com/google.cloud.functions.v2.Function","name":"projects/popchatv002/locations/us-central1/functions/scheduledSendAd","buildConfig":{"runtime":"nodejs22","entryPoint":"scheduledSendAd","source":{"storageSource":{"bucket":"gcf-v2-sources-296369449480-us-central1","object":"scheduledSendAd/function-source.zip","generation":"1751257422720015"}},"environmentVariables":{"GOOGLE_NODE_RUN_SCRIPTS":""},"dockerRepository":"projects/popchatv002/locations/us-central1/repositories/gcf-artifacts","sourceProvenance":{"resolvedStorageSource":{"bucket":"gcf-v2-sources-296369449480-us-central1","object":"scheduledSendAd/function-source.zip","generation":"1751257099553441"}},"dockerRegistry":"ARTIFACT_REGISTRY","serviceAccount":"projects/popchatv002/serviceAccounts/296369449480-compute@developer.gserviceaccount.com","automaticUpdatePolicy":{}},"serviceConfig":{"service":"projects/popchatv002/locations/us-central1/services/scheduledsendad","timeoutSeconds":60,"environmentVariables":{"FIREBASE_CONFIG":"{\"projectId\":\"popchatv002\",\"databaseURL\":\"https://popchatv002-default-rtdb.firebaseio.com\",\"storageBucket\":\"popchatv002.firebasestorage.app\"}","GCLOUD_PROJECT":"popchatv002","EVENTARC_CLOUD_EVENT_SOURCE":"projects/popchatv002/locations/us-central1/services/scheduledSendAd","FUNCTION_TARGET":"scheduledSendAd","LOG_EXECUTION_ID":"true","FUNCTION_SIGNATURE_TYPE":"http"},"ingressSettings":"ALLOW_ALL","uri":"https://scheduledsendad-2zjil5azfa-uc.a.run.app","serviceAccountEmail":"296369449480-compute@developer.gserviceaccount.com","availableMemory":"256Mi","allTrafficOnLatestRevision":true,"revision":"scheduledsendad-00017-zet","maxInstanceRequestConcurrency":80,"availableCpu":"1"},"state":"ACTIVE","labels":{"deployment-tool":"cli-firebase","deployment-scheduled":"true","firebase-functions-hash":"c28c7186af76edd8980ce0372c24cb87c7ed761b"},"environment":"GEN_2","url":"https://us-central1-popchatv002.cloudfunctions.net/scheduledSendAd","satisfiesPzi":true},"stages":[{"name":"BUILD","message":"Build finished","state":"COMPLETE","resource":"projects/296369449480/locations/us-central1/builds/01f2f176-e841-41ce-9b2d-43c5edc7863f","resourceUri":"https://console.cloud.google.com/cloud-build/builds;region=us-central1/01f2f176-e841-41ce-9b2d-43c5edc7863f?project=296369449480"},{"name":"SERVICE","message":"Updating Cloud Run service","state":"COMPLETE","resource":"projects/popchatv002/locations/us-central1/services/scheduledsendad","resourceUri":"https://console.cloud.google.com/run/detail/us-central1/scheduledsendad?project=popchatv002","stateMessages":[{"severity":"INFO","type":"CloudRunServiceNewRevisionTrafficInfo","message":"A new revision will be deployed serving with 100% traffic."}]}],"sourceToken":"Cldwcm9qZWN0cy8yOTYzNjk0NDk0ODAvbG9jYXRpb25zL3VzLWNlbnRyYWwxL2J1aWxkcy8wMWYyZjE3Ni1lODQxLTQxY2UtOWIyZC00M2M1ZWRjNzg2M2YSa3VzLWNlbnRyYWwxLWRvY2tlci5wa2cuZGV2L3BvcGNoYXR2MDAyL2djZi1hcnRpZmFjdHMvcG9wY2hhdHYwMDJfX3VzLS1jZW50cmFsMV9fc2NoZWR1bGVkX3NlbmRfYWQ6dmVyc2lvbl8xGIjU+4fQCCJEcHJvamVjdHMvcG9wY2hhdHYwMDIvbG9jYXRpb25zL3VzLWNlbnRyYWwxL2Z1bmN0aW9ucy9zY2hlZHVsZWRTZW5kQWQqDAj/oojDBhCQiLbUATIIbm9kZWpzMjI6dgojZ2NyLmlvL2dhZS1ydW50aW1lcy9ub2RlanMyMjpzdGFibGUST3VzLWNlbnRyYWwxLWRvY2tlci5wa2cuZGV2L3NlcnZlcmxlc3MtcnVudGltZXMvZ29vZ2xlLTIyLWZ1bGwvcnVudGltZXMvbm9kZWpzMjJAAQ==","operationType":"UPDATE_FUNCTION","buildName":"projects/296369449480/locations/us-central1/builds/01f2f176-e841-41ce-9b2d-43c5edc7863f"},"done":true,"response":{"@type":"type.googleapis.com/google.cloud.functions.v2.Function","name":"projects/popchatv002/locations/us-central1/functions/scheduledSendAd","buildConfig":{"build":"projects/296369449480/locations/us-central1/builds/01f2f176-e841-41ce-9b2d-43c5edc7863f","runtime":"nodejs22","entryPoint":"scheduledSendAd","source":{"storageSource":{"bucket":"gcf-v2-sources-296369449480-us-central1","object":"scheduledSendAd/function-source.zip","generation":"1751257422720015"}},"environmentVariables":{"GOOGLE_NODE_RUN_SCRIPTS":""},"dockerRepository":"projects/popchatv002/locations/us-central1/repositories/gcf-artifacts","sourceProvenance":{"resolvedStorageSource":{"bucket":"gcf-v2-sources-296369449480-us-central1","object":"scheduledSendAd/function-source.zip","generation":"1751257422720015"}},"dockerRegistry":"ARTIFACT_REGISTRY","serviceAccount":"projects/popchatv002/serviceAccounts/296369449480-compute@developer.gserviceaccount.com","automaticUpdatePolicy":{}},"serviceConfig":{"service":"projects/popchatv002/locations/us-central1/services/scheduledsendad","timeoutSeconds":60,"environmentVariables":{"FIREBASE_CONFIG":"{\"projectId\":\"popchatv002\",\"databaseURL\":\"https://popchatv002-default-rtdb.firebaseio.com\",\"storageBucket\":\"popchatv002.firebasestorage.app\"}","GCLOUD_PROJECT":"popchatv002","EVENTARC_CLOUD_EVENT_SOURCE":"projects/popchatv002/locations/us-central1/services/scheduledSendAd","FUNCTION_TARGET":"scheduledSendAd","LOG_EXECUTION_ID":"true","FUNCTION_SIGNATURE_TYPE":"http"},"maxInstanceCount":20,"ingressSettings":"ALLOW_ALL","uri":"https://scheduledsendad-2zjil5azfa-uc.a.run.app","serviceAccountEmail":"296369449480-compute@developer.gserviceaccount.com","availableMemory":"256Mi","allTrafficOnLatestRevision":true,"revision":"scheduledsendad-00018-yar","maxInstanceRequestConcurrency":80,"availableCpu":"1"},"state":"ACTIVE","updateTime":"2025-06-30T04:23:42.762927497Z","labels":{"firebase-functions-hash":"c28c7186af76edd8980ce0372c24cb87c7ed761b","deployment-tool":"cli-firebase","deployment-scheduled":"true"},"environment":"GEN_2","url":"https://us-central1-popchatv002.cloudfunctions.net/scheduledSendAd","createTime":"2025-06-21T22:10:43.266811237Z","satisfiesPzi":true}}
[debug] [2025-06-30T04:24:41.782Z] Got source token Cldwcm9qZWN0cy8yOTYzNjk0NDk0ODAvbG9jYXRpb25zL3VzLWNlbnRyYWwxL2J1aWxkcy8wMWYyZjE3Ni1lODQxLTQxY2UtOWIyZC00M2M1ZWRjNzg2M2YSa3VzLWNlbnRyYWwxLWRvY2tlci5wa2cuZGV2L3BvcGNoYXR2MDAyL2djZi1hcnRpZmFjdHMvcG9wY2hhdHYwMDJfX3VzLS1jZW50cmFsMV9fc2NoZWR1bGVkX3NlbmRfYWQ6dmVyc2lvbl8xGIjU+4fQCCJEcHJvamVjdHMvcG9wY2hhdHYwMDIvbG9jYXRpb25zL3VzLWNlbnRyYWwxL2Z1bmN0aW9ucy9zY2hlZHVsZWRTZW5kQWQqDAj/oojDBhCQiLbUATIIbm9kZWpzMjI6dgojZ2NyLmlvL2dhZS1ydW50aW1lcy9ub2RlanMyMjpzdGFibGUST3VzLWNlbnRyYWwxLWRvY2tlci5wa2cuZGV2L3NlcnZlcmxlc3MtcnVudGltZXMvZ29vZ2xlLTIyLWZ1bGwvcnVudGltZXMvbm9kZWpzMjJAAQ== for region us-central1
[debug] [2025-06-30T04:24:41.782Z] Checked if tokens are valid: true, expires at: 1751260621805
[debug] [2025-06-30T04:24:41.782Z] Checked if tokens are valid: true, expires at: 1751260621805
[debug] [2025-06-30T04:24:41.782Z] >>> [apiv2][query] GET https://run.googleapis.com/v1/projects/popchatv002/locations/us-central1/services/scheduledsendad:getIamPolicy [none]
[debug] [2025-06-30T04:24:42.363Z] <<< [apiv2][status] GET https://run.googleapis.com/v1/projects/popchatv002/locations/us-central1/services/scheduledsendad:getIamPolicy 200
[debug] [2025-06-30T04:24:42.363Z] <<< [apiv2][body] GET https://run.googleapis.com/v1/projects/popchatv002/locations/us-central1/services/scheduledsendad:getIamPolicy {"version":1,"etag":"BwY4HEEFP7w=","bindings":[{"role":"roles/run.invoker","members":["serviceAccount:296369449480-compute@developer.gserviceaccount.com"]}]}
[debug] [2025-06-30T04:24:42.364Z] Checked if tokens are valid: true, expires at: 1751260621805
[debug] [2025-06-30T04:24:42.364Z] Checked if tokens are valid: true, expires at: 1751260621805
[debug] [2025-06-30T04:24:42.364Z] >>> [apiv2][query] GET https://cloudscheduler.googleapis.com/v1/projects/popchatv002/locations/us-central1/jobs/firebase-schedule-scheduledSendAd-us-central1 [none]
[debug] [2025-06-30T04:24:42.775Z] <<< [apiv2][status] GET https://cloudscheduler.googleapis.com/v1/projects/popchatv002/locations/us-central1/jobs/firebase-schedule-scheduledSendAd-us-central1 200
[debug] [2025-06-30T04:24:42.776Z] <<< [apiv2][body] GET https://cloudscheduler.googleapis.com/v1/projects/popchatv002/locations/us-central1/jobs/firebase-schedule-scheduledSendAd-us-central1 {"name":"projects/popchatv002/locations/us-central1/jobs/firebase-schedule-scheduledSendAd-us-central1","httpTarget":{"uri":"https://scheduledsendad-2zjil5azfa-uc.a.run.app/","httpMethod":"POST","headers":{"User-Agent":"Google-Cloud-Scheduler"},"oidcToken":{"serviceAccountEmail":"296369449480-compute@developer.gserviceaccount.com","audience":"https://scheduledsendad-2zjil5azfa-uc.a.run.app"}},"userUpdateTime":"2025-06-21T23:03:17Z","state":"ENABLED","status":{},"scheduleTime":"2025-06-30T04:27:00.400204Z","lastAttemptTime":"2025-06-30T04:14:00.924098Z","schedule":"every 13 minutes","timeZone":"America/Vancouver","attemptDeadline":"180s"}
[debug] [2025-06-30T04:24:42.776Z] Checked if tokens are valid: true, expires at: 1751260621805
[debug] [2025-06-30T04:24:42.776Z] Checked if tokens are valid: true, expires at: 1751260621805
[debug] [2025-06-30T04:24:42.776Z] >>> [apiv2][query] PATCH https://cloudscheduler.googleapis.com/v1/projects/popchatv002/locations/us-central1/jobs/firebase-schedule-scheduledSendAd-us-central1 updateMask=name%2CtimeZone%2ChttpTarget%2Cschedule
[debug] [2025-06-30T04:24:42.776Z] >>> [apiv2][body] PATCH https://cloudscheduler.googleapis.com/v1/projects/popchatv002/locations/us-central1/jobs/firebase-schedule-scheduledSendAd-us-central1 {"timeZone":"America/Vancouver","name":"projects/popchatv002/locations/us-central1/jobs/firebase-schedule-scheduledSendAd-us-central1","httpTarget":{"uri":"https://scheduledsendad-2zjil5azfa-uc.a.run.app","httpMethod":"POST","oidcToken":{"serviceAccountEmail":"296369449480-compute@developer.gserviceaccount.com"}},"schedule":"every 1 hour"}
[debug] [2025-06-30T04:24:44.092Z] <<< [apiv2][status] PATCH https://cloudscheduler.googleapis.com/v1/projects/popchatv002/locations/us-central1/jobs/firebase-schedule-scheduledSendAd-us-central1 400
[debug] [2025-06-30T04:24:44.092Z] <<< [apiv2][body] PATCH https://cloudscheduler.googleapis.com/v1/projects/popchatv002/locations/us-central1/jobs/firebase-schedule-scheduledSendAd-us-central1 {"error":{"code":400,"message":"Schedule or time zone is invalid.","status":"INVALID_ARGUMENT"}}
[error] Request to https://cloudscheduler.googleapis.com/v1/projects/popchatv002/locations/us-central1/jobs/firebase-schedule-scheduledSendAd-us-central1?updateMask=name%2CtimeZone%2ChttpTarget%2Cschedule had HTTP Error: 400, Schedule or time zone is invalid.
[debug] [2025-06-30T04:24:44.098Z] Total Function Deployment time: 61960
[debug] [2025-06-30T04:24:44.098Z] 1 Functions Deployed
[debug] [2025-06-30T04:24:44.098Z] 1 Functions Errored
[debug] [2025-06-30T04:24:44.098Z] 0 Function Deployments Aborted
[debug] [2025-06-30T04:24:44.098Z] Average Function Deployment time: 61959
[info] 
[info] Functions deploy had errors with the following functions:
	scheduledSendAd(us-central1)
[debug] [2025-06-30T04:24:44.387Z] Not printing URL for HTTPS function. Typically this means it didn't match a filter or we failed deployment
[debug] [2025-06-30T04:24:44.387Z] Not printing URL for HTTPS function. Typically this means it didn't match a filter or we failed deployment
[debug] [2025-06-30T04:24:44.388Z] Not printing URL for HTTPS function. Typically this means it didn't match a filter or we failed deployment
[debug] [2025-06-30T04:24:44.388Z] Not printing URL for HTTPS function. Typically this means it didn't match a filter or we failed deployment
[debug] [2025-06-30T04:24:44.388Z] Not printing URL for HTTPS function. Typically this means it didn't match a filter or we failed deployment
[debug] [2025-06-30T04:24:44.388Z] Not printing URL for HTTPS function. Typically this means it didn't match a filter or we failed deployment
[debug] [2025-06-30T04:24:44.388Z] Not printing URL for HTTPS function. Typically this means it didn't match a filter or we failed deployment
[debug] [2025-06-30T04:24:44.388Z] Not printing URL for HTTPS function. Typically this means it didn't match a filter or we failed deployment
[debug] [2025-06-30T04:24:44.388Z] Not printing URL for HTTPS function. Typically this means it didn't match a filter or we failed deployment
[debug] [2025-06-30T04:24:44.388Z] Checked if tokens are valid: true, expires at: 1751260621805
[debug] [2025-06-30T04:24:44.388Z] Checked if tokens are valid: true, expires at: 1751260621805
[debug] [2025-06-30T04:24:44.388Z] >>> [apiv2][query] GET https://artifactregistry.googleapis.com/v1/projects/popchatv002/locations/us-central1/repositories/gcf-artifacts [none]
[debug] [2025-06-30T04:24:44.781Z] <<< [apiv2][status] GET https://artifactregistry.googleapis.com/v1/projects/popchatv002/locations/us-central1/repositories/gcf-artifacts 200
[debug] [2025-06-30T04:24:44.781Z] <<< [apiv2][body] GET https://artifactregistry.googleapis.com/v1/projects/popchatv002/locations/us-central1/repositories/gcf-artifacts {"name":"projects/popchatv002/locations/us-central1/repositories/gcf-artifacts","format":"DOCKER","description":"This repository is created and used by Cloud Functions for storing function docker images.","labels":{"goog-managed-by":"cloudfunctions"},"createTime":"2025-06-17T19:36:15.494572Z","updateTime":"2025-06-30T04:24:26.732284Z","mode":"STANDARD_REPOSITORY","cleanupPolicies":{"firebase-functions-cleanup":{"id":"firebase-functions-cleanup","action":"DELETE","condition":{"tagState":"ANY","olderThan":"86400s"}}},"sizeBytes":"158986806","vulnerabilityScanningConfig":{"lastEnableTime":"2025-06-17T19:36:02.933053286Z","enablementState":"SCANNING_DISABLED","enablementStateReason":"API containerscanning.googleapis.com is not enabled."},"satisfiesPzi":true,"registryUri":"us-central1-docker.pkg.dev/popchatv002/gcf-artifacts"}
[debug] [2025-06-30T04:24:44.782Z] Functions deploy failed.
[debug] [2025-06-30T04:24:44.782Z] {
  "endpoint": {
    "id": "scheduledSendAd",
    "project": "popchatv002",
    "region": "us-central1",
    "entryPoint": "scheduledSendAd",
    "platform": "gcfv2",
    "runtime": "nodejs22",
    "scheduleTrigger": {
      "schedule": "every 1 hour",
      "timeZone": "America/Vancouver",
      "retryConfig": {}
    },
    "labels": {
      "deployment-tool": "cli-firebase"
    },
    "serviceAccount": null,
    "ingressSettings": null,
    "availableMemoryMb": null,
    "timeoutSeconds": null,
    "maxInstances": null,
    "minInstances": null,
    "concurrency": 80,
    "vpc": null,
    "environmentVariables": {
      "FIREBASE_CONFIG": "{\"projectId\":\"popchatv002\",\"databaseURL\":\"https://popchatv002-default-rtdb.firebaseio.com\",\"storageBucket\":\"popchatv002.firebasestorage.app\"}",
      "GCLOUD_PROJECT": "popchatv002",
      "EVENTARC_CLOUD_EVENT_SOURCE": "projects/popchatv002/locations/us-central1/services/scheduledSendAd",
      "FUNCTION_TARGET": "scheduledSendAd",
      "LOG_EXECUTION_ID": "true",
      "FUNCTION_SIGNATURE_TYPE": "http"
    },
    "codebase": "default",
    "runServiceId": "scheduledsendad",
    "cpu": 1,
    "securityLevel": "SECURE_ALWAYS",
    "targetedByOnly": true,
    "hash": "c28c7186af76edd8980ce0372c24cb87c7ed761b",
    "uri": "https://scheduledsendad-2zjil5azfa-uc.a.run.app"
  },
  "op": "upsert schedule",
  "original": {
    "name": "FirebaseError",
    "children": [],
    "context": {
      "body": {
        "error": {
          "code": 400,
          "message": "Schedule or time zone is invalid.",
          "status": "INVALID_ARGUMENT"
        }
      },
      "response": {
        "statusCode": 400
      }
    },
    "exit": 1,
    "message": "Request to https://cloudscheduler.googleapis.com/v1/projects/popchatv002/locations/us-central1/jobs/firebase-schedule-scheduledSendAd-us-central1?updateMask=name%2CtimeZone%2ChttpTarget%2Cschedule had HTTP Error: 400, Schedule or time zone is invalid.",
    "status": 400,
    "code": 400
  }
}
[debug] [2025-06-30T04:24:44.801Z] Error: Failed to upsert schedule function scheduledSendAd in region us-central1
    at C:\Users\Ricky PC\AppData\Roaming\npm\node_modules\firebase-tools\lib\deploy\functions\release\fabricator.js:52:11
    at process.processTicksAndRejections (node:internal/process/task_queues:105:5)
    at async Fabricator.upsertScheduleV2 (C:\Users\Ricky PC\AppData\Roaming\npm\node_modules\firebase-tools\lib\deploy\functions\release\fabricator.js:519:9)
    at async Fabricator.setTrigger (C:\Users\Ricky PC\AppData\Roaming\npm\node_modules\firebase-tools\lib\deploy\functions\release\fabricator.js:480:17)
    at async Fabricator.updateEndpoint (C:\Users\Ricky PC\AppData\Roaming\npm\node_modules\firebase-tools\lib\deploy\functions\release\fabricator.js:160:9)
    at async handle (C:\Users\Ricky PC\AppData\Roaming\npm\node_modules\firebase-tools\lib\deploy\functions\release\fabricator.js:89:17)
[error] 
[error] Error: There was an error deploying functions
[debug] [2025-06-30T04:24:49.714Z] ----------------------------------------------------------------------
[debug] [2025-06-30T04:24:49.720Z] Command:       C:\Program Files\nodejs\node.exe C:\Users\Ricky PC\AppData\Roaming\npm\node_modules\firebase-tools\lib\bin\firebase.js deploy --only functions:scheduledSendAd --debug
[debug] [2025-06-30T04:24:49.720Z] CLI Version:   14.7.0
[debug] [2025-06-30T04:24:49.720Z] Platform:      win32
[debug] [2025-06-30T04:24:49.720Z] Node Version:  v22.16.0
[debug] [2025-06-30T04:24:49.721Z] Time:          Sun Jun 29 2025 21:24:49 GMT-0700 (Pacific Daylight Time)
[debug] [2025-06-30T04:24:49.721Z] ----------------------------------------------------------------------
[debug] 
[debug] [2025-06-30T04:24:50.022Z] > command requires scopes: ["email","openid","https://www.googleapis.com/auth/cloudplatformprojects.readonly","https://www.googleapis.com/auth/firebase","https://www.googleapis.com/auth/cloud-platform"]
[debug] [2025-06-30T04:24:50.024Z] > authorizing via signed-in user (foxopenone@gmail.com)
[debug] [2025-06-30T04:24:50.024Z] [iam] checking project popchatv002 for permissions ["cloudfunctions.functions.create","cloudfunctions.functions.delete","cloudfunctions.functions.get","cloudfunctions.functions.list","cloudfunctions.functions.update","cloudfunctions.operations.get","firebase.projects.get"]
[debug] [2025-06-30T04:24:50.026Z] Checked if tokens are valid: true, expires at: 1751260621805
[debug] [2025-06-30T04:24:50.026Z] Checked if tokens are valid: true, expires at: 1751260621805
[debug] [2025-06-30T04:24:50.027Z] >>> [apiv2][query] POST https://cloudresourcemanager.googleapis.com/v1/projects/popchatv002:testIamPermissions [none]
[debug] [2025-06-30T04:24:50.027Z] >>> [apiv2][(partial)header] POST https://cloudresourcemanager.googleapis.com/v1/projects/popchatv002:testIamPermissions x-goog-quota-user=projects/popchatv002
[debug] [2025-06-30T04:24:50.028Z] >>> [apiv2][body] POST https://cloudresourcemanager.googleapis.com/v1/projects/popchatv002:testIamPermissions {"permissions":["cloudfunctions.functions.create","cloudfunctions.functions.delete","cloudfunctions.functions.get","cloudfunctions.functions.list","cloudfunctions.functions.update","cloudfunctions.operations.get","firebase.projects.get"]}
[debug] [2025-06-30T04:24:50.239Z] <<< [apiv2][status] POST https://cloudresourcemanager.googleapis.com/v1/projects/popchatv002:testIamPermissions 200
[debug] [2025-06-30T04:24:50.240Z] <<< [apiv2][body] POST https://cloudresourcemanager.googleapis.com/v1/projects/popchatv002:testIamPermissions {"permissions":["cloudfunctions.functions.create","cloudfunctions.functions.delete","cloudfunctions.functions.get","cloudfunctions.functions.list","cloudfunctions.functions.update","cloudfunctions.operations.get","firebase.projects.get"]}
[debug] [2025-06-30T04:24:50.241Z] Checked if tokens are valid: true, expires at: 1751260621805
[debug] [2025-06-30T04:24:50.241Z] Checked if tokens are valid: true, expires at: 1751260621805
[debug] [2025-06-30T04:24:50.241Z] >>> [apiv2][query] POST https://iam.googleapis.com/v1/projects/popchatv002/serviceAccounts/popchatv002@appspot.gserviceaccount.com:testIamPermissions [none]
[debug] [2025-06-30T04:24:50.241Z] >>> [apiv2][body] POST https://iam.googleapis.com/v1/projects/popchatv002/serviceAccounts/popchatv002@appspot.gserviceaccount.com:testIamPermissions {"permissions":["iam.serviceAccounts.actAs"]}
[debug] [2025-06-30T04:24:50.374Z] <<< [apiv2][status] POST https://iam.googleapis.com/v1/projects/popchatv002/serviceAccounts/popchatv002@appspot.gserviceaccount.com:testIamPermissions 200
[debug] [2025-06-30T04:24:50.375Z] <<< [apiv2][body] POST https://iam.googleapis.com/v1/projects/popchatv002/serviceAccounts/popchatv002@appspot.gserviceaccount.com:testIamPermissions {"permissions":["iam.serviceAccounts.actAs"]}
[info] 
[info] === Deploying to 'popchatv002'...
[info] 
[info] i  deploying functions 
[debug] [2025-06-30T04:24:50.378Z] Checked if tokens are valid: true, expires at: 1751260621805
[debug] [2025-06-30T04:24:50.378Z] Checked if tokens are valid: true, expires at: 1751260621805
[debug] [2025-06-30T04:24:50.379Z] >>> [apiv2][query] GET https://serviceusage.googleapis.com/v1/projects/popchatv002/services/cloudresourcemanager.googleapis.com [none]
[debug] [2025-06-30T04:24:50.379Z] >>> [apiv2][(partial)header] GET https://serviceusage.googleapis.com/v1/projects/popchatv002/services/cloudresourcemanager.googleapis.com x-goog-quota-user=projects/popchatv002
[debug] [2025-06-30T04:24:50.607Z] <<< [apiv2][status] GET https://serviceusage.googleapis.com/v1/projects/popchatv002/services/cloudresourcemanager.googleapis.com 200
[debug] [2025-06-30T04:24:50.608Z] <<< [apiv2][body] GET https://serviceusage.googleapis.com/v1/projects/popchatv002/services/cloudresourcemanager.googleapis.com [omitted]
[debug] [2025-06-30T04:24:50.608Z] Checked if tokens are valid: true, expires at: 1751260621805
[debug] [2025-06-30T04:24:50.608Z] Checked if tokens are valid: true, expires at: 1751260621805
[debug] [2025-06-30T04:24:50.609Z] >>> [apiv2][query] GET https://cloudresourcemanager.googleapis.com/v1/projects/popchatv002 [none]
[debug] [2025-06-30T04:24:50.702Z] <<< [apiv2][status] GET https://cloudresourcemanager.googleapis.com/v1/projects/popchatv002 200
[debug] [2025-06-30T04:24:50.703Z] <<< [apiv2][body] GET https://cloudresourcemanager.googleapis.com/v1/projects/popchatv002 {"projectNumber":"296369449480","projectId":"popchatv002","lifecycleState":"ACTIVE","name":"popchatv002","labels":{"firebase":"enabled"},"createTime":"2024-08-28T01:10:41.404402Z"}
[info] i  functions: preparing codebase default for deployment 
[info] i  functions: ensuring required API cloudfunctions.googleapis.com is enabled... 
[debug] [2025-06-30T04:24:50.704Z] Checked if tokens are valid: true, expires at: 1751260621805
[debug] [2025-06-30T04:24:50.704Z] Checked if tokens are valid: true, expires at: 1751260621805
[debug] [2025-06-30T04:24:50.705Z] Checked if tokens are valid: true, expires at: 1751260621805
[debug] [2025-06-30T04:24:50.705Z] Checked if tokens are valid: true, expires at: 1751260621805
[info] i  functions: ensuring required API cloudbuild.googleapis.com is enabled... 
[debug] [2025-06-30T04:24:50.705Z] Checked if tokens are valid: true, expires at: 1751260621805
[debug] [2025-06-30T04:24:50.706Z] Checked if tokens are valid: true, expires at: 1751260621805
[info] i  artifactregistry: ensuring required API artifactregistry.googleapis.com is enabled... 
[debug] [2025-06-30T04:24:50.706Z] Checked if tokens are valid: true, expires at: 1751260621805
[debug] [2025-06-30T04:24:50.706Z] Checked if tokens are valid: true, expires at: 1751260621805
[debug] [2025-06-30T04:24:50.707Z] >>> [apiv2][query] GET https://serviceusage.googleapis.com/v1/projects/popchatv002/services/cloudfunctions.googleapis.com [none]
[debug] [2025-06-30T04:24:50.707Z] >>> [apiv2][(partial)header] GET https://serviceusage.googleapis.com/v1/projects/popchatv002/services/cloudfunctions.googleapis.com x-goog-quota-user=projects/popchatv002
[debug] [2025-06-30T04:24:50.709Z] >>> [apiv2][query] GET https://serviceusage.googleapis.com/v1/projects/popchatv002/services/runtimeconfig.googleapis.com [none]
[debug] [2025-06-30T04:24:50.709Z] >>> [apiv2][(partial)header] GET https://serviceusage.googleapis.com/v1/projects/popchatv002/services/runtimeconfig.googleapis.com x-goog-quota-user=projects/popchatv002
[debug] [2025-06-30T04:24:50.712Z] >>> [apiv2][query] GET https://serviceusage.googleapis.com/v1/projects/popchatv002/services/cloudbuild.googleapis.com [none]
[debug] [2025-06-30T04:24:50.712Z] >>> [apiv2][(partial)header] GET https://serviceusage.googleapis.com/v1/projects/popchatv002/services/cloudbuild.googleapis.com x-goog-quota-user=projects/popchatv002
[debug] [2025-06-30T04:24:50.715Z] >>> [apiv2][query] GET https://serviceusage.googleapis.com/v1/projects/popchatv002/services/artifactregistry.googleapis.com [none]
[debug] [2025-06-30T04:24:50.715Z] >>> [apiv2][(partial)header] GET https://serviceusage.googleapis.com/v1/projects/popchatv002/services/artifactregistry.googleapis.com x-goog-quota-user=projects/popchatv002
[debug] [2025-06-30T04:24:51.087Z] <<< [apiv2][status] GET https://serviceusage.googleapis.com/v1/projects/popchatv002/services/cloudfunctions.googleapis.com 200
[debug] [2025-06-30T04:24:51.087Z] <<< [apiv2][body] GET https://serviceusage.googleapis.com/v1/projects/popchatv002/services/cloudfunctions.googleapis.com [omitted]
[info] +  functions: required API cloudfunctions.googleapis.com is enabled 
[debug] [2025-06-30T04:24:51.270Z] <<< [apiv2][status] GET https://serviceusage.googleapis.com/v1/projects/popchatv002/services/runtimeconfig.googleapis.com 200
[debug] [2025-06-30T04:24:51.271Z] <<< [apiv2][body] GET https://serviceusage.googleapis.com/v1/projects/popchatv002/services/runtimeconfig.googleapis.com [omitted]
[debug] [2025-06-30T04:24:51.274Z] <<< [apiv2][status] GET https://serviceusage.googleapis.com/v1/projects/popchatv002/services/cloudbuild.googleapis.com 200
[debug] [2025-06-30T04:24:51.274Z] <<< [apiv2][body] GET https://serviceusage.googleapis.com/v1/projects/popchatv002/services/cloudbuild.googleapis.com [omitted]
[info] +  functions: required API cloudbuild.googleapis.com is enabled 
[debug] [2025-06-30T04:24:51.288Z] <<< [apiv2][status] GET https://serviceusage.googleapis.com/v1/projects/popchatv002/services/artifactregistry.googleapis.com 200
[debug] [2025-06-30T04:24:51.289Z] <<< [apiv2][body] GET https://serviceusage.googleapis.com/v1/projects/popchatv002/services/artifactregistry.googleapis.com [omitted]
[info] +  artifactregistry: required API artifactregistry.googleapis.com is enabled 
[debug] [2025-06-30T04:24:51.290Z] Checked if tokens are valid: true, expires at: 1751260621805
[debug] [2025-06-30T04:24:51.290Z] Checked if tokens are valid: true, expires at: 1751260621805
[debug] [2025-06-30T04:24:51.291Z] >>> [apiv2][query] GET https://firebase.googleapis.com/v1beta1/projects/popchatv002/adminSdkConfig [none]
[debug] [2025-06-30T04:24:51.687Z] <<< [apiv2][status] GET https://firebase.googleapis.com/v1beta1/projects/popchatv002/adminSdkConfig 200
[debug] [2025-06-30T04:24:51.688Z] <<< [apiv2][body] GET https://firebase.googleapis.com/v1beta1/projects/popchatv002/adminSdkConfig {"projectId":"popchatv002","databaseURL":"https://popchatv002-default-rtdb.firebaseio.com","storageBucket":"popchatv002.firebasestorage.app"}
[debug] [2025-06-30T04:24:51.689Z] Checked if tokens are valid: true, expires at: 1751260621805
[debug] [2025-06-30T04:24:51.689Z] Checked if tokens are valid: true, expires at: 1751260621805
[debug] [2025-06-30T04:24:51.689Z] >>> [apiv2][query] GET https://runtimeconfig.googleapis.com/v1beta1/projects/popchatv002/configs [none]
[debug] [2025-06-30T04:24:51.882Z] <<< [apiv2][status] GET https://runtimeconfig.googleapis.com/v1beta1/projects/popchatv002/configs 200
[debug] [2025-06-30T04:24:51.883Z] <<< [apiv2][body] GET https://runtimeconfig.googleapis.com/v1beta1/projects/popchatv002/configs {}
[debug] [2025-06-30T04:24:51.886Z] Validating nodejs source
[debug] [2025-06-30T04:24:53.662Z] > [functions] package.json contents: {
  "name": "functions",
  "description": "Cloud Functions for Firebase",
  "scripts": {
    "serve": "firebase emulators:start --only functions",
    "start": "firebase emulators:start --only functions,database",
    "shell": "firebase functions:shell",
    "deploy": "firebase deploy --only functions",
    "logs": "firebase functions:log"
  },
  "engines": {
    "node": "22"
  },
  "main": "index.js",
  "dependencies": {
    "axios": "^1.10.0",
    "firebase-admin": "^12.6.0",
    "firebase-functions": "^6.0.1",
    "luxon": "^3.6.1"
  },
  "devDependencies": {
    "firebase-functions-test": "^3.1.0"
  },
  "private": true
}
[debug] [2025-06-30T04:24:53.664Z] Building nodejs source
[info] i  functions: Loading and analyzing source code for codebase default to determine what to deploy 
[debug] [2025-06-30T04:24:53.665Z] Could not find functions.yaml. Must use http discovery
[debug] [2025-06-30T04:24:53.772Z] Found firebase-functions binary at 'G:\functions\node_modules\.bin\firebase-functions'
[info] Serving at port 8479

[debug] [2025-06-30T04:24:54.910Z] Got response from /__/functions.yaml {"endpoints":{"testHttpFunction":{"availableMemoryMb":null,"timeoutSeconds":null,"minInstances":null,"maxInstances":null,"ingressSettings":null,"concurrency":null,"serviceAccountEmail":null,"vpc":null,"platform":"gcfv2","labels":{},"httpsTrigger":{},"entryPoint":"testHttpFunction"},"writeToDatabase":{"availableMemoryMb":null,"timeoutSeconds":null,"minInstances":null,"maxInstances":null,"ingressSettings":null,"concurrency":null,"serviceAccountEmail":null,"vpc":null,"platform":"gcfv2","labels":{},"httpsTrigger":{},"entryPoint":"writeToDatabase"},"addUserStatus":{"availableMemoryMb":null,"timeoutSeconds":null,"minInstances":null,"maxInstances":null,"ingressSettings":null,"concurrency":null,"serviceAccountEmail":null,"vpc":null,"platform":"gcfv2","labels":{},"httpsTrigger":{},"entryPoint":"addUserStatus"},"trackUserSessionCreate":{"availableMemoryMb":null,"timeoutSeconds":null,"minInstances":null,"maxInstances":null,"ingressSettings":null,"concurrency":null,"serviceAccountEmail":null,"vpc":null,"platform":"gcfv2","labels":{},"eventTrigger":{"eventType":"google.firebase.database.ref.v1.created","eventFilters":{},"eventFilterPathPatterns":{"ref":"status/{userId}","instance":"*"},"retry":false},"entryPoint":"trackUserSessionCreate"},"trackUserSessionDelete":{"availableMemoryMb":null,"timeoutSeconds":null,"minInstances":null,"maxInstances":null,"ingressSettings":null,"concurrency":null,"serviceAccountEmail":null,"vpc":null,"platform":"gcfv2","labels":{},"eventTrigger":{"eventType":"google.firebase.database.ref.v1.deleted","eventFilters":{},"eventFilterPathPatterns":{"ref":"status/{userId}","instance":"*"},"retry":false},"entryPoint":"trackUserSessionDelete"},"telegramWebhook":{"availableMemoryMb":null,"timeoutSeconds":null,"minInstances":null,"maxInstances":null,"ingressSettings":null,"concurrency":null,"serviceAccountEmail":null,"vpc":null,"platform":"gcfv2","labels":{},"httpsTrigger":{},"entryPoint":"telegramWebhook"},"testScheduledFunction":{"availableMemoryMb":null,"timeoutSeconds":null,"minInstances":null,"maxInstances":null,"ingressSettings":null,"concurrency":null,"serviceAccountEmail":null,"vpc":null,"platform":"gcfv2","labels":{},"httpsTrigger":{},"entryPoint":"testScheduledFunction"},"scheduledRandomUserMedia":{"availableMemoryMb":null,"timeoutSeconds":null,"minInstances":null,"maxInstances":null,"ingressSettings":null,"concurrency":null,"serviceAccountEmail":null,"vpc":null,"platform":"gcfv2","labels":{},"scheduleTrigger":{"schedule":"every 15 minutes","retryConfig":{},"timeZone":"America/Vancouver"},"entryPoint":"scheduledRandomUserMedia"},"testSendAd":{"availableMemoryMb":null,"timeoutSeconds":null,"minInstances":null,"maxInstances":null,"ingressSettings":null,"concurrency":null,"serviceAccountEmail":null,"vpc":null,"platform":"gcfv2","labels":{},"httpsTrigger":{},"entryPoint":"testSendAd"},"scheduledSendAd":{"availableMemoryMb":null,"timeoutSeconds":null,"minInstances":null,"maxInstances":null,"ingressSettings":null,"concurrency":null,"serviceAccountEmail":null,"vpc":null,"platform":"gcfv2","labels":{},"scheduleTrigger":{"schedule":"every 1 hour","retryConfig":{},"timeZone":"America/Vancouver"},"entryPoint":"scheduledSendAd"},"resetUserCounter":{"availableMemoryMb":null,"timeoutSeconds":null,"minInstances":null,"maxInstances":null,"ingressSettings":null,"concurrency":null,"serviceAccountEmail":null,"vpc":null,"platform":"gcfv2","labels":{},"httpsTrigger":{},"entryPoint":"resetUserCounter"},"testSnapshotCycling":{"availableMemoryMb":null,"timeoutSeconds":null,"minInstances":null,"maxInstances":null,"ingressSettings":null,"concurrency":null,"serviceAccountEmail":null,"vpc":null,"platform":"gcfv2","labels":{},"httpsTrigger":{},"entryPoint":"testSnapshotCycling"},"sendHostToGroup":{"availableMemoryMb":null,"timeoutSeconds":null,"minInstances":null,"maxInstances":null,"ingressSettings":null,"concurrency":null,"serviceAccountEmail":null,"vpc":null,"platform":"gcfv2","labels":{},"httpsTrigger":{},"entryPoint":"sendHostToGroup"}},"specVersion":"v1alpha1","requiredAPIs":[{"api":"cloudscheduler.googleapis.com","reason":"Needed for scheduled functions."}],"extensions":{}}
[info] i  extensions: ensuring required API firebaseextensions.googleapis.com is enabled... 
[debug] [2025-06-30T04:24:59.040Z] Checked if tokens are valid: true, expires at: 1751260621805
[debug] [2025-06-30T04:24:59.041Z] Checked if tokens are valid: true, expires at: 1751260621805
[debug] [2025-06-30T04:24:59.041Z] >>> [apiv2][query] GET https://serviceusage.googleapis.com/v1/projects/popchatv002/services/firebaseextensions.googleapis.com [none]
[debug] [2025-06-30T04:24:59.041Z] >>> [apiv2][(partial)header] GET https://serviceusage.googleapis.com/v1/projects/popchatv002/services/firebaseextensions.googleapis.com x-goog-quota-user=projects/popchatv002
[debug] [2025-06-30T04:24:59.518Z] <<< [apiv2][status] GET https://serviceusage.googleapis.com/v1/projects/popchatv002/services/firebaseextensions.googleapis.com 200
[debug] [2025-06-30T04:24:59.519Z] <<< [apiv2][body] GET https://serviceusage.googleapis.com/v1/projects/popchatv002/services/firebaseextensions.googleapis.com [omitted]
[info] +  extensions: required API firebaseextensions.googleapis.com is enabled 
[debug] [2025-06-30T04:24:59.520Z] > command requires scopes: ["email","openid","https://www.googleapis.com/auth/cloudplatformprojects.readonly","https://www.googleapis.com/auth/firebase","https://www.googleapis.com/auth/cloud-platform"]
[debug] [2025-06-30T04:24:59.521Z] > authorizing via signed-in user (foxopenone@gmail.com)
[debug] [2025-06-30T04:24:59.521Z] [iam] checking project popchatv002 for permissions ["firebase.projects.get","firebaseextensions.instances.list"]
[debug] [2025-06-30T04:24:59.522Z] Checked if tokens are valid: true, expires at: 1751260621805
[debug] [2025-06-30T04:24:59.522Z] Checked if tokens are valid: true, expires at: 1751260621805
[debug] [2025-06-30T04:24:59.522Z] >>> [apiv2][query] POST https://cloudresourcemanager.googleapis.com/v1/projects/popchatv002:testIamPermissions [none]
[debug] [2025-06-30T04:24:59.522Z] >>> [apiv2][(partial)header] POST https://cloudresourcemanager.googleapis.com/v1/projects/popchatv002:testIamPermissions x-goog-quota-user=projects/popchatv002
[debug] [2025-06-30T04:24:59.523Z] >>> [apiv2][body] POST https://cloudresourcemanager.googleapis.com/v1/projects/popchatv002:testIamPermissions {"permissions":["firebase.projects.get","firebaseextensions.instances.list"]}
[debug] [2025-06-30T04:24:59.685Z] <<< [apiv2][status] POST https://cloudresourcemanager.googleapis.com/v1/projects/popchatv002:testIamPermissions 200
[debug] [2025-06-30T04:24:59.686Z] <<< [apiv2][body] POST https://cloudresourcemanager.googleapis.com/v1/projects/popchatv002:testIamPermissions {"permissions":["firebase.projects.get","firebaseextensions.instances.list"]}
[debug] [2025-06-30T04:24:59.687Z] Checked if tokens are valid: true, expires at: 1751260621805
[debug] [2025-06-30T04:24:59.687Z] Checked if tokens are valid: true, expires at: 1751260621805
[debug] [2025-06-30T04:24:59.687Z] >>> [apiv2][query] GET https://firebaseextensions.googleapis.com/v1beta/projects/popchatv002/instances pageSize=100&pageToken=
[debug] [2025-06-30T04:25:00.031Z] <<< [apiv2][status] GET https://firebaseextensions.googleapis.com/v1beta/projects/popchatv002/instances 200
[debug] [2025-06-30T04:25:00.032Z] <<< [apiv2][body] GET https://firebaseextensions.googleapis.com/v1beta/projects/popchatv002/instances {}
[info] i  functions: preparing functions directory for uploading... 
[info] i  functions: packaged G:\functions\functions (78.42 KB) for uploading 
[debug] [2025-06-30T04:25:00.092Z] Checked if tokens are valid: true, expires at: 1751260621805
[debug] [2025-06-30T04:25:00.092Z] Checked if tokens are valid: true, expires at: 1751260621805
[debug] [2025-06-30T04:25:00.092Z] >>> [apiv2][query] GET https://cloudfunctions.googleapis.com/v1/projects/popchatv002/locations/-/functions [none]
[debug] [2025-06-30T04:25:00.697Z] <<< [apiv2][status] GET https://cloudfunctions.googleapis.com/v1/projects/popchatv002/locations/-/functions 200
[debug] [2025-06-30T04:25:00.698Z] <<< [apiv2][body] GET https://cloudfunctions.googleapis.com/v1/projects/popchatv002/locations/-/functions {}
[debug] [2025-06-30T04:25:00.699Z] Checked if tokens are valid: true, expires at: 1751260621805
[debug] [2025-06-30T04:25:00.699Z] Checked if tokens are valid: true, expires at: 1751260621805
[debug] [2025-06-30T04:25:00.699Z] >>> [apiv2][query] GET https://cloudfunctions.googleapis.com/v2/projects/popchatv002/locations/-/functions filter=environment%3D%22GEN_2%22
[debug] [2025-06-30T04:25:01.258Z] <<< [apiv2][status] GET https://cloudfunctions.googleapis.com/v2/projects/popchatv002/locations/-/functions 200
[debug] [2025-06-30T04:25:01.259Z] <<< [apiv2][body] GET https://cloudfunctions.googleapis.com/v2/projects/popchatv002/locations/-/functions {"functions":[{"name":"projects/popchatv002/locations/us-central1/functions/writeToDatabase","buildConfig":{"build":"projects/296369449480/locations/us-central1/builds/2e9fcc7e-7ac4-48a6-a81c-1f3f46b4db9f","runtime":"nodejs22","entryPoint":"writeToDatabase","source":{"storageSource":{"bucket":"gcf-v2-sources-296369449480-us-central1","object":"writeToDatabase/function-source.zip","generation":"1751257098219640"}},"environmentVariables":{"GOOGLE_NODE_RUN_SCRIPTS":""},"dockerRepository":"projects/popchatv002/locations/us-central1/repositories/gcf-artifacts","sourceProvenance":{"resolvedStorageSource":{"bucket":"gcf-v2-sources-296369449480-us-central1","object":"writeToDatabase/function-source.zip","generation":"1751257098219640"}},"dockerRegistry":"ARTIFACT_REGISTRY","serviceAccount":"projects/popchatv002/serviceAccounts/296369449480-compute@developer.gserviceaccount.com","automaticUpdatePolicy":{}},"serviceConfig":{"service":"projects/popchatv002/locations/us-central1/services/writetodatabase","timeoutSeconds":60,"environmentVariables":{"FIREBASE_CONFIG":"{\"projectId\":\"popchatv002\",\"databaseURL\":\"https://popchatv002-default-rtdb.firebaseio.com\",\"storageBucket\":\"popchatv002.firebasestorage.app\"}","GCLOUD_PROJECT":"popchatv002","EVENTARC_CLOUD_EVENT_SOURCE":"projects/popchatv002/locations/us-central1/services/writeToDatabase","FUNCTION_TARGET":"writeToDatabase","LOG_EXECUTION_ID":"true","FUNCTION_SIGNATURE_TYPE":"http"},"maxInstanceCount":20,"ingressSettings":"ALLOW_ALL","uri":"https://writetodatabase-2zjil5azfa-uc.a.run.app","serviceAccountEmail":"296369449480-compute@developer.gserviceaccount.com","availableMemory":"256Mi","allTrafficOnLatestRevision":true,"revision":"writetodatabase-00025-lad","maxInstanceRequestConcurrency":80,"availableCpu":"1"},"state":"ACTIVE","updateTime":"2025-06-30T04:18:25.224015904Z","labels":{"deployment-tool":"cli-firebase","firebase-functions-hash":"c28c7186af76edd8980ce0372c24cb87c7ed761b"},"environment":"GEN_2","url":"https://us-central1-popchatv002.cloudfunctions.net/writeToDatabase","createTime":"2025-06-17T19:37:23.338968378Z","satisfiesPzi":true},{"name":"projects/popchatv002/locations/us-central1/functions/scheduledRandomUserMedia","buildConfig":{"build":"projects/296369449480/locations/us-central1/builds/2e9fcc7e-7ac4-48a6-a81c-1f3f46b4db9f","runtime":"nodejs22","entryPoint":"scheduledRandomUserMedia","source":{"storageSource":{"bucket":"gcf-v2-sources-296369449480-us-central1","object":"scheduledRandomUserMedia/function-source.zip","generation":"1751257099544726"}},"environmentVariables":{"GOOGLE_NODE_RUN_SCRIPTS":""},"dockerRepository":"projects/popchatv002/locations/us-central1/repositories/gcf-artifacts","sourceProvenance":{"resolvedStorageSource":{"bucket":"gcf-v2-sources-296369449480-us-central1","object":"scheduledRandomUserMedia/function-source.zip","generation":"1751257099544726"}},"dockerRegistry":"ARTIFACT_REGISTRY","serviceAccount":"projects/popchatv002/serviceAccounts/296369449480-compute@developer.gserviceaccount.com","automaticUpdatePolicy":{}},"serviceConfig":{"service":"projects/popchatv002/locations/us-central1/services/scheduledrandomusermedia","timeoutSeconds":60,"environmentVariables":{"FIREBASE_CONFIG":"{\"projectId\":\"popchatv002\",\"databaseURL\":\"https://popchatv002-default-rtdb.firebaseio.com\",\"storageBucket\":\"popchatv002.firebasestorage.app\"}","GCLOUD_PROJECT":"popchatv002","EVENTARC_CLOUD_EVENT_SOURCE":"projects/popchatv002/locations/us-central1/services/scheduledRandomUserMedia","FUNCTION_TARGET":"scheduledRandomUserMedia","LOG_EXECUTION_ID":"true","FUNCTION_SIGNATURE_TYPE":"http"},"maxInstanceCount":20,"ingressSettings":"ALLOW_ALL","uri":"https://scheduledrandomusermedia-2zjil5azfa-uc.a.run.app","serviceAccountEmail":"296369449480-compute@developer.gserviceaccount.com","availableMemory":"256Mi","allTrafficOnLatestRevision":true,"revision":"scheduledrandomusermedia-00026-jex","maxInstanceRequestConcurrency":80,"availableCpu":"1"},"state":"ACTIVE","updateTime":"2025-06-30T04:18:26.520707641Z","labels":{"firebase-functions-hash":"c28c7186af76edd8980ce0372c24cb87c7ed761b","deployment-tool":"cli-firebase","deployment-scheduled":"true"},"environment":"GEN_2","url":"https://us-central1-popchatv002.cloudfunctions.net/scheduledRandomUserMedia","createTime":"2025-06-21T04:32:02.024260916Z","satisfiesPzi":true},{"name":"projects/popchatv002/locations/us-central1/functions/trackUserSessionCreate","buildConfig":{"build":"projects/296369449480/locations/us-central1/builds/2e9fcc7e-7ac4-48a6-a81c-1f3f46b4db9f","runtime":"nodejs22","entryPoint":"trackUserSessionCreate","source":{"storageSource":{"bucket":"gcf-v2-sources-296369449480-us-central1","object":"trackUserSessionCreate/function-source.zip","generation":"1751257099505409"}},"environmentVariables":{"GOOGLE_NODE_RUN_SCRIPTS":""},"dockerRepository":"projects/popchatv002/locations/us-central1/repositories/gcf-artifacts","sourceProvenance":{"resolvedStorageSource":{"bucket":"gcf-v2-sources-296369449480-us-central1","object":"trackUserSessionCreate/function-source.zip","generation":"1751257099505409"}},"dockerRegistry":"ARTIFACT_REGISTRY","serviceAccount":"projects/popchatv002/serviceAccounts/296369449480-compute@developer.gserviceaccount.com","automaticUpdatePolicy":{}},"serviceConfig":{"service":"projects/popchatv002/locations/us-central1/services/trackusersessioncreate","timeoutSeconds":60,"environmentVariables":{"FIREBASE_CONFIG":"{\"projectId\":\"popchatv002\",\"databaseURL\":\"https://popchatv002-default-rtdb.firebaseio.com\",\"storageBucket\":\"popchatv002.firebasestorage.app\"}","GCLOUD_PROJECT":"popchatv002","EVENTARC_CLOUD_EVENT_SOURCE":"projects/popchatv002/locations/us-central1/services/trackUserSessionCreate","FUNCTION_SIGNATURE_TYPE":"cloudevent","FUNCTION_TARGET":"trackUserSessionCreate","LOG_EXECUTION_ID":"true"},"maxInstanceCount":20,"ingressSettings":"ALLOW_ALL","uri":"https://trackusersessioncreate-2zjil5azfa-uc.a.run.app","serviceAccountEmail":"296369449480-compute@developer.gserviceaccount.com","availableMemory":"256Mi","allTrafficOnLatestRevision":true,"revision":"trackusersessioncreate-00028-bey","maxInstanceRequestConcurrency":80,"availableCpu":"1"},"eventTrigger":{"trigger":"projects/popchatv002/locations/us-central1/triggers/trackusersessioncreate-981783","triggerRegion":"us-central1","eventType":"google.firebase.database.ref.v1.created","eventFilters":[{"attribute":"ref","value":"status/{userId}","operator":"match-path-pattern"},{"attribute":"instance","value":"*","operator":"match-path-pattern"}],"pubsubTopic":"projects/popchatv002/topics/eventarc-us-central1-trackusersessioncreate-981783-499","serviceAccountEmail":"296369449480-compute@developer.gserviceaccount.com","retryPolicy":"RETRY_POLICY_DO_NOT_RETRY"},"state":"ACTIVE","updateTime":"2025-06-30T04:18:26.855062361Z","labels":{"firebase-functions-hash":"c28c7186af76edd8980ce0372c24cb87c7ed761b","deployment-tool":"cli-firebase"},"environment":"GEN_2","url":"https://us-central1-popchatv002.cloudfunctions.net/trackUserSessionCreate","createTime":"2025-06-17T19:39:18.945558146Z","satisfiesPzi":true},{"name":"projects/popchatv002/locations/us-central1/functions/scheduledSendAd","buildConfig":{"build":"projects/296369449480/locations/us-central1/builds/01f2f176-e841-41ce-9b2d-43c5edc7863f","runtime":"nodejs22","entryPoint":"scheduledSendAd","source":{"storageSource":{"bucket":"gcf-v2-sources-296369449480-us-central1","object":"scheduledSendAd/function-source.zip","generation":"1751257422720015"}},"environmentVariables":{"GOOGLE_NODE_RUN_SCRIPTS":""},"dockerRepository":"projects/popchatv002/locations/us-central1/repositories/gcf-artifacts","sourceProvenance":{"resolvedStorageSource":{"bucket":"gcf-v2-sources-296369449480-us-central1","object":"scheduledSendAd/function-source.zip","generation":"1751257422720015"}},"dockerRegistry":"ARTIFACT_REGISTRY","serviceAccount":"projects/popchatv002/serviceAccounts/296369449480-compute@developer.gserviceaccount.com","automaticUpdatePolicy":{}},"serviceConfig":{"service":"projects/popchatv002/locations/us-central1/services/scheduledsendad","timeoutSeconds":60,"environmentVariables":{"FIREBASE_CONFIG":"{\"projectId\":\"popchatv002\",\"databaseURL\":\"https://popchatv002-default-rtdb.firebaseio.com\",\"storageBucket\":\"popchatv002.firebasestorage.app\"}","GCLOUD_PROJECT":"popchatv002","EVENTARC_CLOUD_EVENT_SOURCE":"projects/popchatv002/locations/us-central1/services/scheduledSendAd","FUNCTION_TARGET":"scheduledSendAd","LOG_EXECUTION_ID":"true","FUNCTION_SIGNATURE_TYPE":"http"},"maxInstanceCount":20,"ingressSettings":"ALLOW_ALL","uri":"https://scheduledsendad-2zjil5azfa-uc.a.run.app","serviceAccountEmail":"296369449480-compute@developer.gserviceaccount.com","availableMemory":"256Mi","allTrafficOnLatestRevision":true,"revision":"scheduledsendad-00018-yar","maxInstanceRequestConcurrency":80,"availableCpu":"1"},"state":"ACTIVE","updateTime":"2025-06-30T04:24:39.728438877Z","labels":{"deployment-tool":"cli-firebase","deployment-scheduled":"true","firebase-functions-hash":"c28c7186af76edd8980ce0372c24cb87c7ed761b"},"environment":"GEN_2","url":"https://us-central1-popchatv002.cloudfunctions.net/scheduledSendAd","createTime":"2025-06-21T22:10:43.266811237Z","satisfiesPzi":true},{"name":"projects/popchatv002/locations/us-central1/functions/addUserStatus","buildConfig":{"build":"projects/296369449480/locations/us-central1/builds/2e9fcc7e-7ac4-48a6-a81c-1f3f46b4db9f","runtime":"nodejs22","entryPoint":"addUserStatus","source":{"storageSource":{"bucket":"gcf-v2-sources-296369449480-us-central1","object":"addUserStatus/function-source.zip","generation":"1751257099523851"}},"environmentVariables":{"GOOGLE_NODE_RUN_SCRIPTS":""},"dockerRepository":"projects/popchatv002/locations/us-central1/repositories/gcf-artifacts","sourceProvenance":{"resolvedStorageSource":{"bucket":"gcf-v2-sources-296369449480-us-central1","object":"addUserStatus/function-source.zip","generation":"1751257099523851"}},"dockerRegistry":"ARTIFACT_REGISTRY","serviceAccount":"projects/popchatv002/serviceAccounts/296369449480-compute@developer.gserviceaccount.com","automaticUpdatePolicy":{}},"serviceConfig":{"service":"projects/popchatv002/locations/us-central1/services/adduserstatus","timeoutSeconds":60,"environmentVariables":{"FIREBASE_CONFIG":"{\"projectId\":\"popchatv002\",\"databaseURL\":\"https://popchatv002-default-rtdb.firebaseio.com\",\"storageBucket\":\"popchatv002.firebasestorage.app\"}","GCLOUD_PROJECT":"popchatv002","EVENTARC_CLOUD_EVENT_SOURCE":"projects/popchatv002/locations/us-central1/services/addUserStatus","FUNCTION_TARGET":"addUserStatus","LOG_EXECUTION_ID":"true","FUNCTION_SIGNATURE_TYPE":"http"},"maxInstanceCount":20,"ingressSettings":"ALLOW_ALL","uri":"https://adduserstatus-2zjil5azfa-uc.a.run.app","serviceAccountEmail":"296369449480-compute@developer.gserviceaccount.com","availableMemory":"256Mi","allTrafficOnLatestRevision":true,"revision":"adduserstatus-00026-fix","maxInstanceRequestConcurrency":80,"availableCpu":"1"},"state":"ACTIVE","updateTime":"2025-06-30T04:18:26.392418126Z","labels":{"firebase-functions-hash":"c28c7186af76edd8980ce0372c24cb87c7ed761b","deployment-tool":"cli-firebase"},"environment":"GEN_2","url":"https://us-central1-popchatv002.cloudfunctions.net/addUserStatus","createTime":"2025-06-17T19:37:23.629484826Z","satisfiesPzi":true},{"name":"projects/popchatv002/locations/us-central1/functions/testHttpFunction","buildConfig":{"build":"projects/296369449480/locations/us-central1/builds/2e9fcc7e-7ac4-48a6-a81c-1f3f46b4db9f","runtime":"nodejs22","entryPoint":"testHttpFunction","source":{"storageSource":{"bucket":"gcf-v2-sources-296369449480-us-central1","object":"testHttpFunction/function-source.zip","generation":"1751257038130210"}},"environmentVariables":{"GOOGLE_NODE_RUN_SCRIPTS":""},"dockerRepository":"projects/popchatv002/locations/us-central1/repositories/gcf-artifacts","sourceProvenance":{"resolvedStorageSource":{"bucket":"gcf-v2-sources-296369449480-us-central1","object":"testHttpFunction/function-source.zip","generation":"1751257038130210"}},"dockerRegistry":"ARTIFACT_REGISTRY","serviceAccount":"projects/popchatv002/serviceAccounts/296369449480-compute@developer.gserviceaccount.com","automaticUpdatePolicy":{}},"serviceConfig":{"service":"projects/popchatv002/locations/us-central1/services/testhttpfunction","timeoutSeconds":60,"environmentVariables":{"FIREBASE_CONFIG":"{\"projectId\":\"popchatv002\",\"databaseURL\":\"https://popchatv002-default-rtdb.firebaseio.com\",\"storageBucket\":\"popchatv002.firebasestorage.app\"}","GCLOUD_PROJECT":"popchatv002","EVENTARC_CLOUD_EVENT_SOURCE":"projects/popchatv002/locations/us-central1/services/testHttpFunction","FUNCTION_TARGET":"testHttpFunction","LOG_EXECUTION_ID":"true","FUNCTION_SIGNATURE_TYPE":"http"},"maxInstanceCount":20,"ingressSettings":"ALLOW_ALL","uri":"https://testhttpfunction-2zjil5azfa-uc.a.run.app","serviceAccountEmail":"296369449480-compute@developer.gserviceaccount.com","availableMemory":"256Mi","allTrafficOnLatestRevision":true,"revision":"testhttpfunction-00025-siz","maxInstanceRequestConcurrency":80,"availableCpu":"1"},"state":"ACTIVE","updateTime":"2025-06-30T04:18:20.761734931Z","labels":{"deployment-tool":"cli-firebase","firebase-functions-hash":"c28c7186af76edd8980ce0372c24cb87c7ed761b"},"environment":"GEN_2","url":"https://us-central1-popchatv002.cloudfunctions.net/testHttpFunction","createTime":"2025-06-17T19:36:02.735230980Z","satisfiesPzi":true},{"name":"projects/popchatv002/locations/us-central1/functions/resetUserCounter","buildConfig":{"build":"projects/296369449480/locations/us-central1/builds/2e9fcc7e-7ac4-48a6-a81c-1f3f46b4db9f","runtime":"nodejs22","entryPoint":"resetUserCounter","source":{"storageSource":{"bucket":"gcf-v2-sources-296369449480-us-central1","object":"resetUserCounter/function-source.zip","generation":"1751257099518160"}},"environmentVariables":{"GOOGLE_NODE_RUN_SCRIPTS":""},"dockerRepository":"projects/popchatv002/locations/us-central1/repositories/gcf-artifacts","sourceProvenance":{"resolvedStorageSource":{"bucket":"gcf-v2-sources-296369449480-us-central1","object":"resetUserCounter/function-source.zip","generation":"1751257099518160"}},"dockerRegistry":"ARTIFACT_REGISTRY","serviceAccount":"projects/popchatv002/serviceAccounts/296369449480-compute@developer.gserviceaccount.com","automaticUpdatePolicy":{}},"serviceConfig":{"service":"projects/popchatv002/locations/us-central1/services/resetusercounter","timeoutSeconds":60,"environmentVariables":{"FIREBASE_CONFIG":"{\"projectId\":\"popchatv002\",\"databaseURL\":\"https://popchatv002-default-rtdb.firebaseio.com\",\"storageBucket\":\"popchatv002.firebasestorage.app\"}","GCLOUD_PROJECT":"popchatv002","EVENTARC_CLOUD_EVENT_SOURCE":"projects/popchatv002/locations/us-central1/services/resetUserCounter","FUNCTION_TARGET":"resetUserCounter","LOG_EXECUTION_ID":"true","FUNCTION_SIGNATURE_TYPE":"http"},"maxInstanceCount":20,"ingressSettings":"ALLOW_ALL","uri":"https://resetusercounter-2zjil5azfa-uc.a.run.app","serviceAccountEmail":"296369449480-compute@developer.gserviceaccount.com","availableMemory":"256Mi","allTrafficOnLatestRevision":true,"revision":"resetusercounter-00014-cef","maxInstanceRequestConcurrency":80,"availableCpu":"1"},"state":"ACTIVE","updateTime":"2025-06-30T04:18:26.342728452Z","labels":{"deployment-tool":"cli-firebase","firebase-functions-hash":"c28c7186af76edd8980ce0372c24cb87c7ed761b"},"environment":"GEN_2","url":"https://us-central1-popchatv002.cloudfunctions.net/resetUserCounter","createTime":"2025-06-22T01:53:00.190865676Z","satisfiesPzi":true},{"name":"projects/popchatv002/locations/us-central1/functions/testSendAd","buildConfig":{"build":"projects/296369449480/locations/us-central1/builds/2e9fcc7e-7ac4-48a6-a81c-1f3f46b4db9f","runtime":"nodejs22","entryPoint":"testSendAd","source":{"storageSource":{"bucket":"gcf-v2-sources-296369449480-us-central1","object":"testSendAd/function-source.zip","generation":"1751257099645799"}},"environmentVariables":{"GOOGLE_NODE_RUN_SCRIPTS":""},"dockerRepository":"projects/popchatv002/locations/us-central1/repositories/gcf-artifacts","sourceProvenance":{"resolvedStorageSource":{"bucket":"gcf-v2-sources-296369449480-us-central1","object":"testSendAd/function-source.zip","generation":"1751257099645799"}},"dockerRegistry":"ARTIFACT_REGISTRY","serviceAccount":"projects/popchatv002/serviceAccounts/296369449480-compute@developer.gserviceaccount.com","automaticUpdatePolicy":{}},"serviceConfig":{"service":"projects/popchatv002/locations/us-central1/services/testsendad","timeoutSeconds":60,"environmentVariables":{"FIREBASE_CONFIG":"{\"projectId\":\"popchatv002\",\"databaseURL\":\"https://popchatv002-default-rtdb.firebaseio.com\",\"storageBucket\":\"popchatv002.firebasestorage.app\"}","GCLOUD_PROJECT":"popchatv002","EVENTARC_CLOUD_EVENT_SOURCE":"projects/popchatv002/locations/us-central1/services/testSendAd","FUNCTION_TARGET":"testSendAd","LOG_EXECUTION_ID":"true","FUNCTION_SIGNATURE_TYPE":"http"},"maxInstanceCount":20,"ingressSettings":"ALLOW_ALL","uri":"https://testsendad-2zjil5azfa-uc.a.run.app","serviceAccountEmail":"296369449480-compute@developer.gserviceaccount.com","availableMemory":"256Mi","allTrafficOnLatestRevision":true,"revision":"testsendad-00017-viq","maxInstanceRequestConcurrency":80,"availableCpu":"1"},"state":"ACTIVE","updateTime":"2025-06-30T04:18:26.951434184Z","labels":{"deployment-tool":"cli-firebase","firebase-functions-hash":"c28c7186af76edd8980ce0372c24cb87c7ed761b"},"environment":"GEN_2","url":"https://us-central1-popchatv002.cloudfunctions.net/testSendAd","createTime":"2025-06-21T22:10:41.832646806Z","satisfiesPzi":true},{"name":"projects/popchatv002/locations/us-central1/functions/telegramWebhook","buildConfig":{"build":"projects/296369449480/locations/us-central1/builds/2e9fcc7e-7ac4-48a6-a81c-1f3f46b4db9f","runtime":"nodejs22","entryPoint":"telegramWebhook","source":{"storageSource":{"bucket":"gcf-v2-sources-296369449480-us-central1","object":"telegramWebhook/function-source.zip","generation":"1751257099563488"}},"environmentVariables":{"GOOGLE_NODE_RUN_SCRIPTS":""},"dockerRepository":"projects/popchatv002/locations/us-central1/repositories/gcf-artifacts","sourceProvenance":{"resolvedStorageSource":{"bucket":"gcf-v2-sources-296369449480-us-central1","object":"telegramWebhook/function-source.zip","generation":"1751257099563488"}},"dockerRegistry":"ARTIFACT_REGISTRY","serviceAccount":"projects/popchatv002/serviceAccounts/296369449480-compute@developer.gserviceaccount.com","automaticUpdatePolicy":{}},"serviceConfig":{"service":"projects/popchatv002/locations/us-central1/services/telegramwebhook","timeoutSeconds":60,"environmentVariables":{"FIREBASE_CONFIG":"{\"projectId\":\"popchatv002\",\"databaseURL\":\"https://popchatv002-default-rtdb.firebaseio.com\",\"storageBucket\":\"popchatv002.firebasestorage.app\"}","GCLOUD_PROJECT":"popchatv002","EVENTARC_CLOUD_EVENT_SOURCE":"projects/popchatv002/locations/us-central1/services/telegramWebhook","FUNCTION_TARGET":"telegramWebhook","LOG_EXECUTION_ID":"true","FUNCTION_SIGNATURE_TYPE":"http"},"maxInstanceCount":20,"ingressSettings":"ALLOW_ALL","uri":"https://telegramwebhook-2zjil5azfa-uc.a.run.app","serviceAccountEmail":"296369449480-compute@developer.gserviceaccount.com","availableMemory":"256Mi","allTrafficOnLatestRevision":true,"revision":"telegramwebhook-00012-rig","maxInstanceRequestConcurrency":80,"availableCpu":"1"},"state":"ACTIVE","updateTime":"2025-06-30T04:18:26.651758326Z","labels":{"deployment-tool":"cli-firebase","firebase-functions-hash":"c28c7186af76edd8980ce0372c24cb87c7ed761b"},"environment":"GEN_2","url":"https://us-central1-popchatv002.cloudfunctions.net/telegramWebhook","createTime":"2025-06-24T19:41:30.679763849Z","satisfiesPzi":true},{"name":"projects/popchatv002/locations/us-central1/functions/testSnapshotCycling","buildConfig":{"build":"projects/296369449480/locations/us-central1/builds/2e9fcc7e-7ac4-48a6-a81c-1f3f46b4db9f","runtime":"nodejs22","entryPoint":"testSnapshotCycling","source":{"storageSource":{"bucket":"gcf-v2-sources-296369449480-us-central1","object":"testSnapshotCycling/function-source.zip","generation":"1751257099513117"}},"environmentVariables":{"GOOGLE_NODE_RUN_SCRIPTS":""},"dockerRepository":"projects/popchatv002/locations/us-central1/repositories/gcf-artifacts","sourceProvenance":{"resolvedStorageSource":{"bucket":"gcf-v2-sources-296369449480-us-central1","object":"testSnapshotCycling/function-source.zip","generation":"1751257099513117"}},"dockerRegistry":"ARTIFACT_REGISTRY","serviceAccount":"projects/popchatv002/serviceAccounts/296369449480-compute@developer.gserviceaccount.com","automaticUpdatePolicy":{}},"serviceConfig":{"service":"projects/popchatv002/locations/us-central1/services/testsnapshotcycling","timeoutSeconds":60,"environmentVariables":{"FIREBASE_CONFIG":"{\"projectId\":\"popchatv002\",\"databaseURL\":\"https://popchatv002-default-rtdb.firebaseio.com\",\"storageBucket\":\"popchatv002.firebasestorage.app\"}","GCLOUD_PROJECT":"popchatv002","EVENTARC_CLOUD_EVENT_SOURCE":"projects/popchatv002/locations/us-central1/services/testSnapshotCycling","FUNCTION_TARGET":"testSnapshotCycling","LOG_EXECUTION_ID":"true","FUNCTION_SIGNATURE_TYPE":"http"},"maxInstanceCount":20,"ingressSettings":"ALLOW_ALL","uri":"https://testsnapshotcycling-2zjil5azfa-uc.a.run.app","serviceAccountEmail":"296369449480-compute@developer.gserviceaccount.com","availableMemory":"256Mi","allTrafficOnLatestRevision":true,"revision":"testsnapshotcycling-00013-ses","maxInstanceRequestConcurrency":80,"availableCpu":"1"},"state":"ACTIVE","updateTime":"2025-06-30T04:18:26.812368483Z","labels":{"deployment-tool":"cli-firebase","firebase-functions-hash":"c28c7186af76edd8980ce0372c24cb87c7ed761b"},"environment":"GEN_2","url":"https://us-central1-popchatv002.cloudfunctions.net/testSnapshotCycling","createTime":"2025-06-22T22:30:55.378111908Z","satisfiesPzi":true},{"name":"projects/popchatv002/locations/us-central1/functions/trackUserSessionDelete","buildConfig":{"build":"projects/296369449480/locations/us-central1/builds/2e9fcc7e-7ac4-48a6-a81c-1f3f46b4db9f","runtime":"nodejs22","entryPoint":"trackUserSessionDelete","source":{"storageSource":{"bucket":"gcf-v2-sources-296369449480-us-central1","object":"trackUserSessionDelete/function-source.zip","generation":"1751257099512193"}},"environmentVariables":{"GOOGLE_NODE_RUN_SCRIPTS":""},"dockerRepository":"projects/popchatv002/locations/us-central1/repositories/gcf-artifacts","sourceProvenance":{"resolvedStorageSource":{"bucket":"gcf-v2-sources-296369449480-us-central1","object":"trackUserSessionDelete/function-source.zip","generation":"1751257099512193"}},"dockerRegistry":"ARTIFACT_REGISTRY","serviceAccount":"projects/popchatv002/serviceAccounts/296369449480-compute@developer.gserviceaccount.com","automaticUpdatePolicy":{}},"serviceConfig":{"service":"projects/popchatv002/locations/us-central1/services/trackusersessiondelete","timeoutSeconds":60,"environmentVariables":{"FIREBASE_CONFIG":"{\"projectId\":\"popchatv002\",\"databaseURL\":\"https://popchatv002-default-rtdb.firebaseio.com\",\"storageBucket\":\"popchatv002.firebasestorage.app\"}","GCLOUD_PROJECT":"popchatv002","EVENTARC_CLOUD_EVENT_SOURCE":"projects/popchatv002/locations/us-central1/services/trackUserSessionDelete","FUNCTION_SIGNATURE_TYPE":"cloudevent","FUNCTION_TARGET":"trackUserSessionDelete","LOG_EXECUTION_ID":"true"},"maxInstanceCount":20,"ingressSettings":"ALLOW_ALL","uri":"https://trackusersessiondelete-2zjil5azfa-uc.a.run.app","serviceAccountEmail":"296369449480-compute@developer.gserviceaccount.com","availableMemory":"256Mi","allTrafficOnLatestRevision":true,"revision":"trackusersessiondelete-00029-boj","maxInstanceRequestConcurrency":80,"availableCpu":"1"},"eventTrigger":{"trigger":"projects/popchatv002/locations/us-central1/triggers/trackusersessiondelete-166122","triggerRegion":"us-central1","eventType":"google.firebase.database.ref.v1.deleted","eventFilters":[{"attribute":"ref","value":"status/{userId}","operator":"match-path-pattern"},{"attribute":"instance","value":"*","operator":"match-path-pattern"}],"pubsubTopic":"projects/popchatv002/topics/eventarc-us-central1-trackusersessiondelete-166122-935","serviceAccountEmail":"296369449480-compute@developer.gserviceaccount.com","retryPolicy":"RETRY_POLICY_DO_NOT_RETRY"},"state":"ACTIVE","updateTime":"2025-06-30T04:18:27.396554508Z","labels":{"firebase-functions-hash":"c28c7186af76edd8980ce0372c24cb87c7ed761b","deployment-tool":"cli-firebase"},"environment":"GEN_2","url":"https://us-central1-popchatv002.cloudfunctions.net/trackUserSessionDelete","createTime":"2025-06-17T19:40:19.047353904Z","satisfiesPzi":true},{"name":"projects/popchatv002/locations/us-central1/functions/testScheduledFunction","buildConfig":{"build":"projects/296369449480/locations/us-central1/builds/2e9fcc7e-7ac4-48a6-a81c-1f3f46b4db9f","runtime":"nodejs22","entryPoint":"testScheduledFunction","source":{"storageSource":{"bucket":"gcf-v2-sources-296369449480-us-central1","object":"testScheduledFunction/function-source.zip","generation":"1751257099559976"}},"environmentVariables":{"GOOGLE_NODE_RUN_SCRIPTS":""},"dockerRepository":"projects/popchatv002/locations/us-central1/repositories/gcf-artifacts","sourceProvenance":{"resolvedStorageSource":{"bucket":"gcf-v2-sources-296369449480-us-central1","object":"testScheduledFunction/function-source.zip","generation":"1751257099559976"}},"dockerRegistry":"ARTIFACT_REGISTRY","serviceAccount":"projects/popchatv002/serviceAccounts/296369449480-compute@developer.gserviceaccount.com","automaticUpdatePolicy":{}},"serviceConfig":{"service":"projects/popchatv002/locations/us-central1/services/testscheduledfunction","timeoutSeconds":60,"environmentVariables":{"FIREBASE_CONFIG":"{\"projectId\":\"popchatv002\",\"databaseURL\":\"https://popchatv002-default-rtdb.firebaseio.com\",\"storageBucket\":\"popchatv002.firebasestorage.app\"}","GCLOUD_PROJECT":"popchatv002","EVENTARC_CLOUD_EVENT_SOURCE":"projects/popchatv002/locations/us-central1/services/testScheduledFunction","FUNCTION_TARGET":"testScheduledFunction","LOG_EXECUTION_ID":"true","FUNCTION_SIGNATURE_TYPE":"http"},"maxInstanceCount":20,"ingressSettings":"ALLOW_ALL","uri":"https://testscheduledfunction-2zjil5azfa-uc.a.run.app","serviceAccountEmail":"296369449480-compute@developer.gserviceaccount.com","availableMemory":"256Mi","allTrafficOnLatestRevision":true,"revision":"testscheduledfunction-00024-xin","maxInstanceRequestConcurrency":80,"availableCpu":"1"},"state":"ACTIVE","updateTime":"2025-06-30T04:18:27.212129310Z","labels":{"deployment-tool":"cli-firebase","firebase-functions-hash":"c28c7186af76edd8980ce0372c24cb87c7ed761b"},"environment":"GEN_2","url":"https://us-central1-popchatv002.cloudfunctions.net/testScheduledFunction","createTime":"2025-06-21T04:32:01.974969722Z","satisfiesPzi":true},{"name":"projects/popchatv002/locations/us-central1/functions/sendHostToGroup","buildConfig":{"build":"projects/296369449480/locations/us-central1/builds/2e9fcc7e-7ac4-48a6-a81c-1f3f46b4db9f","runtime":"nodejs22","entryPoint":"sendHostToGroup","source":{"storageSource":{"bucket":"gcf-v2-sources-296369449480-us-central1","object":"sendHostToGroup/function-source.zip","generation":"1751257099576409"}},"environmentVariables":{"GOOGLE_NODE_RUN_SCRIPTS":""},"dockerRepository":"projects/popchatv002/locations/us-central1/repositories/gcf-artifacts","sourceProvenance":{"resolvedStorageSource":{"bucket":"gcf-v2-sources-296369449480-us-central1","object":"sendHostToGroup/function-source.zip","generation":"1751257099576409"}},"dockerRegistry":"ARTIFACT_REGISTRY","serviceAccount":"projects/popchatv002/serviceAccounts/296369449480-compute@developer.gserviceaccount.com","automaticUpdatePolicy":{}},"serviceConfig":{"service":"projects/popchatv002/locations/us-central1/services/sendhosttogroup","timeoutSeconds":60,"environmentVariables":{"FIREBASE_CONFIG":"{\"projectId\":\"popchatv002\",\"databaseURL\":\"https://popchatv002-default-rtdb.firebaseio.com\",\"storageBucket\":\"popchatv002.firebasestorage.app\"}","GCLOUD_PROJECT":"popchatv002","EVENTARC_CLOUD_EVENT_SOURCE":"projects/popchatv002/locations/us-central1/services/sendHostToGroup","FUNCTION_TARGET":"sendHostToGroup","LOG_EXECUTION_ID":"true","FUNCTION_SIGNATURE_TYPE":"http"},"maxInstanceCount":20,"ingressSettings":"ALLOW_ALL","uri":"https://sendhosttogroup-2zjil5azfa-uc.a.run.app","serviceAccountEmail":"296369449480-compute@developer.gserviceaccount.com","availableMemory":"256Mi","allTrafficOnLatestRevision":true,"revision":"sendhosttogroup-00023-viy","maxInstanceRequestConcurrency":80,"availableCpu":"1"},"state":"ACTIVE","updateTime":"2025-06-30T04:18:27.936859170Z","labels":{"deployment-tool":"cli-firebase","firebase-functions-hash":"c28c7186af76edd8980ce0372c24cb87c7ed761b"},"environment":"GEN_2","url":"https://us-central1-popchatv002.cloudfunctions.net/sendHostToGroup","createTime":"2025-06-21T04:32:01.651931084Z","satisfiesPzi":true}]}
[info] i  functions: ensuring required API cloudscheduler.googleapis.com is enabled... 
[debug] [2025-06-30T04:25:01.296Z] Checked if tokens are valid: true, expires at: 1751260621805
[debug] [2025-06-30T04:25:01.297Z] Checked if tokens are valid: true, expires at: 1751260621805
[debug] [2025-06-30T04:25:01.297Z] >>> [apiv2][query] GET https://serviceusage.googleapis.com/v1/projects/296369449480/services/cloudscheduler.googleapis.com [none]
[debug] [2025-06-30T04:25:01.297Z] >>> [apiv2][(partial)header] GET https://serviceusage.googleapis.com/v1/projects/296369449480/services/cloudscheduler.googleapis.com x-goog-quota-user=projects/296369449480
[debug] [2025-06-30T04:25:01.652Z] <<< [apiv2][status] GET https://serviceusage.googleapis.com/v1/projects/296369449480/services/cloudscheduler.googleapis.com 200
[debug] [2025-06-30T04:25:01.653Z] <<< [apiv2][body] GET https://serviceusage.googleapis.com/v1/projects/296369449480/services/cloudscheduler.googleapis.com [omitted]
[info] +  functions: required API cloudscheduler.googleapis.com is enabled 
[info] i  functions: ensuring required API run.googleapis.com is enabled... 
[debug] [2025-06-30T04:25:01.654Z] Checked if tokens are valid: true, expires at: 1751260621805
[debug] [2025-06-30T04:25:01.655Z] Checked if tokens are valid: true, expires at: 1751260621805
[info] i  functions: ensuring required API eventarc.googleapis.com is enabled... 
[debug] [2025-06-30T04:25:01.655Z] Checked if tokens are valid: true, expires at: 1751260621805
[debug] [2025-06-30T04:25:01.655Z] Checked if tokens are valid: true, expires at: 1751260621805
[info] i  functions: ensuring required API pubsub.googleapis.com is enabled... 
[debug] [2025-06-30T04:25:01.656Z] Checked if tokens are valid: true, expires at: 1751260621805
[debug] [2025-06-30T04:25:01.656Z] Checked if tokens are valid: true, expires at: 1751260621805
[info] i  functions: ensuring required API storage.googleapis.com is enabled... 
[debug] [2025-06-30T04:25:01.656Z] Checked if tokens are valid: true, expires at: 1751260621805
[debug] [2025-06-30T04:25:01.656Z] Checked if tokens are valid: true, expires at: 1751260621805
[debug] [2025-06-30T04:25:01.657Z] >>> [apiv2][query] GET https://serviceusage.googleapis.com/v1/projects/296369449480/services/run.googleapis.com [none]
[debug] [2025-06-30T04:25:01.657Z] >>> [apiv2][(partial)header] GET https://serviceusage.googleapis.com/v1/projects/296369449480/services/run.googleapis.com x-goog-quota-user=projects/296369449480
[debug] [2025-06-30T04:25:01.658Z] >>> [apiv2][query] GET https://serviceusage.googleapis.com/v1/projects/296369449480/services/eventarc.googleapis.com [none]
[debug] [2025-06-30T04:25:01.658Z] >>> [apiv2][(partial)header] GET https://serviceusage.googleapis.com/v1/projects/296369449480/services/eventarc.googleapis.com x-goog-quota-user=projects/296369449480
[debug] [2025-06-30T04:25:01.661Z] >>> [apiv2][query] GET https://serviceusage.googleapis.com/v1/projects/296369449480/services/pubsub.googleapis.com [none]
[debug] [2025-06-30T04:25:01.662Z] >>> [apiv2][(partial)header] GET https://serviceusage.googleapis.com/v1/projects/296369449480/services/pubsub.googleapis.com x-goog-quota-user=projects/296369449480
[debug] [2025-06-30T04:25:01.664Z] >>> [apiv2][query] GET https://serviceusage.googleapis.com/v1/projects/296369449480/services/storage.googleapis.com [none]
[debug] [2025-06-30T04:25:01.665Z] >>> [apiv2][(partial)header] GET https://serviceusage.googleapis.com/v1/projects/296369449480/services/storage.googleapis.com x-goog-quota-user=projects/296369449480
[debug] [2025-06-30T04:25:02.033Z] <<< [apiv2][status] GET https://serviceusage.googleapis.com/v1/projects/296369449480/services/run.googleapis.com 200
[debug] [2025-06-30T04:25:02.033Z] <<< [apiv2][body] GET https://serviceusage.googleapis.com/v1/projects/296369449480/services/run.googleapis.com [omitted]
[info] +  functions: required API run.googleapis.com is enabled 
[debug] [2025-06-30T04:25:02.275Z] <<< [apiv2][status] GET https://serviceusage.googleapis.com/v1/projects/296369449480/services/pubsub.googleapis.com 200
[debug] [2025-06-30T04:25:02.276Z] <<< [apiv2][body] GET https://serviceusage.googleapis.com/v1/projects/296369449480/services/pubsub.googleapis.com [omitted]
[info] +  functions: required API pubsub.googleapis.com is enabled 
[debug] [2025-06-30T04:25:02.283Z] <<< [apiv2][status] GET https://serviceusage.googleapis.com/v1/projects/296369449480/services/eventarc.googleapis.com 200
[debug] [2025-06-30T04:25:02.284Z] <<< [apiv2][body] GET https://serviceusage.googleapis.com/v1/projects/296369449480/services/eventarc.googleapis.com [omitted]
[info] +  functions: required API eventarc.googleapis.com is enabled 
[debug] [2025-06-30T04:25:02.291Z] <<< [apiv2][status] GET https://serviceusage.googleapis.com/v1/projects/296369449480/services/storage.googleapis.com 200
[debug] [2025-06-30T04:25:02.291Z] <<< [apiv2][body] GET https://serviceusage.googleapis.com/v1/projects/296369449480/services/storage.googleapis.com [omitted]
[info] +  functions: required API storage.googleapis.com is enabled 
[info] i  functions: generating the service identity for pubsub.googleapis.com... 
[debug] [2025-06-30T04:25:02.293Z] Checked if tokens are valid: true, expires at: 1751260621805
[debug] [2025-06-30T04:25:02.293Z] Checked if tokens are valid: true, expires at: 1751260621805
[info] i  functions: generating the service identity for eventarc.googleapis.com... 
[debug] [2025-06-30T04:25:02.293Z] Checked if tokens are valid: true, expires at: 1751260621805
[debug] [2025-06-30T04:25:02.294Z] Checked if tokens are valid: true, expires at: 1751260621805
[debug] [2025-06-30T04:25:02.294Z] >>> [apiv2][query] POST https://serviceusage.googleapis.com/v1beta1/projects/296369449480/services/pubsub.googleapis.com:generateServiceIdentity [none]
[debug] [2025-06-30T04:25:02.295Z] >>> [apiv2][query] POST https://serviceusage.googleapis.com/v1beta1/projects/296369449480/services/eventarc.googleapis.com:generateServiceIdentity [none]
[debug] [2025-06-30T04:25:02.527Z] <<< [apiv2][status] POST https://serviceusage.googleapis.com/v1beta1/projects/296369449480/services/eventarc.googleapis.com:generateServiceIdentity 200
[debug] [2025-06-30T04:25:02.527Z] <<< [apiv2][body] POST https://serviceusage.googleapis.com/v1beta1/projects/296369449480/services/eventarc.googleapis.com:generateServiceIdentity {"name":"operations/finished.DONE_OPERATION","done":true,"response":{"@type":"type.googleapis.com/google.api.serviceusage.v1beta1.ServiceIdentity","email":"service-296369449480@gcp-sa-eventarc.iam.gserviceaccount.com","uniqueId":"100085071243011821809"}}
[debug] [2025-06-30T04:25:02.608Z] <<< [apiv2][status] POST https://serviceusage.googleapis.com/v1beta1/projects/296369449480/services/pubsub.googleapis.com:generateServiceIdentity 200
[debug] [2025-06-30T04:25:02.609Z] <<< [apiv2][body] POST https://serviceusage.googleapis.com/v1beta1/projects/296369449480/services/pubsub.googleapis.com:generateServiceIdentity {"name":"operations/finished.DONE_OPERATION","done":true,"response":{"@type":"type.googleapis.com/google.api.serviceusage.v1beta1.ServiceIdentity","email":"service-296369449480@gcp-sa-pubsub.iam.gserviceaccount.com","uniqueId":"107489986855535891790"}}
[debug] [2025-06-30T04:25:02.611Z] Checked if tokens are valid: true, expires at: 1751260621805
[debug] [2025-06-30T04:25:02.612Z] Checked if tokens are valid: true, expires at: 1751260621805
[debug] [2025-06-30T04:25:02.612Z] >>> [apiv2][query] GET https://serviceusage.googleapis.com/v1/projects/popchatv002/services/cloudresourcemanager.googleapis.com [none]
[debug] [2025-06-30T04:25:02.612Z] >>> [apiv2][(partial)header] GET https://serviceusage.googleapis.com/v1/projects/popchatv002/services/cloudresourcemanager.googleapis.com x-goog-quota-user=projects/popchatv002
[debug] [2025-06-30T04:25:02.769Z] <<< [apiv2][status] GET https://serviceusage.googleapis.com/v1/projects/popchatv002/services/cloudresourcemanager.googleapis.com 200
[debug] [2025-06-30T04:25:02.769Z] <<< [apiv2][body] GET https://serviceusage.googleapis.com/v1/projects/popchatv002/services/cloudresourcemanager.googleapis.com [omitted]
[debug] [2025-06-30T04:25:02.770Z] Checked if tokens are valid: true, expires at: 1751260621805
[debug] [2025-06-30T04:25:02.770Z] Checked if tokens are valid: true, expires at: 1751260621805
[debug] [2025-06-30T04:25:02.770Z] >>> [apiv2][query] GET https://cloudresourcemanager.googleapis.com/v1/projects/popchatv002 [none]
[debug] [2025-06-30T04:25:02.859Z] <<< [apiv2][status] GET https://cloudresourcemanager.googleapis.com/v1/projects/popchatv002 200
[debug] [2025-06-30T04:25:02.860Z] <<< [apiv2][body] GET https://cloudresourcemanager.googleapis.com/v1/projects/popchatv002 {"projectNumber":"296369449480","projectId":"popchatv002","lifecycleState":"ACTIVE","name":"popchatv002","labels":{"firebase":"enabled"},"createTime":"2024-08-28T01:10:41.404402Z"}
[debug] [2025-06-30T04:25:02.860Z] Checked if tokens are valid: true, expires at: 1751260621805
[debug] [2025-06-30T04:25:02.860Z] Checked if tokens are valid: true, expires at: 1751260621805
[debug] [2025-06-30T04:25:02.861Z] >>> [apiv2][query] GET https://compute.googleapis.com/compute/v1/projects/296369449480 [none]
[debug] [2025-06-30T04:25:03.184Z] <<< [apiv2][status] GET https://compute.googleapis.com/compute/v1/projects/296369449480 200
[debug] [2025-06-30T04:25:03.185Z] <<< [apiv2][body] GET https://compute.googleapis.com/compute/v1/projects/296369449480 {"kind":"compute#project","id":"3646593096174360145","creationTimestamp":"2024-12-28T22:14:22.648-08:00","name":"popchatv002","commonInstanceMetadata":{"kind":"compute#metadata","fingerprint":"PDiT42wIYa4="},"quotas":[{"metric":"SNAPSHOTS","limit":1000,"usage":0},{"metric":"NETWORKS","limit":5,"usage":1},{"metric":"FIREWALLS","limit":100,"usage":4},{"metric":"IMAGES","limit":100,"usage":0},{"metric":"STATIC_ADDRESSES","limit":8,"usage":0},{"metric":"ROUTES","limit":200,"usage":0},{"metric":"FORWARDING_RULES","limit":15,"usage":0},{"metric":"TARGET_POOLS","limit":50,"usage":0},{"metric":"HEALTH_CHECKS","limit":75,"usage":0},{"metric":"IN_USE_ADDRESSES","limit":8,"usage":0},{"metric":"TARGET_INSTANCES","limit":50,"usage":0},{"metric":"TARGET_HTTP_PROXIES","limit":10,"usage":0},{"metric":"URL_MAPS","limit":10,"usage":0},{"metric":"BACKEND_SERVICES","limit":50,"usage":0},{"metric":"INSTANCE_TEMPLATES","limit":100,"usage":0},{"metric":"TARGET_VPN_GATEWAYS","limit":5,"usage":0},{"metric":"VPN_TUNNELS","limit":10,"usage":0},{"metric":"BACKEND_BUCKETS","limit":3,"usage":0},{"metric":"ROUTERS","limit":10,"usage":0},{"metric":"TARGET_SSL_PROXIES","limit":10,"usage":0},{"metric":"TARGET_HTTPS_PROXIES","limit":10,"usage":0},{"metric":"SSL_CERTIFICATES","limit":10,"usage":0},{"metric":"SUBNETWORKS","limit":100,"usage":0},{"metric":"TARGET_TCP_PROXIES","limit":10,"usage":0},{"metric":"CPUS_ALL_REGIONS","limit":32,"usage":0},{"metric":"SECURITY_POLICIES","limit":10,"usage":0},{"metric":"SECURITY_POLICY_RULES","limit":100,"usage":0},{"metric":"XPN_SERVICE_PROJECTS","limit":1000,"usage":0},{"metric":"PACKET_MIRRORINGS","limit":20,"usage":0},{"metric":"NETWORK_ENDPOINT_GROUPS","limit":100,"usage":0},{"metric":"INTERCONNECTS","limit":6,"usage":0},{"metric":"SSL_POLICIES","limit":10,"usage":0},{"metric":"GLOBAL_INTERNAL_ADDRESSES","limit":5000,"usage":0},{"metric":"VPN_GATEWAYS","limit":5,"usage":0},{"metric":"MACHINE_IMAGES","limit":100,"usage":0},{"metric":"SECURITY_POLICY_CEVAL_RULES","limit":20,"usage":0},{"metric":"GPUS_ALL_REGIONS","limit":0,"usage":0},{"metric":"EXTERNAL_VPN_GATEWAYS","limit":5,"usage":0},{"metric":"PUBLIC_ADVERTISED_PREFIXES","limit":1,"usage":0},{"metric":"PUBLIC_DELEGATED_PREFIXES","limit":10,"usage":0},{"metric":"STATIC_BYOIP_ADDRESSES","limit":128,"usage":0},{"metric":"NETWORK_FIREWALL_POLICIES","limit":10,"usage":0},{"metric":"INTERNAL_TRAFFIC_DIRECTOR_FORWARDING_RULES","limit":15,"usage":0},{"metric":"GLOBAL_EXTERNAL_MANAGED_FORWARDING_RULES","limit":15,"usage":0},{"metric":"GLOBAL_INTERNAL_MANAGED_BACKEND_SERVICES","limit":50,"usage":0},{"metric":"GLOBAL_EXTERNAL_MANAGED_BACKEND_SERVICES","limit":50,"usage":0},{"metric":"GLOBAL_EXTERNAL_PROXY_LB_BACKEND_SERVICES","limit":50,"usage":0},{"metric":"GLOBAL_INTERNAL_TRAFFIC_DIRECTOR_BACKEND_SERVICES","limit":250,"usage":0}],"selfLink":"https://www.googleapis.com/compute/v1/projects/popchatv002","defaultServiceAccount":"296369449480-compute@developer.gserviceaccount.com","xpnProjectStatus":"UNSPECIFIED_XPN_PROJECT_STATUS","defaultNetworkTier":"PREMIUM","vmDnsSetting":"ZONAL_ONLY","cloudArmorTier":"CA_STANDARD"}
[debug] [2025-06-30T04:25:03.190Z] Checked if tokens are valid: true, expires at: 1751260621805
[debug] [2025-06-30T04:25:03.190Z] Checked if tokens are valid: true, expires at: 1751260621805
[debug] [2025-06-30T04:25:03.191Z] >>> [apiv2][query] GET https://cloudbilling.googleapis.com/v1/projects/popchatv002/billingInfo [none]
[debug] [2025-06-30T04:25:03.389Z] <<< [apiv2][status] GET https://cloudbilling.googleapis.com/v1/projects/popchatv002/billingInfo 200
[debug] [2025-06-30T04:25:03.390Z] <<< [apiv2][body] GET https://cloudbilling.googleapis.com/v1/projects/popchatv002/billingInfo {"name":"projects/popchatv002/billingInfo","projectId":"popchatv002","billingAccountName":"billingAccounts/01D8DE-199FE0-C18327","billingEnabled":true}
[debug] [2025-06-30T04:25:03.391Z] Checked if tokens are valid: true, expires at: 1751260621805
[debug] [2025-06-30T04:25:03.391Z] Checked if tokens are valid: true, expires at: 1751260621805
[debug] [2025-06-30T04:25:03.392Z] >>> [apiv2][query] POST https://cloudfunctions.googleapis.com/v2/projects/popchatv002/locations/us-central1/functions:generateUploadUrl [none]
[debug] [2025-06-30T04:25:03.734Z] <<< [apiv2][status] POST https://cloudfunctions.googleapis.com/v2/projects/popchatv002/locations/us-central1/functions:generateUploadUrl 200
[debug] [2025-06-30T04:25:03.734Z] <<< [apiv2][body] POST https://cloudfunctions.googleapis.com/v2/projects/popchatv002/locations/us-central1/functions:generateUploadUrl {"uploadUrl":"https://storage.googleapis.com/gcf-v2-uploads-296369449480.us-central1.cloudfunctions.appspot.com/dd2fd5da-5398-4e1e-84bc-fa5205f014ba.zip?GoogleAccessId=service-296369449480@gcf-admin-robot.iam.gserviceaccount.com&Expires=1751259303&Signature=UTGdwCkxIVDKF10c0fKZTK%2BTGAlRHFoi8Uql4FS0coj0bfmkryO3QFeE4%2BBxB8eVgZtqeLktjDoqfywXB%2B7OdHn2cA%2F8yQ1VojisKmFXxSPj2gtAuiw6TE2H0cn2azLB3T6YRmGJuzS6xDv0uf6az1y%2Fl904tBe%2FiNeukoDudGJTVDeiC2gQiDW4bErkkDqqN2v1ra8ZHTdeYOOJmi0EXcddHCTJQ3%2FCfNm%2FWJC5ssw6mZyajkiArCysJbiuxJhRKdz6jkRdQR9lLQGPm4nS7%2FNHDCetjgs3J9fo6tmqmXUfDNtb%2B4QliwgTYYtS66xFr0hgg3%2BdOccucCs8yYBcyQ%3D%3D","storageSource":{"bucket":"gcf-v2-uploads-296369449480.us-central1.cloudfunctions.appspot.com","object":"dd2fd5da-5398-4e1e-84bc-fa5205f014ba.zip"}}
[debug] [2025-06-30T04:25:03.737Z] >>> [apiv2][query] PUT https://storage.googleapis.com/gcf-v2-uploads-296369449480.us-central1.cloudfunctions.appspot.com/dd2fd5da-5398-4e1e-84bc-fa5205f014ba.zip GoogleAccessId=service-296369449480%40gcf-admin-robot.iam.gserviceaccount.com&Expires=1751259303&Signature=UTGdwCkxIVDKF10c0fKZTK%2BTGAlRHFoi8Uql4FS0coj0bfmkryO3QFeE4%2BBxB8eVgZtqeLktjDoqfywXB%2B7OdHn2cA%2F8yQ1VojisKmFXxSPj2gtAuiw6TE2H0cn2azLB3T6YRmGJuzS6xDv0uf6az1y%2Fl904tBe%2FiNeukoDudGJTVDeiC2gQiDW4bErkkDqqN2v1ra8ZHTdeYOOJmi0EXcddHCTJQ3%2FCfNm%2FWJC5ssw6mZyajkiArCysJbiuxJhRKdz6jkRdQR9lLQGPm4nS7%2FNHDCetjgs3J9fo6tmqmXUfDNtb%2B4QliwgTYYtS66xFr0hgg3%2BdOccucCs8yYBcyQ%3D%3D
[debug] [2025-06-30T04:25:03.737Z] >>> [apiv2][body] PUT https://storage.googleapis.com/gcf-v2-uploads-296369449480.us-central1.cloudfunctions.appspot.com/dd2fd5da-5398-4e1e-84bc-fa5205f014ba.zip [stream]
[debug] [2025-06-30T04:25:04.005Z] <<< [apiv2][status] PUT https://storage.googleapis.com/gcf-v2-uploads-296369449480.us-central1.cloudfunctions.appspot.com/dd2fd5da-5398-4e1e-84bc-fa5205f014ba.zip 200
[debug] [2025-06-30T04:25:04.005Z] <<< [apiv2][body] PUT https://storage.googleapis.com/gcf-v2-uploads-296369449480.us-central1.cloudfunctions.appspot.com/dd2fd5da-5398-4e1e-84bc-fa5205f014ba.zip [omitted]
[info] +  functions: functions folder uploaded successfully 
[info] i  functions: updating Node.js 22 (2nd Gen) function scheduledSendAd(us-central1)... 
[debug] [2025-06-30T04:25:04.011Z] Checked if tokens are valid: true, expires at: 1751260621805
[debug] [2025-06-30T04:25:04.011Z] Checked if tokens are valid: true, expires at: 1751260621805
[debug] [2025-06-30T04:25:04.011Z] >>> [apiv2][query] PATCH https://cloudfunctions.googleapis.com/v2/projects/popchatv002/locations/us-central1/functions/scheduledSendAd updateMask=name%2CbuildConfig.runtime%2CbuildConfig.entryPoint%2CbuildConfig.source.storageSource.bucket%2CbuildConfig.source.storageSource.object%2CbuildConfig.environmentVariables%2CbuildConfig.sourceToken%2CserviceConfig.environmentVariables%2CserviceConfig.ingressSettings%2CserviceConfig.timeoutSeconds%2CserviceConfig.serviceAccountEmail%2CserviceConfig.availableMemory%2CserviceConfig.minInstanceCount%2CserviceConfig.maxInstanceCount%2CserviceConfig.maxInstanceRequestConcurrency%2CserviceConfig.availableCpu%2CserviceConfig.vpcConnector%2CserviceConfig.vpcConnectorEgressSettings%2Clabels
[debug] [2025-06-30T04:25:04.012Z] >>> [apiv2][body] PATCH https://cloudfunctions.googleapis.com/v2/projects/popchatv002/locations/us-central1/functions/scheduledSendAd {"name":"projects/popchatv002/locations/us-central1/functions/scheduledSendAd","buildConfig":{"runtime":"nodejs22","entryPoint":"scheduledSendAd","source":{"storageSource":{"bucket":"gcf-v2-uploads-296369449480.us-central1.cloudfunctions.appspot.com","object":"dd2fd5da-5398-4e1e-84bc-fa5205f014ba.zip"}},"environmentVariables":{"GOOGLE_NODE_RUN_SCRIPTS":""}},"serviceConfig":{"environmentVariables":{"FIREBASE_CONFIG":"{\"projectId\":\"popchatv002\",\"databaseURL\":\"https://popchatv002-default-rtdb.firebaseio.com\",\"storageBucket\":\"popchatv002.firebasestorage.app\"}","GCLOUD_PROJECT":"popchatv002","EVENTARC_CLOUD_EVENT_SOURCE":"projects/popchatv002/locations/us-central1/services/scheduledSendAd","FUNCTION_TARGET":"scheduledSendAd","LOG_EXECUTION_ID":"true","FUNCTION_SIGNATURE_TYPE":"http"},"ingressSettings":null,"timeoutSeconds":null,"serviceAccountEmail":null,"availableMemory":"256Mi","minInstanceCount":null,"maxInstanceCount":null,"maxInstanceRequestConcurrency":80,"availableCpu":"1","vpcConnector":null,"vpcConnectorEgressSettings":null},"labels":{"deployment-tool":"cli-firebase","deployment-scheduled":"true","firebase-functions-hash":"c28c7186af76edd8980ce0372c24cb87c7ed761b"}}
[debug] [2025-06-30T04:25:05.113Z] <<< [apiv2][status] PATCH https://cloudfunctions.googleapis.com/v2/projects/popchatv002/locations/us-central1/functions/scheduledSendAd 200
[debug] [2025-06-30T04:25:05.114Z] <<< [apiv2][body] PATCH https://cloudfunctions.googleapis.com/v2/projects/popchatv002/locations/us-central1/functions/scheduledSendAd {"name":"projects/popchatv002/locations/us-central1/operations/operation-1751257503923-638c2696e7d97-213654be-cb6aa613","metadata":{"@type":"type.googleapis.com/google.cloud.functions.v2.OperationMetadata","createTime":"2025-06-30T04:25:04.752428427Z","target":"projects/popchatv002/locations/us-central1/functions/scheduledSendAd","verb":"update","cancelRequested":false,"apiVersion":"v2"},"done":false}
[debug] [2025-06-30T04:25:05.115Z] Checked if tokens are valid: true, expires at: 1751260621805
[debug] [2025-06-30T04:25:05.115Z] Checked if tokens are valid: true, expires at: 1751260621805
[debug] [2025-06-30T04:25:05.115Z] >>> [apiv2][query] GET https://cloudfunctions.googleapis.com/v2/projects/popchatv002/locations/us-central1/operations/operation-1751257503923-638c2696e7d97-213654be-cb6aa613 [none]
[debug] [2025-06-30T04:25:05.400Z] <<< [apiv2][status] GET https://cloudfunctions.googleapis.com/v2/projects/popchatv002/locations/us-central1/operations/operation-1751257503923-638c2696e7d97-213654be-cb6aa613 200
[debug] [2025-06-30T04:25:05.401Z] <<< [apiv2][body] GET https://cloudfunctions.googleapis.com/v2/projects/popchatv002/locations/us-central1/operations/operation-1751257503923-638c2696e7d97-213654be-cb6aa613 {"name":"projects/popchatv002/locations/us-central1/operations/operation-1751257503923-638c2696e7d97-213654be-cb6aa613","metadata":{"@type":"type.googleapis.com/google.cloud.functions.v2.OperationMetadata","createTime":"2025-06-30T04:25:04.752428427Z","target":"projects/popchatv002/locations/us-central1/functions/scheduledSendAd","verb":"update","cancelRequested":false,"apiVersion":"v2","requestResource":{"@type":"type.googleapis.com/google.cloud.functions.v2.Function","name":"projects/popchatv002/locations/us-central1/functions/scheduledSendAd","buildConfig":{"runtime":"nodejs22","entryPoint":"scheduledSendAd","source":{"storageSource":{"bucket":"gcf-v2-sources-296369449480-us-central1","object":"scheduledSendAd/function-source.zip","generation":"1751257504667326"}},"environmentVariables":{"GOOGLE_NODE_RUN_SCRIPTS":""},"dockerRepository":"projects/popchatv002/locations/us-central1/repositories/gcf-artifacts","sourceProvenance":{"resolvedStorageSource":{"bucket":"gcf-v2-sources-296369449480-us-central1","object":"scheduledSendAd/function-source.zip","generation":"1751257422720015"}},"dockerRegistry":"ARTIFACT_REGISTRY","serviceAccount":"projects/popchatv002/serviceAccounts/296369449480-compute@developer.gserviceaccount.com","automaticUpdatePolicy":{}},"serviceConfig":{"service":"projects/popchatv002/locations/us-central1/services/scheduledsendad","timeoutSeconds":60,"environmentVariables":{"FIREBASE_CONFIG":"{\"projectId\":\"popchatv002\",\"databaseURL\":\"https://popchatv002-default-rtdb.firebaseio.com\",\"storageBucket\":\"popchatv002.firebasestorage.app\"}","GCLOUD_PROJECT":"popchatv002","EVENTARC_CLOUD_EVENT_SOURCE":"projects/popchatv002/locations/us-central1/services/scheduledSendAd","FUNCTION_TARGET":"scheduledSendAd","LOG_EXECUTION_ID":"true","FUNCTION_SIGNATURE_TYPE":"http"},"ingressSettings":"ALLOW_ALL","uri":"https://scheduledsendad-2zjil5azfa-uc.a.run.app","serviceAccountEmail":"296369449480-compute@developer.gserviceaccount.com","availableMemory":"256Mi","allTrafficOnLatestRevision":true,"revision":"scheduledsendad-00018-yar","maxInstanceRequestConcurrency":80,"availableCpu":"1"},"state":"ACTIVE","labels":{"deployment-tool":"cli-firebase","deployment-scheduled":"true","firebase-functions-hash":"c28c7186af76edd8980ce0372c24cb87c7ed761b"},"environment":"GEN_2","url":"https://us-central1-popchatv002.cloudfunctions.net/scheduledSendAd","satisfiesPzi":true},"stages":[{"name":"BUILD","state":"NOT_STARTED"},{"name":"SERVICE","state":"NOT_STARTED"}],"operationType":"UPDATE_FUNCTION"},"done":false}
[debug] [2025-06-30T04:25:05.914Z] [update-default-us-central1-scheduledSendAd] Retrying task index 0
[debug] [2025-06-30T04:25:05.914Z] Checked if tokens are valid: true, expires at: 1751260621805
[debug] [2025-06-30T04:25:05.915Z] Checked if tokens are valid: true, expires at: 1751260621805
[debug] [2025-06-30T04:25:05.915Z] >>> [apiv2][query] GET https://cloudfunctions.googleapis.com/v2/projects/popchatv002/locations/us-central1/operations/operation-1751257503923-638c2696e7d97-213654be-cb6aa613 [none]
[debug] [2025-06-30T04:25:06.151Z] <<< [apiv2][status] GET https://cloudfunctions.googleapis.com/v2/projects/popchatv002/locations/us-central1/operations/operation-1751257503923-638c2696e7d97-213654be-cb6aa613 200
[debug] [2025-06-30T04:25:06.152Z] <<< [apiv2][body] GET https://cloudfunctions.googleapis.com/v2/projects/popchatv002/locations/us-central1/operations/operation-1751257503923-638c2696e7d97-213654be-cb6aa613 {"name":"projects/popchatv002/locations/us-central1/operations/operation-1751257503923-638c2696e7d97-213654be-cb6aa613","metadata":{"@type":"type.googleapis.com/google.cloud.functions.v2.OperationMetadata","createTime":"2025-06-30T04:25:04.752428427Z","target":"projects/popchatv002/locations/us-central1/functions/scheduledSendAd","verb":"update","cancelRequested":false,"apiVersion":"v2","requestResource":{"@type":"type.googleapis.com/google.cloud.functions.v2.Function","name":"projects/popchatv002/locations/us-central1/functions/scheduledSendAd","buildConfig":{"runtime":"nodejs22","entryPoint":"scheduledSendAd","source":{"storageSource":{"bucket":"gcf-v2-sources-296369449480-us-central1","object":"scheduledSendAd/function-source.zip","generation":"1751257504667326"}},"environmentVariables":{"GOOGLE_NODE_RUN_SCRIPTS":""},"dockerRepository":"projects/popchatv002/locations/us-central1/repositories/gcf-artifacts","sourceProvenance":{"resolvedStorageSource":{"bucket":"gcf-v2-sources-296369449480-us-central1","object":"scheduledSendAd/function-source.zip","generation":"1751257422720015"}},"dockerRegistry":"ARTIFACT_REGISTRY","serviceAccount":"projects/popchatv002/serviceAccounts/296369449480-compute@developer.gserviceaccount.com","automaticUpdatePolicy":{}},"serviceConfig":{"service":"projects/popchatv002/locations/us-central1/services/scheduledsendad","timeoutSeconds":60,"environmentVariables":{"FIREBASE_CONFIG":"{\"projectId\":\"popchatv002\",\"databaseURL\":\"https://popchatv002-default-rtdb.firebaseio.com\",\"storageBucket\":\"popchatv002.firebasestorage.app\"}","GCLOUD_PROJECT":"popchatv002","EVENTARC_CLOUD_EVENT_SOURCE":"projects/popchatv002/locations/us-central1/services/scheduledSendAd","FUNCTION_TARGET":"scheduledSendAd","LOG_EXECUTION_ID":"true","FUNCTION_SIGNATURE_TYPE":"http"},"ingressSettings":"ALLOW_ALL","uri":"https://scheduledsendad-2zjil5azfa-uc.a.run.app","serviceAccountEmail":"296369449480-compute@developer.gserviceaccount.com","availableMemory":"256Mi","allTrafficOnLatestRevision":true,"revision":"scheduledsendad-00018-yar","maxInstanceRequestConcurrency":80,"availableCpu":"1"},"state":"ACTIVE","labels":{"deployment-tool":"cli-firebase","deployment-scheduled":"true","firebase-functions-hash":"c28c7186af76edd8980ce0372c24cb87c7ed761b"},"environment":"GEN_2","url":"https://us-central1-popchatv002.cloudfunctions.net/scheduledSendAd","satisfiesPzi":true},"stages":[{"name":"BUILD","message":"Build in progress","state":"IN_PROGRESS","resource":"projects/296369449480/locations/us-central1/builds/87aaa7aa-6ac2-43e1-9326-09b3b107d34d","resourceUri":"https://console.cloud.google.com/cloud-build/builds;region=us-central1/87aaa7aa-6ac2-43e1-9326-09b3b107d34d?project=296369449480"},{"name":"SERVICE","state":"NOT_STARTED"}],"operationType":"UPDATE_FUNCTION","buildName":"projects/296369449480/locations/us-central1/builds/87aaa7aa-6ac2-43e1-9326-09b3b107d34d"},"done":false}
[debug] [2025-06-30T04:25:07.168Z] [update-default-us-central1-scheduledSendAd] Retrying task index 0
[debug] [2025-06-30T04:25:07.168Z] Checked if tokens are valid: true, expires at: 1751260621805
[debug] [2025-06-30T04:25:07.169Z] Checked if tokens are valid: true, expires at: 1751260621805
[debug] [2025-06-30T04:25:07.169Z] >>> [apiv2][query] GET https://cloudfunctions.googleapis.com/v2/projects/popchatv002/locations/us-central1/operations/operation-1751257503923-638c2696e7d97-213654be-cb6aa613 [none]
[debug] [2025-06-30T04:25:07.423Z] <<< [apiv2][status] GET https://cloudfunctions.googleapis.com/v2/projects/popchatv002/locations/us-central1/operations/operation-1751257503923-638c2696e7d97-213654be-cb6aa613 200
[debug] [2025-06-30T04:25:07.424Z] <<< [apiv2][body] GET https://cloudfunctions.googleapis.com/v2/projects/popchatv002/locations/us-central1/operations/operation-1751257503923-638c2696e7d97-213654be-cb6aa613 {"name":"projects/popchatv002/locations/us-central1/operations/operation-1751257503923-638c2696e7d97-213654be-cb6aa613","metadata":{"@type":"type.googleapis.com/google.cloud.functions.v2.OperationMetadata","createTime":"2025-06-30T04:25:04.752428427Z","target":"projects/popchatv002/locations/us-central1/functions/scheduledSendAd","verb":"update","cancelRequested":false,"apiVersion":"v2","requestResource":{"@type":"type.googleapis.com/google.cloud.functions.v2.Function","name":"projects/popchatv002/locations/us-central1/functions/scheduledSendAd","buildConfig":{"runtime":"nodejs22","entryPoint":"scheduledSendAd","source":{"storageSource":{"bucket":"gcf-v2-sources-296369449480-us-central1","object":"scheduledSendAd/function-source.zip","generation":"1751257504667326"}},"environmentVariables":{"GOOGLE_NODE_RUN_SCRIPTS":""},"dockerRepository":"projects/popchatv002/locations/us-central1/repositories/gcf-artifacts","sourceProvenance":{"resolvedStorageSource":{"bucket":"gcf-v2-sources-296369449480-us-central1","object":"scheduledSendAd/function-source.zip","generation":"1751257422720015"}},"dockerRegistry":"ARTIFACT_REGISTRY","serviceAccount":"projects/popchatv002/serviceAccounts/296369449480-compute@developer.gserviceaccount.com","automaticUpdatePolicy":{}},"serviceConfig":{"service":"projects/popchatv002/locations/us-central1/services/scheduledsendad","timeoutSeconds":60,"environmentVariables":{"FIREBASE_CONFIG":"{\"projectId\":\"popchatv002\",\"databaseURL\":\"https://popchatv002-default-rtdb.firebaseio.com\",\"storageBucket\":\"popchatv002.firebasestorage.app\"}","GCLOUD_PROJECT":"popchatv002","EVENTARC_CLOUD_EVENT_SOURCE":"projects/popchatv002/locations/us-central1/services/scheduledSendAd","FUNCTION_TARGET":"scheduledSendAd","LOG_EXECUTION_ID":"true","FUNCTION_SIGNATURE_TYPE":"http"},"ingressSettings":"ALLOW_ALL","uri":"https://scheduledsendad-2zjil5azfa-uc.a.run.app","serviceAccountEmail":"296369449480-compute@developer.gserviceaccount.com","availableMemory":"256Mi","allTrafficOnLatestRevision":true,"revision":"scheduledsendad-00018-yar","maxInstanceRequestConcurrency":80,"availableCpu":"1"},"state":"ACTIVE","labels":{"deployment-tool":"cli-firebase","deployment-scheduled":"true","firebase-functions-hash":"c28c7186af76edd8980ce0372c24cb87c7ed761b"},"environment":"GEN_2","url":"https://us-central1-popchatv002.cloudfunctions.net/scheduledSendAd","satisfiesPzi":true},"stages":[{"name":"BUILD","message":"Build in progress","state":"IN_PROGRESS","resource":"projects/296369449480/locations/us-central1/builds/87aaa7aa-6ac2-43e1-9326-09b3b107d34d","resourceUri":"https://console.cloud.google.com/cloud-build/builds;region=us-central1/87aaa7aa-6ac2-43e1-9326-09b3b107d34d?project=296369449480"},{"name":"SERVICE","state":"NOT_STARTED"}],"operationType":"UPDATE_FUNCTION","buildName":"projects/296369449480/locations/us-central1/builds/87aaa7aa-6ac2-43e1-9326-09b3b107d34d"},"done":false}
[debug] [2025-06-30T04:25:09.437Z] [update-default-us-central1-scheduledSendAd] Retrying task index 0
[debug] [2025-06-30T04:25:09.438Z] Checked if tokens are valid: true, expires at: 1751260621805
[debug] [2025-06-30T04:25:09.438Z] Checked if tokens are valid: true, expires at: 1751260621805
[debug] [2025-06-30T04:25:09.438Z] >>> [apiv2][query] GET https://cloudfunctions.googleapis.com/v2/projects/popchatv002/locations/us-central1/operations/operation-1751257503923-638c2696e7d97-213654be-cb6aa613 [none]
[debug] [2025-06-30T04:25:09.707Z] <<< [apiv2][status] GET https://cloudfunctions.googleapis.com/v2/projects/popchatv002/locations/us-central1/operations/operation-1751257503923-638c2696e7d97-213654be-cb6aa613 200
[debug] [2025-06-30T04:25:09.707Z] <<< [apiv2][body] GET https://cloudfunctions.googleapis.com/v2/projects/popchatv002/locations/us-central1/operations/operation-1751257503923-638c2696e7d97-213654be-cb6aa613 {"name":"projects/popchatv002/locations/us-central1/operations/operation-1751257503923-638c2696e7d97-213654be-cb6aa613","metadata":{"@type":"type.googleapis.com/google.cloud.functions.v2.OperationMetadata","createTime":"2025-06-30T04:25:04.752428427Z","target":"projects/popchatv002/locations/us-central1/functions/scheduledSendAd","verb":"update","cancelRequested":false,"apiVersion":"v2","requestResource":{"@type":"type.googleapis.com/google.cloud.functions.v2.Function","name":"projects/popchatv002/locations/us-central1/functions/scheduledSendAd","buildConfig":{"runtime":"nodejs22","entryPoint":"scheduledSendAd","source":{"storageSource":{"bucket":"gcf-v2-sources-296369449480-us-central1","object":"scheduledSendAd/function-source.zip","generation":"1751257504667326"}},"environmentVariables":{"GOOGLE_NODE_RUN_SCRIPTS":""},"dockerRepository":"projects/popchatv002/locations/us-central1/repositories/gcf-artifacts","sourceProvenance":{"resolvedStorageSource":{"bucket":"gcf-v2-sources-296369449480-us-central1","object":"scheduledSendAd/function-source.zip","generation":"1751257422720015"}},"dockerRegistry":"ARTIFACT_REGISTRY","serviceAccount":"projects/popchatv002/serviceAccounts/296369449480-compute@developer.gserviceaccount.com","automaticUpdatePolicy":{}},"serviceConfig":{"service":"projects/popchatv002/locations/us-central1/services/scheduledsendad","timeoutSeconds":60,"environmentVariables":{"FIREBASE_CONFIG":"{\"projectId\":\"popchatv002\",\"databaseURL\":\"https://popchatv002-default-rtdb.firebaseio.com\",\"storageBucket\":\"popchatv002.firebasestorage.app\"}","GCLOUD_PROJECT":"popchatv002","EVENTARC_CLOUD_EVENT_SOURCE":"projects/popchatv002/locations/us-central1/services/scheduledSendAd","FUNCTION_TARGET":"scheduledSendAd","LOG_EXECUTION_ID":"true","FUNCTION_SIGNATURE_TYPE":"http"},"ingressSettings":"ALLOW_ALL","uri":"https://scheduledsendad-2zjil5azfa-uc.a.run.app","serviceAccountEmail":"296369449480-compute@developer.gserviceaccount.com","availableMemory":"256Mi","allTrafficOnLatestRevision":true,"revision":"scheduledsendad-00018-yar","maxInstanceRequestConcurrency":80,"availableCpu":"1"},"state":"ACTIVE","labels":{"deployment-tool":"cli-firebase","deployment-scheduled":"true","firebase-functions-hash":"c28c7186af76edd8980ce0372c24cb87c7ed761b"},"environment":"GEN_2","url":"https://us-central1-popchatv002.cloudfunctions.net/scheduledSendAd","satisfiesPzi":true},"stages":[{"name":"BUILD","message":"Build in progress","state":"IN_PROGRESS","resource":"projects/296369449480/locations/us-central1/builds/87aaa7aa-6ac2-43e1-9326-09b3b107d34d","resourceUri":"https://console.cloud.google.com/cloud-build/builds;region=us-central1/87aaa7aa-6ac2-43e1-9326-09b3b107d34d?project=296369449480"},{"name":"SERVICE","state":"NOT_STARTED"}],"operationType":"UPDATE_FUNCTION","buildName":"projects/296369449480/locations/us-central1/builds/87aaa7aa-6ac2-43e1-9326-09b3b107d34d"},"done":false}
[debug] [2025-06-30T04:25:13.717Z] [update-default-us-central1-scheduledSendAd] Retrying task index 0
[debug] [2025-06-30T04:25:13.718Z] Checked if tokens are valid: true, expires at: 1751260621805
[debug] [2025-06-30T04:25:13.718Z] Checked if tokens are valid: true, expires at: 1751260621805
[debug] [2025-06-30T04:25:13.719Z] >>> [apiv2][query] GET https://cloudfunctions.googleapis.com/v2/projects/popchatv002/locations/us-central1/operations/operation-1751257503923-638c2696e7d97-213654be-cb6aa613 [none]
[debug] [2025-06-30T04:25:13.957Z] <<< [apiv2][status] GET https://cloudfunctions.googleapis.com/v2/projects/popchatv002/locations/us-central1/operations/operation-1751257503923-638c2696e7d97-213654be-cb6aa613 200
[debug] [2025-06-30T04:25:13.957Z] <<< [apiv2][body] GET https://cloudfunctions.googleapis.com/v2/projects/popchatv002/locations/us-central1/operations/operation-1751257503923-638c2696e7d97-213654be-cb6aa613 {"name":"projects/popchatv002/locations/us-central1/operations/operation-1751257503923-638c2696e7d97-213654be-cb6aa613","metadata":{"@type":"type.googleapis.com/google.cloud.functions.v2.OperationMetadata","createTime":"2025-06-30T04:25:04.752428427Z","target":"projects/popchatv002/locations/us-central1/functions/scheduledSendAd","verb":"update","cancelRequested":false,"apiVersion":"v2","requestResource":{"@type":"type.googleapis.com/google.cloud.functions.v2.Function","name":"projects/popchatv002/locations/us-central1/functions/scheduledSendAd","buildConfig":{"runtime":"nodejs22","entryPoint":"scheduledSendAd","source":{"storageSource":{"bucket":"gcf-v2-sources-296369449480-us-central1","object":"scheduledSendAd/function-source.zip","generation":"1751257504667326"}},"environmentVariables":{"GOOGLE_NODE_RUN_SCRIPTS":""},"dockerRepository":"projects/popchatv002/locations/us-central1/repositories/gcf-artifacts","sourceProvenance":{"resolvedStorageSource":{"bucket":"gcf-v2-sources-296369449480-us-central1","object":"scheduledSendAd/function-source.zip","generation":"1751257422720015"}},"dockerRegistry":"ARTIFACT_REGISTRY","serviceAccount":"projects/popchatv002/serviceAccounts/296369449480-compute@developer.gserviceaccount.com","automaticUpdatePolicy":{}},"serviceConfig":{"service":"projects/popchatv002/locations/us-central1/services/scheduledsendad","timeoutSeconds":60,"environmentVariables":{"FIREBASE_CONFIG":"{\"projectId\":\"popchatv002\",\"databaseURL\":\"https://popchatv002-default-rtdb.firebaseio.com\",\"storageBucket\":\"popchatv002.firebasestorage.app\"}","GCLOUD_PROJECT":"popchatv002","EVENTARC_CLOUD_EVENT_SOURCE":"projects/popchatv002/locations/us-central1/services/scheduledSendAd","FUNCTION_TARGET":"scheduledSendAd","LOG_EXECUTION_ID":"true","FUNCTION_SIGNATURE_TYPE":"http"},"ingressSettings":"ALLOW_ALL","uri":"https://scheduledsendad-2zjil5azfa-uc.a.run.app","serviceAccountEmail":"296369449480-compute@developer.gserviceaccount.com","availableMemory":"256Mi","allTrafficOnLatestRevision":true,"revision":"scheduledsendad-00018-yar","maxInstanceRequestConcurrency":80,"availableCpu":"1"},"state":"ACTIVE","labels":{"deployment-tool":"cli-firebase","deployment-scheduled":"true","firebase-functions-hash":"c28c7186af76edd8980ce0372c24cb87c7ed761b"},"environment":"GEN_2","url":"https://us-central1-popchatv002.cloudfunctions.net/scheduledSendAd","satisfiesPzi":true},"stages":[{"name":"BUILD","message":"Build in progress","state":"IN_PROGRESS","resource":"projects/296369449480/locations/us-central1/builds/87aaa7aa-6ac2-43e1-9326-09b3b107d34d","resourceUri":"https://console.cloud.google.com/cloud-build/builds;region=us-central1/87aaa7aa-6ac2-43e1-9326-09b3b107d34d?project=296369449480"},{"name":"SERVICE","state":"NOT_STARTED"}],"operationType":"UPDATE_FUNCTION","buildName":"projects/296369449480/locations/us-central1/builds/87aaa7aa-6ac2-43e1-9326-09b3b107d34d"},"done":false}
[debug] [2025-06-30T04:25:21.963Z] [update-default-us-central1-scheduledSendAd] Retrying task index 0
[debug] [2025-06-30T04:25:21.964Z] Checked if tokens are valid: true, expires at: 1751260621805
[debug] [2025-06-30T04:25:21.964Z] Checked if tokens are valid: true, expires at: 1751260621805
[debug] [2025-06-30T04:25:21.965Z] >>> [apiv2][query] GET https://cloudfunctions.googleapis.com/v2/projects/popchatv002/locations/us-central1/operations/operation-1751257503923-638c2696e7d97-213654be-cb6aa613 [none]
[debug] [2025-06-30T04:25:22.321Z] <<< [apiv2][status] GET https://cloudfunctions.googleapis.com/v2/projects/popchatv002/locations/us-central1/operations/operation-1751257503923-638c2696e7d97-213654be-cb6aa613 200
[debug] [2025-06-30T04:25:22.321Z] <<< [apiv2][body] GET https://cloudfunctions.googleapis.com/v2/projects/popchatv002/locations/us-central1/operations/operation-1751257503923-638c2696e7d97-213654be-cb6aa613 {"name":"projects/popchatv002/locations/us-central1/operations/operation-1751257503923-638c2696e7d97-213654be-cb6aa613","metadata":{"@type":"type.googleapis.com/google.cloud.functions.v2.OperationMetadata","createTime":"2025-06-30T04:25:04.752428427Z","target":"projects/popchatv002/locations/us-central1/functions/scheduledSendAd","verb":"update","cancelRequested":false,"apiVersion":"v2","requestResource":{"@type":"type.googleapis.com/google.cloud.functions.v2.Function","name":"projects/popchatv002/locations/us-central1/functions/scheduledSendAd","buildConfig":{"runtime":"nodejs22","entryPoint":"scheduledSendAd","source":{"storageSource":{"bucket":"gcf-v2-sources-296369449480-us-central1","object":"scheduledSendAd/function-source.zip","generation":"1751257504667326"}},"environmentVariables":{"GOOGLE_NODE_RUN_SCRIPTS":""},"dockerRepository":"projects/popchatv002/locations/us-central1/repositories/gcf-artifacts","sourceProvenance":{"resolvedStorageSource":{"bucket":"gcf-v2-sources-296369449480-us-central1","object":"scheduledSendAd/function-source.zip","generation":"1751257422720015"}},"dockerRegistry":"ARTIFACT_REGISTRY","serviceAccount":"projects/popchatv002/serviceAccounts/296369449480-compute@developer.gserviceaccount.com","automaticUpdatePolicy":{}},"serviceConfig":{"service":"projects/popchatv002/locations/us-central1/services/scheduledsendad","timeoutSeconds":60,"environmentVariables":{"FIREBASE_CONFIG":"{\"projectId\":\"popchatv002\",\"databaseURL\":\"https://popchatv002-default-rtdb.firebaseio.com\",\"storageBucket\":\"popchatv002.firebasestorage.app\"}","GCLOUD_PROJECT":"popchatv002","EVENTARC_CLOUD_EVENT_SOURCE":"projects/popchatv002/locations/us-central1/services/scheduledSendAd","FUNCTION_TARGET":"scheduledSendAd","LOG_EXECUTION_ID":"true","FUNCTION_SIGNATURE_TYPE":"http"},"ingressSettings":"ALLOW_ALL","uri":"https://scheduledsendad-2zjil5azfa-uc.a.run.app","serviceAccountEmail":"296369449480-compute@developer.gserviceaccount.com","availableMemory":"256Mi","allTrafficOnLatestRevision":true,"revision":"scheduledsendad-00018-yar","maxInstanceRequestConcurrency":80,"availableCpu":"1"},"state":"ACTIVE","labels":{"deployment-tool":"cli-firebase","deployment-scheduled":"true","firebase-functions-hash":"c28c7186af76edd8980ce0372c24cb87c7ed761b"},"environment":"GEN_2","url":"https://us-central1-popchatv002.cloudfunctions.net/scheduledSendAd","satisfiesPzi":true},"stages":[{"name":"BUILD","message":"Build in progress","state":"IN_PROGRESS","resource":"projects/296369449480/locations/us-central1/builds/87aaa7aa-6ac2-43e1-9326-09b3b107d34d","resourceUri":"https://console.cloud.google.com/cloud-build/builds;region=us-central1/87aaa7aa-6ac2-43e1-9326-09b3b107d34d?project=296369449480"},{"name":"SERVICE","state":"NOT_STARTED"}],"operationType":"UPDATE_FUNCTION","buildName":"projects/296369449480/locations/us-central1/builds/87aaa7aa-6ac2-43e1-9326-09b3b107d34d"},"done":false}
[debug] [2025-06-30T04:25:32.334Z] [update-default-us-central1-scheduledSendAd] Retrying task index 0
[debug] [2025-06-30T04:25:32.335Z] Checked if tokens are valid: true, expires at: 1751260621805
[debug] [2025-06-30T04:25:32.335Z] Checked if tokens are valid: true, expires at: 1751260621805
[debug] [2025-06-30T04:25:32.335Z] >>> [apiv2][query] GET https://cloudfunctions.googleapis.com/v2/projects/popchatv002/locations/us-central1/operations/operation-1751257503923-638c2696e7d97-213654be-cb6aa613 [none]
[debug] [2025-06-30T04:25:32.678Z] <<< [apiv2][status] GET https://cloudfunctions.googleapis.com/v2/projects/popchatv002/locations/us-central1/operations/operation-1751257503923-638c2696e7d97-213654be-cb6aa613 200
[debug] [2025-06-30T04:25:32.679Z] <<< [apiv2][body] GET https://cloudfunctions.googleapis.com/v2/projects/popchatv002/locations/us-central1/operations/operation-1751257503923-638c2696e7d97-213654be-cb6aa613 {"name":"projects/popchatv002/locations/us-central1/operations/operation-1751257503923-638c2696e7d97-213654be-cb6aa613","metadata":{"@type":"type.googleapis.com/google.cloud.functions.v2.OperationMetadata","createTime":"2025-06-30T04:25:04.752428427Z","target":"projects/popchatv002/locations/us-central1/functions/scheduledSendAd","verb":"update","cancelRequested":false,"apiVersion":"v2","requestResource":{"@type":"type.googleapis.com/google.cloud.functions.v2.Function","name":"projects/popchatv002/locations/us-central1/functions/scheduledSendAd","buildConfig":{"runtime":"nodejs22","entryPoint":"scheduledSendAd","source":{"storageSource":{"bucket":"gcf-v2-sources-296369449480-us-central1","object":"scheduledSendAd/function-source.zip","generation":"1751257504667326"}},"environmentVariables":{"GOOGLE_NODE_RUN_SCRIPTS":""},"dockerRepository":"projects/popchatv002/locations/us-central1/repositories/gcf-artifacts","sourceProvenance":{"resolvedStorageSource":{"bucket":"gcf-v2-sources-296369449480-us-central1","object":"scheduledSendAd/function-source.zip","generation":"1751257422720015"}},"dockerRegistry":"ARTIFACT_REGISTRY","serviceAccount":"projects/popchatv002/serviceAccounts/296369449480-compute@developer.gserviceaccount.com","automaticUpdatePolicy":{}},"serviceConfig":{"service":"projects/popchatv002/locations/us-central1/services/scheduledsendad","timeoutSeconds":60,"environmentVariables":{"FIREBASE_CONFIG":"{\"projectId\":\"popchatv002\",\"databaseURL\":\"https://popchatv002-default-rtdb.firebaseio.com\",\"storageBucket\":\"popchatv002.firebasestorage.app\"}","GCLOUD_PROJECT":"popchatv002","EVENTARC_CLOUD_EVENT_SOURCE":"projects/popchatv002/locations/us-central1/services/scheduledSendAd","FUNCTION_TARGET":"scheduledSendAd","LOG_EXECUTION_ID":"true","FUNCTION_SIGNATURE_TYPE":"http"},"ingressSettings":"ALLOW_ALL","uri":"https://scheduledsendad-2zjil5azfa-uc.a.run.app","serviceAccountEmail":"296369449480-compute@developer.gserviceaccount.com","availableMemory":"256Mi","allTrafficOnLatestRevision":true,"revision":"scheduledsendad-00018-yar","maxInstanceRequestConcurrency":80,"availableCpu":"1"},"state":"ACTIVE","labels":{"deployment-tool":"cli-firebase","deployment-scheduled":"true","firebase-functions-hash":"c28c7186af76edd8980ce0372c24cb87c7ed761b"},"environment":"GEN_2","url":"https://us-central1-popchatv002.cloudfunctions.net/scheduledSendAd","satisfiesPzi":true},"stages":[{"name":"BUILD","message":"Build in progress","state":"IN_PROGRESS","resource":"projects/296369449480/locations/us-central1/builds/87aaa7aa-6ac2-43e1-9326-09b3b107d34d","resourceUri":"https://console.cloud.google.com/cloud-build/builds;region=us-central1/87aaa7aa-6ac2-43e1-9326-09b3b107d34d?project=296369449480"},{"name":"SERVICE","state":"NOT_STARTED"}],"operationType":"UPDATE_FUNCTION","buildName":"projects/296369449480/locations/us-central1/builds/87aaa7aa-6ac2-43e1-9326-09b3b107d34d"},"done":false}
[debug] [2025-06-30T04:25:42.692Z] [update-default-us-central1-scheduledSendAd] Retrying task index 0
[debug] [2025-06-30T04:25:42.692Z] Checked if tokens are valid: true, expires at: 1751260621805
[debug] [2025-06-30T04:25:42.693Z] Checked if tokens are valid: true, expires at: 1751260621805
[debug] [2025-06-30T04:25:42.693Z] >>> [apiv2][query] GET https://cloudfunctions.googleapis.com/v2/projects/popchatv002/locations/us-central1/operations/operation-1751257503923-638c2696e7d97-213654be-cb6aa613 [none]
[debug] [2025-06-30T04:25:43.061Z] <<< [apiv2][status] GET https://cloudfunctions.googleapis.com/v2/projects/popchatv002/locations/us-central1/operations/operation-1751257503923-638c2696e7d97-213654be-cb6aa613 200
[debug] [2025-06-30T04:25:43.062Z] <<< [apiv2][body] GET https://cloudfunctions.googleapis.com/v2/projects/popchatv002/locations/us-central1/operations/operation-1751257503923-638c2696e7d97-213654be-cb6aa613 {"name":"projects/popchatv002/locations/us-central1/operations/operation-1751257503923-638c2696e7d97-213654be-cb6aa613","metadata":{"@type":"type.googleapis.com/google.cloud.functions.v2.OperationMetadata","createTime":"2025-06-30T04:25:04.752428427Z","target":"projects/popchatv002/locations/us-central1/functions/scheduledSendAd","verb":"update","cancelRequested":false,"apiVersion":"v2","requestResource":{"@type":"type.googleapis.com/google.cloud.functions.v2.Function","name":"projects/popchatv002/locations/us-central1/functions/scheduledSendAd","buildConfig":{"runtime":"nodejs22","entryPoint":"scheduledSendAd","source":{"storageSource":{"bucket":"gcf-v2-sources-296369449480-us-central1","object":"scheduledSendAd/function-source.zip","generation":"1751257504667326"}},"environmentVariables":{"GOOGLE_NODE_RUN_SCRIPTS":""},"dockerRepository":"projects/popchatv002/locations/us-central1/repositories/gcf-artifacts","sourceProvenance":{"resolvedStorageSource":{"bucket":"gcf-v2-sources-296369449480-us-central1","object":"scheduledSendAd/function-source.zip","generation":"1751257422720015"}},"dockerRegistry":"ARTIFACT_REGISTRY","serviceAccount":"projects/popchatv002/serviceAccounts/296369449480-compute@developer.gserviceaccount.com","automaticUpdatePolicy":{}},"serviceConfig":{"service":"projects/popchatv002/locations/us-central1/services/scheduledsendad","timeoutSeconds":60,"environmentVariables":{"FIREBASE_CONFIG":"{\"projectId\":\"popchatv002\",\"databaseURL\":\"https://popchatv002-default-rtdb.firebaseio.com\",\"storageBucket\":\"popchatv002.firebasestorage.app\"}","GCLOUD_PROJECT":"popchatv002","EVENTARC_CLOUD_EVENT_SOURCE":"projects/popchatv002/locations/us-central1/services/scheduledSendAd","FUNCTION_TARGET":"scheduledSendAd","LOG_EXECUTION_ID":"true","FUNCTION_SIGNATURE_TYPE":"http"},"ingressSettings":"ALLOW_ALL","uri":"https://scheduledsendad-2zjil5azfa-uc.a.run.app","serviceAccountEmail":"296369449480-compute@developer.gserviceaccount.com","availableMemory":"256Mi","allTrafficOnLatestRevision":true,"revision":"scheduledsendad-00018-yar","maxInstanceRequestConcurrency":80,"availableCpu":"1"},"state":"ACTIVE","labels":{"deployment-tool":"cli-firebase","deployment-scheduled":"true","firebase-functions-hash":"c28c7186af76edd8980ce0372c24cb87c7ed761b"},"environment":"GEN_2","url":"https://us-central1-popchatv002.cloudfunctions.net/scheduledSendAd","satisfiesPzi":true},"stages":[{"name":"BUILD","message":"Build in progress","state":"IN_PROGRESS","resource":"projects/296369449480/locations/us-central1/builds/87aaa7aa-6ac2-43e1-9326-09b3b107d34d","resourceUri":"https://console.cloud.google.com/cloud-build/builds;region=us-central1/87aaa7aa-6ac2-43e1-9326-09b3b107d34d?project=296369449480"},{"name":"SERVICE","state":"NOT_STARTED"}],"operationType":"UPDATE_FUNCTION","buildName":"projects/296369449480/locations/us-central1/builds/87aaa7aa-6ac2-43e1-9326-09b3b107d34d"},"done":false}
[debug] [2025-06-30T04:25:53.065Z] [update-default-us-central1-scheduledSendAd] Retrying task index 0
[debug] [2025-06-30T04:25:53.066Z] Checked if tokens are valid: true, expires at: 1751260621805
[debug] [2025-06-30T04:25:53.067Z] Checked if tokens are valid: true, expires at: 1751260621805
[debug] [2025-06-30T04:25:53.067Z] >>> [apiv2][query] GET https://cloudfunctions.googleapis.com/v2/projects/popchatv002/locations/us-central1/operations/operation-1751257503923-638c2696e7d97-213654be-cb6aa613 [none]
[debug] [2025-06-30T04:25:53.404Z] <<< [apiv2][status] GET https://cloudfunctions.googleapis.com/v2/projects/popchatv002/locations/us-central1/operations/operation-1751257503923-638c2696e7d97-213654be-cb6aa613 200
[debug] [2025-06-30T04:25:53.405Z] <<< [apiv2][body] GET https://cloudfunctions.googleapis.com/v2/projects/popchatv002/locations/us-central1/operations/operation-1751257503923-638c2696e7d97-213654be-cb6aa613 {"name":"projects/popchatv002/locations/us-central1/operations/operation-1751257503923-638c2696e7d97-213654be-cb6aa613","metadata":{"@type":"type.googleapis.com/google.cloud.functions.v2.OperationMetadata","createTime":"2025-06-30T04:25:04.752428427Z","endTime":"2025-06-30T04:25:52.152591907Z","target":"projects/popchatv002/locations/us-central1/functions/scheduledSendAd","verb":"update","cancelRequested":false,"apiVersion":"v2","requestResource":{"@type":"type.googleapis.com/google.cloud.functions.v2.Function","name":"projects/popchatv002/locations/us-central1/functions/scheduledSendAd","buildConfig":{"runtime":"nodejs22","entryPoint":"scheduledSendAd","source":{"storageSource":{"bucket":"gcf-v2-sources-296369449480-us-central1","object":"scheduledSendAd/function-source.zip","generation":"1751257504667326"}},"environmentVariables":{"GOOGLE_NODE_RUN_SCRIPTS":""},"dockerRepository":"projects/popchatv002/locations/us-central1/repositories/gcf-artifacts","sourceProvenance":{"resolvedStorageSource":{"bucket":"gcf-v2-sources-296369449480-us-central1","object":"scheduledSendAd/function-source.zip","generation":"1751257422720015"}},"dockerRegistry":"ARTIFACT_REGISTRY","serviceAccount":"projects/popchatv002/serviceAccounts/296369449480-compute@developer.gserviceaccount.com","automaticUpdatePolicy":{}},"serviceConfig":{"service":"projects/popchatv002/locations/us-central1/services/scheduledsendad","timeoutSeconds":60,"environmentVariables":{"FIREBASE_CONFIG":"{\"projectId\":\"popchatv002\",\"databaseURL\":\"https://popchatv002-default-rtdb.firebaseio.com\",\"storageBucket\":\"popchatv002.firebasestorage.app\"}","GCLOUD_PROJECT":"popchatv002","EVENTARC_CLOUD_EVENT_SOURCE":"projects/popchatv002/locations/us-central1/services/scheduledSendAd","FUNCTION_TARGET":"scheduledSendAd","LOG_EXECUTION_ID":"true","FUNCTION_SIGNATURE_TYPE":"http"},"ingressSettings":"ALLOW_ALL","uri":"https://scheduledsendad-2zjil5azfa-uc.a.run.app","serviceAccountEmail":"296369449480-compute@developer.gserviceaccount.com","availableMemory":"256Mi","allTrafficOnLatestRevision":true,"revision":"scheduledsendad-00018-yar","maxInstanceRequestConcurrency":80,"availableCpu":"1"},"state":"ACTIVE","labels":{"deployment-tool":"cli-firebase","deployment-scheduled":"true","firebase-functions-hash":"c28c7186af76edd8980ce0372c24cb87c7ed761b"},"environment":"GEN_2","url":"https://us-central1-popchatv002.cloudfunctions.net/scheduledSendAd","satisfiesPzi":true},"stages":[{"name":"BUILD","message":"Build finished","state":"COMPLETE","resource":"projects/296369449480/locations/us-central1/builds/87aaa7aa-6ac2-43e1-9326-09b3b107d34d","resourceUri":"https://console.cloud.google.com/cloud-build/builds;region=us-central1/87aaa7aa-6ac2-43e1-9326-09b3b107d34d?project=296369449480"},{"name":"SERVICE","message":"Updating Cloud Run service","state":"COMPLETE","resource":"projects/popchatv002/locations/us-central1/services/scheduledsendad","resourceUri":"https://console.cloud.google.com/run/detail/us-central1/scheduledsendad?project=popchatv002","stateMessages":[{"severity":"INFO","type":"CloudRunServiceNewRevisionTrafficInfo","message":"A new revision will be deployed serving with 100% traffic."}]}],"sourceToken":"Cldwcm9qZWN0cy8yOTYzNjk0NDk0ODAvbG9jYXRpb25zL3VzLWNlbnRyYWwxL2J1aWxkcy84N2FhYTdhYS02YWMyLTQzZTEtOTMyNi0wOWIzYjEwN2QzNGQSa3VzLWNlbnRyYWwxLWRvY2tlci5wa2cuZGV2L3BvcGNoYXR2MDAyL2djZi1hcnRpZmFjdHMvcG9wY2hhdHYwMDJfX3VzLS1jZW50cmFsMV9fc2NoZWR1bGVkX3NlbmRfYWQ6dmVyc2lvbl8xGIjU+4fQCCJEcHJvamVjdHMvcG9wY2hhdHYwMDIvbG9jYXRpb25zL3VzLWNlbnRyYWwxL2Z1bmN0aW9ucy9zY2hlZHVsZWRTZW5kQWQqDAjIo4jDBhDQzZzLAjIIbm9kZWpzMjI6dgojZ2NyLmlvL2dhZS1ydW50aW1lcy9ub2RlanMyMjpzdGFibGUST3VzLWNlbnRyYWwxLWRvY2tlci5wa2cuZGV2L3NlcnZlcmxlc3MtcnVudGltZXMvZ29vZ2xlLTIyLWZ1bGwvcnVudGltZXMvbm9kZWpzMjJAAQ==","operationType":"UPDATE_FUNCTION","buildName":"projects/296369449480/locations/us-central1/builds/87aaa7aa-6ac2-43e1-9326-09b3b107d34d"},"done":true,"response":{"@type":"type.googleapis.com/google.cloud.functions.v2.Function","name":"projects/popchatv002/locations/us-central1/functions/scheduledSendAd","buildConfig":{"build":"projects/296369449480/locations/us-central1/builds/87aaa7aa-6ac2-43e1-9326-09b3b107d34d","runtime":"nodejs22","entryPoint":"scheduledSendAd","source":{"storageSource":{"bucket":"gcf-v2-sources-296369449480-us-central1","object":"scheduledSendAd/function-source.zip","generation":"1751257504667326"}},"environmentVariables":{"GOOGLE_NODE_RUN_SCRIPTS":""},"dockerRepository":"projects/popchatv002/locations/us-central1/repositories/gcf-artifacts","sourceProvenance":{"resolvedStorageSource":{"bucket":"gcf-v2-sources-296369449480-us-central1","object":"scheduledSendAd/function-source.zip","generation":"1751257504667326"}},"dockerRegistry":"ARTIFACT_REGISTRY","serviceAccount":"projects/popchatv002/serviceAccounts/296369449480-compute@developer.gserviceaccount.com","automaticUpdatePolicy":{}},"serviceConfig":{"service":"projects/popchatv002/locations/us-central1/services/scheduledsendad","timeoutSeconds":60,"environmentVariables":{"FIREBASE_CONFIG":"{\"projectId\":\"popchatv002\",\"databaseURL\":\"https://popchatv002-default-rtdb.firebaseio.com\",\"storageBucket\":\"popchatv002.firebasestorage.app\"}","GCLOUD_PROJECT":"popchatv002","EVENTARC_CLOUD_EVENT_SOURCE":"projects/popchatv002/locations/us-central1/services/scheduledSendAd","FUNCTION_TARGET":"scheduledSendAd","LOG_EXECUTION_ID":"true","FUNCTION_SIGNATURE_TYPE":"http"},"maxInstanceCount":20,"ingressSettings":"ALLOW_ALL","uri":"https://scheduledsendad-2zjil5azfa-uc.a.run.app","serviceAccountEmail":"296369449480-compute@developer.gserviceaccount.com","availableMemory":"256Mi","allTrafficOnLatestRevision":true,"revision":"scheduledsendad-00019-jep","maxInstanceRequestConcurrency":80,"availableCpu":"1"},"state":"ACTIVE","updateTime":"2025-06-30T04:25:04.754464827Z","labels":{"deployment-tool":"cli-firebase","deployment-scheduled":"true","firebase-functions-hash":"c28c7186af76edd8980ce0372c24cb87c7ed761b"},"environment":"GEN_2","url":"https://us-central1-popchatv002.cloudfunctions.net/scheduledSendAd","createTime":"2025-06-21T22:10:43.266811237Z","satisfiesPzi":true}}
[debug] [2025-06-30T04:25:53.410Z] Got source token Cldwcm9qZWN0cy8yOTYzNjk0NDk0ODAvbG9jYXRpb25zL3VzLWNlbnRyYWwxL2J1aWxkcy84N2FhYTdhYS02YWMyLTQzZTEtOTMyNi0wOWIzYjEwN2QzNGQSa3VzLWNlbnRyYWwxLWRvY2tlci5wa2cuZGV2L3BvcGNoYXR2MDAyL2djZi1hcnRpZmFjdHMvcG9wY2hhdHYwMDJfX3VzLS1jZW50cmFsMV9fc2NoZWR1bGVkX3NlbmRfYWQ6dmVyc2lvbl8xGIjU+4fQCCJEcHJvamVjdHMvcG9wY2hhdHYwMDIvbG9jYXRpb25zL3VzLWNlbnRyYWwxL2Z1bmN0aW9ucy9zY2hlZHVsZWRTZW5kQWQqDAjIo4jDBhDQzZzLAjIIbm9kZWpzMjI6dgojZ2NyLmlvL2dhZS1ydW50aW1lcy9ub2RlanMyMjpzdGFibGUST3VzLWNlbnRyYWwxLWRvY2tlci5wa2cuZGV2L3NlcnZlcmxlc3MtcnVudGltZXMvZ29vZ2xlLTIyLWZ1bGwvcnVudGltZXMvbm9kZWpzMjJAAQ== for region us-central1
[debug] [2025-06-30T04:25:53.411Z] Checked if tokens are valid: true, expires at: 1751260621805
[debug] [2025-06-30T04:25:53.412Z] Checked if tokens are valid: true, expires at: 1751260621805
[debug] [2025-06-30T04:25:53.412Z] >>> [apiv2][query] GET https://run.googleapis.com/v1/projects/popchatv002/locations/us-central1/services/scheduledsendad:getIamPolicy [none]
[debug] [2025-06-30T04:25:53.858Z] <<< [apiv2][status] GET https://run.googleapis.com/v1/projects/popchatv002/locations/us-central1/services/scheduledsendad:getIamPolicy 200
[debug] [2025-06-30T04:25:53.858Z] <<< [apiv2][body] GET https://run.googleapis.com/v1/projects/popchatv002/locations/us-central1/services/scheduledsendad:getIamPolicy {"version":1,"etag":"BwY4HEEFP7w=","bindings":[{"role":"roles/run.invoker","members":["serviceAccount:296369449480-compute@developer.gserviceaccount.com"]}]}
[debug] [2025-06-30T04:25:53.860Z] Checked if tokens are valid: true, expires at: 1751260621805
[debug] [2025-06-30T04:25:53.860Z] Checked if tokens are valid: true, expires at: 1751260621805
[debug] [2025-06-30T04:25:53.860Z] >>> [apiv2][query] GET https://cloudscheduler.googleapis.com/v1/projects/popchatv002/locations/us-central1/jobs/firebase-schedule-scheduledSendAd-us-central1 [none]
[debug] [2025-06-30T04:25:54.288Z] <<< [apiv2][status] GET https://cloudscheduler.googleapis.com/v1/projects/popchatv002/locations/us-central1/jobs/firebase-schedule-scheduledSendAd-us-central1 200
[debug] [2025-06-30T04:25:54.289Z] <<< [apiv2][body] GET https://cloudscheduler.googleapis.com/v1/projects/popchatv002/locations/us-central1/jobs/firebase-schedule-scheduledSendAd-us-central1 {"name":"projects/popchatv002/locations/us-central1/jobs/firebase-schedule-scheduledSendAd-us-central1","httpTarget":{"uri":"https://scheduledsendad-2zjil5azfa-uc.a.run.app/","httpMethod":"POST","headers":{"User-Agent":"Google-Cloud-Scheduler"},"oidcToken":{"serviceAccountEmail":"296369449480-compute@developer.gserviceaccount.com","audience":"https://scheduledsendad-2zjil5azfa-uc.a.run.app"}},"userUpdateTime":"2025-06-21T23:03:17Z","state":"ENABLED","status":{},"scheduleTime":"2025-06-30T04:27:00.400204Z","lastAttemptTime":"2025-06-30T04:14:00.924098Z","schedule":"every 13 minutes","timeZone":"America/Vancouver","attemptDeadline":"180s"}
[debug] [2025-06-30T04:25:54.290Z] Checked if tokens are valid: true, expires at: 1751260621805
[debug] [2025-06-30T04:25:54.290Z] Checked if tokens are valid: true, expires at: 1751260621805
[debug] [2025-06-30T04:25:54.291Z] >>> [apiv2][query] PATCH https://cloudscheduler.googleapis.com/v1/projects/popchatv002/locations/us-central1/jobs/firebase-schedule-scheduledSendAd-us-central1 updateMask=name%2CtimeZone%2ChttpTarget%2Cschedule
[debug] [2025-06-30T04:25:54.291Z] >>> [apiv2][body] PATCH https://cloudscheduler.googleapis.com/v1/projects/popchatv002/locations/us-central1/jobs/firebase-schedule-scheduledSendAd-us-central1 {"timeZone":"America/Vancouver","name":"projects/popchatv002/locations/us-central1/jobs/firebase-schedule-scheduledSendAd-us-central1","httpTarget":{"uri":"https://scheduledsendad-2zjil5azfa-uc.a.run.app","httpMethod":"POST","oidcToken":{"serviceAccountEmail":"296369449480-compute@developer.gserviceaccount.com"}},"schedule":"every 1 hour"}
[debug] [2025-06-30T04:26:00.021Z] <<< [apiv2][status] PATCH https://cloudscheduler.googleapis.com/v1/projects/popchatv002/locations/us-central1/jobs/firebase-schedule-scheduledSendAd-us-central1 400
[debug] [2025-06-30T04:26:00.021Z] <<< [apiv2][body] PATCH https://cloudscheduler.googleapis.com/v1/projects/popchatv002/locations/us-central1/jobs/firebase-schedule-scheduledSendAd-us-central1 {"error":{"code":400,"message":"Schedule or time zone is invalid.","status":"INVALID_ARGUMENT"}}
[error] Request to https://cloudscheduler.googleapis.com/v1/projects/popchatv002/locations/us-central1/jobs/firebase-schedule-scheduledSendAd-us-central1?updateMask=name%2CtimeZone%2ChttpTarget%2Cschedule had HTTP Error: 400, Schedule or time zone is invalid.
[debug] [2025-06-30T04:26:00.031Z] Total Function Deployment time: 56015
[debug] [2025-06-30T04:26:00.032Z] 1 Functions Deployed
[debug] [2025-06-30T04:26:00.032Z] 1 Functions Errored
[debug] [2025-06-30T04:26:00.033Z] 0 Function Deployments Aborted
[debug] [2025-06-30T04:26:00.033Z] Average Function Deployment time: 56015
[info] 
[info] Functions deploy had errors with the following functions:
	scheduledSendAd(us-central1)
[debug] [2025-06-30T04:26:00.324Z] Not printing URL for HTTPS function. Typically this means it didn't match a filter or we failed deployment
[debug] [2025-06-30T04:26:00.325Z] Not printing URL for HTTPS function. Typically this means it didn't match a filter or we failed deployment
[debug] [2025-06-30T04:26:00.325Z] Not printing URL for HTTPS function. Typically this means it didn't match a filter or we failed deployment
[debug] [2025-06-30T04:26:00.326Z] Not printing URL for HTTPS function. Typically this means it didn't match a filter or we failed deployment
[debug] [2025-06-30T04:26:00.326Z] Not printing URL for HTTPS function. Typically this means it didn't match a filter or we failed deployment
[debug] [2025-06-30T04:26:00.327Z] Not printing URL for HTTPS function. Typically this means it didn't match a filter or we failed deployment
[debug] [2025-06-30T04:26:00.327Z] Not printing URL for HTTPS function. Typically this means it didn't match a filter or we failed deployment
[debug] [2025-06-30T04:26:00.327Z] Not printing URL for HTTPS function. Typically this means it didn't match a filter or we failed deployment
[debug] [2025-06-30T04:26:00.328Z] Not printing URL for HTTPS function. Typically this means it didn't match a filter or we failed deployment
[debug] [2025-06-30T04:26:00.329Z] Checked if tokens are valid: true, expires at: 1751260621805
[debug] [2025-06-30T04:26:00.329Z] Checked if tokens are valid: true, expires at: 1751260621805
[debug] [2025-06-30T04:26:00.330Z] >>> [apiv2][query] GET https://artifactregistry.googleapis.com/v1/projects/popchatv002/locations/us-central1/repositories/gcf-artifacts [none]
[debug] [2025-06-30T04:26:00.707Z] <<< [apiv2][status] GET https://artifactregistry.googleapis.com/v1/projects/popchatv002/locations/us-central1/repositories/gcf-artifacts 200
[debug] [2025-06-30T04:26:00.708Z] <<< [apiv2][body] GET https://artifactregistry.googleapis.com/v1/projects/popchatv002/locations/us-central1/repositories/gcf-artifacts {"name":"projects/popchatv002/locations/us-central1/repositories/gcf-artifacts","format":"DOCKER","description":"This repository is created and used by Cloud Functions for storing function docker images.","labels":{"goog-managed-by":"cloudfunctions"},"createTime":"2025-06-17T19:36:15.494572Z","updateTime":"2025-06-30T04:25:38.787397Z","mode":"STANDARD_REPOSITORY","cleanupPolicies":{"firebase-functions-cleanup":{"id":"firebase-functions-cleanup","action":"DELETE","condition":{"tagState":"ANY","olderThan":"86400s"}}},"sizeBytes":"159069949","vulnerabilityScanningConfig":{"lastEnableTime":"2025-06-17T19:36:02.933053286Z","enablementState":"SCANNING_DISABLED","enablementStateReason":"API containerscanning.googleapis.com is not enabled."},"satisfiesPzi":true,"registryUri":"us-central1-docker.pkg.dev/popchatv002/gcf-artifacts"}
[debug] [2025-06-30T04:26:00.709Z] Functions deploy failed.
[debug] [2025-06-30T04:26:00.709Z] {
  "endpoint": {
    "id": "scheduledSendAd",
    "project": "popchatv002",
    "region": "us-central1",
    "entryPoint": "scheduledSendAd",
    "platform": "gcfv2",
    "runtime": "nodejs22",
    "scheduleTrigger": {
      "schedule": "every 1 hour",
      "timeZone": "America/Vancouver",
      "retryConfig": {}
    },
    "labels": {
      "deployment-tool": "cli-firebase"
    },
    "serviceAccount": null,
    "ingressSettings": null,
    "availableMemoryMb": null,
    "timeoutSeconds": null,
    "maxInstances": null,
    "minInstances": null,
    "concurrency": 80,
    "vpc": null,
    "environmentVariables": {
      "FIREBASE_CONFIG": "{\"projectId\":\"popchatv002\",\"databaseURL\":\"https://popchatv002-default-rtdb.firebaseio.com\",\"storageBucket\":\"popchatv002.firebasestorage.app\"}",
      "GCLOUD_PROJECT": "popchatv002",
      "EVENTARC_CLOUD_EVENT_SOURCE": "projects/popchatv002/locations/us-central1/services/scheduledSendAd",
      "FUNCTION_TARGET": "scheduledSendAd",
      "LOG_EXECUTION_ID": "true",
      "FUNCTION_SIGNATURE_TYPE": "http"
    },
    "codebase": "default",
    "runServiceId": "scheduledsendad",
    "cpu": 1,
    "securityLevel": "SECURE_ALWAYS",
    "targetedByOnly": true,
    "hash": "c28c7186af76edd8980ce0372c24cb87c7ed761b",
    "uri": "https://scheduledsendad-2zjil5azfa-uc.a.run.app"
  },
  "op": "upsert schedule",
  "original": {
    "name": "FirebaseError",
    "children": [],
    "context": {
      "body": {
        "error": {
          "code": 400,
          "message": "Schedule or time zone is invalid.",
          "status": "INVALID_ARGUMENT"
        }
      },
      "response": {
        "statusCode": 400
      }
    },
    "exit": 1,
    "message": "Request to https://cloudscheduler.googleapis.com/v1/projects/popchatv002/locations/us-central1/jobs/firebase-schedule-scheduledSendAd-us-central1?updateMask=name%2CtimeZone%2ChttpTarget%2Cschedule had HTTP Error: 400, Schedule or time zone is invalid.",
    "status": 400,
    "code": 400
  }
}
[debug] [2025-06-30T04:26:00.732Z] Error: Failed to upsert schedule function scheduledSendAd in region us-central1
    at C:\Users\Ricky PC\AppData\Roaming\npm\node_modules\firebase-tools\lib\deploy\functions\release\fabricator.js:52:11
    at process.processTicksAndRejections (node:internal/process/task_queues:105:5)
    at async Fabricator.upsertScheduleV2 (C:\Users\Ricky PC\AppData\Roaming\npm\node_modules\firebase-tools\lib\deploy\functions\release\fabricator.js:519:9)
    at async Fabricator.setTrigger (C:\Users\Ricky PC\AppData\Roaming\npm\node_modules\firebase-tools\lib\deploy\functions\release\fabricator.js:480:17)
    at async Fabricator.updateEndpoint (C:\Users\Ricky PC\AppData\Roaming\npm\node_modules\firebase-tools\lib\deploy\functions\release\fabricator.js:160:9)
    at async handle (C:\Users\Ricky PC\AppData\Roaming\npm\node_modules\firebase-tools\lib\deploy\functions\release\fabricator.js:89:17)
[error] 
[error] Error: There was an error deploying functions
[debug] [2025-06-30T04:26:03.014Z] ----------------------------------------------------------------------
[debug] [2025-06-30T04:26:03.019Z] Command:       C:\Program Files\nodejs\node.exe C:\Users\Ricky PC\AppData\Roaming\npm\node_modules\firebase-tools\lib\bin\firebase.js emulators:start --only functions,database
[debug] [2025-06-30T04:26:03.020Z] CLI Version:   14.7.0
[debug] [2025-06-30T04:26:03.020Z] Platform:      win32
[debug] [2025-06-30T04:26:03.021Z] Node Version:  v22.16.0
[debug] [2025-06-30T04:26:03.021Z] Time:          Sun Jun 29 2025 21:26:03 GMT-0700 (Pacific Daylight Time)
[debug] [2025-06-30T04:26:03.021Z] ----------------------------------------------------------------------
[debug] 
[debug] [2025-06-30T04:26:03.334Z] > command requires scopes: ["email","openid","https://www.googleapis.com/auth/cloudplatformprojects.readonly","https://www.googleapis.com/auth/firebase","https://www.googleapis.com/auth/cloud-platform"]
[debug] [2025-06-30T04:26:03.334Z] > authorizing via signed-in user (foxopenone@gmail.com)
[debug] [2025-06-30T04:26:03.632Z] openjdk version "11.0.17" 2022-10-18

[debug] [2025-06-30T04:26:03.633Z] OpenJDK Runtime Environment Temurin-11.0.17+8 (build 11.0.17+8)
OpenJDK 64-Bit Server VM Temurin-11.0.17+8 (build 11.0.17+8, mixed mode)

[debug] [2025-06-30T04:26:03.659Z] Parsed Java major version: 11
[info] i  emulators: Starting emulators: functions, database {"metadata":{"emulator":{"name":"hub"},"message":"Starting emulators: functions, database"}}
[debug] [2025-06-30T04:26:03.743Z] [logging] Logging Emulator only supports listening on one address (127.0.0.1). Not listening on ::1
[debug] [2025-06-30T04:26:03.744Z] [database] Database Emulator only supports listening on one address (127.0.0.1). Not listening on ::1
[debug] [2025-06-30T04:26:03.744Z] assigned listening specs for emulators {"user":{"hub":[{"address":"127.0.0.1","family":"IPv4","port":4410},{"address":"::1","family":"IPv6","port":4410}],"ui":[{"address":"127.0.0.1","family":"IPv4","port":4001},{"address":"::1","family":"IPv6","port":4001}],"logging":[{"address":"127.0.0.1","family":"IPv4","port":4501}],"database":[{"address":"127.0.0.1","family":"IPv4","port":9004}]},"metadata":{"message":"assigned listening specs for emulators"}}
[debug] [2025-06-30T04:26:03.749Z] [hub] writing locator at C:\Users\RICKYP~1\AppData\Local\Temp\hub-popchatv002.json
[debug] [2025-06-30T04:26:03.974Z] [functions] Functions Emulator only supports listening on one address (127.0.0.1). Not listening on ::1
[debug] [2025-06-30T04:26:03.974Z] [eventarc] Eventarc Emulator only supports listening on one address (127.0.0.1). Not listening on ::1
[debug] [2025-06-30T04:26:03.974Z] [tasks] Cloud Tasks Emulator only supports listening on one address (127.0.0.1). Not listening on ::1
[debug] [2025-06-30T04:26:03.974Z] late-assigned ports for functions and eventarc emulators {"user":{"hub":[{"address":"127.0.0.1","family":"IPv4","port":4410},{"address":"::1","family":"IPv6","port":4410}],"ui":[{"address":"127.0.0.1","family":"IPv4","port":4001},{"address":"::1","family":"IPv6","port":4001}],"logging":[{"address":"127.0.0.1","family":"IPv4","port":4501}],"database":[{"address":"127.0.0.1","family":"IPv4","port":9004}],"functions":[{"address":"127.0.0.1","family":"IPv4","port":5001}],"eventarc":[{"address":"127.0.0.1","family":"IPv4","port":9299}],"tasks":[{"address":"127.0.0.1","family":"IPv4","port":9499}]},"metadata":{"message":"late-assigned ports for functions and eventarc emulators"}}
[warn] !  functions: The following emulators are not running, calls to these services from the Functions emulator will affect production: apphosting, auth, firestore, hosting, pubsub, storage, dataconnect {"metadata":{"emulator":{"name":"functions"},"message":"The following emulators are not running, calls to these services from the Functions emulator will affect production: \u001b[1mapphosting, auth, firestore, hosting, pubsub, storage, dataconnect\u001b[22m"}}
[debug] [2025-06-30T04:26:04.021Z] defaultcredentials: writing to file C:\Users\Ricky PC\AppData\Roaming\firebase\foxopenone_gmail_com_application_default_credentials.json
[debug] [2025-06-30T04:26:04.024Z] Setting GAC to C:\Users\Ricky PC\AppData\Roaming\firebase\foxopenone_gmail_com_application_default_credentials.json {"metadata":{"emulator":{"name":"functions"},"message":"Setting GAC to C:\\Users\\Ricky PC\\AppData\\Roaming\\firebase\\foxopenone_gmail_com_application_default_credentials.json"}}
[debug] [2025-06-30T04:26:04.026Z] Checked if tokens are valid: true, expires at: 1751260621805
[debug] [2025-06-30T04:26:04.026Z] Checked if tokens are valid: true, expires at: 1751260621805
[debug] [2025-06-30T04:26:04.027Z] >>> [apiv2][query] GET https://firebase.googleapis.com/v1beta1/projects/popchatv002/adminSdkConfig [none]
[debug] [2025-06-30T04:26:04.383Z] <<< [apiv2][status] GET https://firebase.googleapis.com/v1beta1/projects/popchatv002/adminSdkConfig 200
[debug] [2025-06-30T04:26:04.383Z] <<< [apiv2][body] GET https://firebase.googleapis.com/v1beta1/projects/popchatv002/adminSdkConfig {"projectId":"popchatv002","databaseURL":"https://popchatv002-default-rtdb.firebaseio.com","storageBucket":"popchatv002.firebasestorage.app"}
[debug] [2025-06-30T04:26:04.595Z] Checked if tokens are valid: true, expires at: 1751260621805
[debug] [2025-06-30T04:26:04.595Z] Checked if tokens are valid: true, expires at: 1751260621805
[debug] [2025-06-30T04:26:04.595Z] >>> [apiv2][query] GET https://firebase.googleapis.com/v1beta1/projects/popchatv002 [none]
[debug] [2025-06-30T04:26:04.887Z] <<< [apiv2][status] GET https://firebase.googleapis.com/v1beta1/projects/popchatv002 200
[debug] [2025-06-30T04:26:04.887Z] <<< [apiv2][body] GET https://firebase.googleapis.com/v1beta1/projects/popchatv002 {"projectId":"popchatv002","projectNumber":"296369449480","displayName":"popchatv002","name":"projects/popchatv002","resources":{"hostingSite":"popchatv002","realtimeDatabaseInstance":"popchatv002-default-rtdb"},"state":"ACTIVE","etag":"1_ac3678b1-f8a1-40a7-ae9f-b046f27bd9b9"}
[debug] [2025-06-30T04:26:04.887Z] database rules config:  []
[warn] !  database: Did not find a Realtime Database rules file specified in a firebase.json config file. The emulator will default to allowing all reads and writes. Learn more about this option: https://firebase.google.com/docs/emulator-suite/install_and_configure#security_rules_configuration. {"metadata":{"emulator":{"name":"database"},"message":"Did not find a Realtime Database rules file specified in a firebase.json config file. The emulator will default to allowing all reads and writes. Learn more about this option: https://firebase.google.com/docs/emulator-suite/install_and_configure#security_rules_configuration."}}
[debug] [2025-06-30T04:26:04.890Z] Ignoring unsupported arg: projectId {"metadata":{"emulator":{"name":"database"},"message":"Ignoring unsupported arg: projectId"}}
[debug] [2025-06-30T04:26:04.890Z] Ignoring unsupported arg: auto_download {"metadata":{"emulator":{"name":"database"},"message":"Ignoring unsupported arg: auto_download"}}
[debug] [2025-06-30T04:26:04.890Z] Ignoring unsupported arg: rules {"metadata":{"emulator":{"name":"database"},"message":"Ignoring unsupported arg: rules"}}
[debug] [2025-06-30T04:26:04.890Z] Starting Database Emulator with command {"binary":"java","args":["-Duser.language=en","-jar","C:\\Users\\Ricky PC\\.cache\\firebase\\emulators\\firebase-database-emulator-v4.11.2.jar","--host","127.0.0.1","--port",9004,"--single_project_mode","Warning","--functions_emulator_host","127.0.0.1","--functions_emulator_port",5001],"optionalArgs":["port","host","functions_emulator_port","functions_emulator_host","single_project_mode"],"joinArgs":false,"shell":false,"port":9004} {"metadata":{"emulator":{"name":"database"},"message":"Starting Database Emulator with command {\"binary\":\"java\",\"args\":[\"-Duser.language=en\",\"-jar\",\"C:\\\\Users\\\\Ricky PC\\\\.cache\\\\firebase\\\\emulators\\\\firebase-database-emulator-v4.11.2.jar\",\"--host\",\"127.0.0.1\",\"--port\",9004,\"--single_project_mode\",\"Warning\",\"--functions_emulator_host\",\"127.0.0.1\",\"--functions_emulator_port\",5001],\"optionalArgs\":[\"port\",\"host\",\"functions_emulator_port\",\"functions_emulator_host\",\"single_project_mode\"],\"joinArgs\":false,\"shell\":false,\"port\":9004}"}}
[info] i  database: Database Emulator logging to database-debug.log {"metadata":{"emulator":{"name":"database"},"message":"Database Emulator logging to \u001b[1mdatabase-debug.log\u001b[22m"}}
[debug] [2025-06-30T04:26:06.025Z] WARNING: An illegal reflective access operation has occurred
WARNING: Illegal reflective access by io.netty.util.internal.ReflectionUtil (file:/C:/Users/Ricky%20PC/.cache/firebase/emulators/firebase-database-emulator-v4.11.2.jar) to field sun.nio.ch.SelectorImpl.selectedKeys
WARNING: Please consider reporting this to the maintainers of io.netty.util.internal.ReflectionUtil
WARNING: Use --illegal-access=warn to enable warnings of further illegal reflective access operations
WARNING: All illegal access operations will be denied in a future release
 {"metadata":{"emulator":{"name":"database"},"message":"WARNING: An illegal reflective access operation has occurred\r\nWARNING: Illegal reflective access by io.netty.util.internal.ReflectionUtil (file:/C:/Users/Ricky%20PC/.cache/firebase/emulators/firebase-database-emulator-v4.11.2.jar) to field sun.nio.ch.SelectorImpl.selectedKeys\r\nWARNING: Please consider reporting this to the maintainers of io.netty.util.internal.ReflectionUtil\r\nWARNING: Use --illegal-access=warn to enable warnings of further illegal reflective access operations\r\nWARNING: All illegal access operations will be denied in a future release\r\n"}}
[debug] [2025-06-30T04:26:07.006Z] 21:26:07.004 [NamespaceSystem-akka.actor.default-dispatcher-4] INFO akka.event.slf4j.Slf4jLogger - Slf4jLogger started
 {"metadata":{"emulator":{"name":"database"},"message":"21:26:07.004 [NamespaceSystem-akka.actor.default-dispatcher-4] INFO akka.event.slf4j.Slf4jLogger - Slf4jLogger started\r\n"}}
[debug] [2025-06-30T04:26:07.402Z] 21:26:07.338 [main] INFO com.firebase.server.forge.App$ - Listening at 127.0.0.1:9004
 {"metadata":{"emulator":{"name":"database"},"message":"21:26:07.338 [main] INFO com.firebase.server.forge.App$ - Listening at 127.0.0.1:9004\r\n"}}
[info] i  functions: Watching "G:\functions\functions" for Cloud Functions... {"metadata":{"emulator":{"name":"functions"},"message":"Watching \"G:\\functions\\functions\" for Cloud Functions..."}}
[debug] [2025-06-30T04:26:07.965Z] Validating nodejs source
[debug] [2025-06-30T04:26:09.584Z] > [functions] package.json contents: {
  "name": "functions",
  "description": "Cloud Functions for Firebase",
  "scripts": {
    "serve": "firebase emulators:start --only functions",
    "start": "firebase emulators:start --only functions,database",
    "shell": "firebase functions:shell",
    "deploy": "firebase deploy --only functions",
    "logs": "firebase functions:log"
  },
  "engines": {
    "node": "22"
  },
  "main": "index.js",
  "dependencies": {
    "axios": "^1.10.0",
    "firebase-admin": "^12.6.0",
    "firebase-functions": "^6.0.1",
    "luxon": "^3.6.1"
  },
  "devDependencies": {
    "firebase-functions-test": "^3.1.0"
  },
  "private": true
}
[debug] [2025-06-30T04:26:09.584Z] Building nodejs source
[debug] [2025-06-30T04:26:09.585Z] Failed to find version of module node: reached end of search path G:\functions\functions\node_modules
[info] +  functions: Using node@22 from host. 
[debug] [2025-06-30T04:26:09.587Z] Could not find functions.yaml. Must use http discovery
[debug] [2025-06-30T04:26:09.892Z] Found firebase-functions binary at 'G:\functions\node_modules\.bin\firebase-functions'
[info] Serving at port 8822

[debug] [2025-06-30T04:26:10.814Z] Got response from /__/functions.yaml {"endpoints":{"testHttpFunction":{"availableMemoryMb":null,"timeoutSeconds":null,"minInstances":null,"maxInstances":null,"ingressSettings":null,"concurrency":null,"serviceAccountEmail":null,"vpc":null,"platform":"gcfv2","labels":{},"httpsTrigger":{},"entryPoint":"testHttpFunction"},"writeToDatabase":{"availableMemoryMb":null,"timeoutSeconds":null,"minInstances":null,"maxInstances":null,"ingressSettings":null,"concurrency":null,"serviceAccountEmail":null,"vpc":null,"platform":"gcfv2","labels":{},"httpsTrigger":{},"entryPoint":"writeToDatabase"},"addUserStatus":{"availableMemoryMb":null,"timeoutSeconds":null,"minInstances":null,"maxInstances":null,"ingressSettings":null,"concurrency":null,"serviceAccountEmail":null,"vpc":null,"platform":"gcfv2","labels":{},"httpsTrigger":{},"entryPoint":"addUserStatus"},"trackUserSessionCreate":{"availableMemoryMb":null,"timeoutSeconds":null,"minInstances":null,"maxInstances":null,"ingressSettings":null,"concurrency":null,"serviceAccountEmail":null,"vpc":null,"platform":"gcfv2","labels":{},"eventTrigger":{"eventType":"google.firebase.database.ref.v1.created","eventFilters":{},"eventFilterPathPatterns":{"ref":"status/{userId}","instance":"*"},"retry":false},"entryPoint":"trackUserSessionCreate"},"trackUserSessionDelete":{"availableMemoryMb":null,"timeoutSeconds":null,"minInstances":null,"maxInstances":null,"ingressSettings":null,"concurrency":null,"serviceAccountEmail":null,"vpc":null,"platform":"gcfv2","labels":{},"eventTrigger":{"eventType":"google.firebase.database.ref.v1.deleted","eventFilters":{},"eventFilterPathPatterns":{"ref":"status/{userId}","instance":"*"},"retry":false},"entryPoint":"trackUserSessionDelete"},"telegramWebhook":{"availableMemoryMb":null,"timeoutSeconds":null,"minInstances":null,"maxInstances":null,"ingressSettings":null,"concurrency":null,"serviceAccountEmail":null,"vpc":null,"platform":"gcfv2","labels":{},"httpsTrigger":{},"entryPoint":"telegramWebhook"},"testScheduledFunction":{"availableMemoryMb":null,"timeoutSeconds":null,"minInstances":null,"maxInstances":null,"ingressSettings":null,"concurrency":null,"serviceAccountEmail":null,"vpc":null,"platform":"gcfv2","labels":{},"httpsTrigger":{},"entryPoint":"testScheduledFunction"},"scheduledRandomUserMedia":{"availableMemoryMb":null,"timeoutSeconds":null,"minInstances":null,"maxInstances":null,"ingressSettings":null,"concurrency":null,"serviceAccountEmail":null,"vpc":null,"platform":"gcfv2","labels":{},"scheduleTrigger":{"schedule":"every 15 minutes","retryConfig":{},"timeZone":"America/Vancouver"},"entryPoint":"scheduledRandomUserMedia"},"testSendAd":{"availableMemoryMb":null,"timeoutSeconds":null,"minInstances":null,"maxInstances":null,"ingressSettings":null,"concurrency":null,"serviceAccountEmail":null,"vpc":null,"platform":"gcfv2","labels":{},"httpsTrigger":{},"entryPoint":"testSendAd"},"scheduledSendAd":{"availableMemoryMb":null,"timeoutSeconds":null,"minInstances":null,"maxInstances":null,"ingressSettings":null,"concurrency":null,"serviceAccountEmail":null,"vpc":null,"platform":"gcfv2","labels":{},"scheduleTrigger":{"schedule":"every 1 hour","retryConfig":{},"timeZone":"America/Vancouver"},"entryPoint":"scheduledSendAd"},"resetUserCounter":{"availableMemoryMb":null,"timeoutSeconds":null,"minInstances":null,"maxInstances":null,"ingressSettings":null,"concurrency":null,"serviceAccountEmail":null,"vpc":null,"platform":"gcfv2","labels":{},"httpsTrigger":{},"entryPoint":"resetUserCounter"},"testSnapshotCycling":{"availableMemoryMb":null,"timeoutSeconds":null,"minInstances":null,"maxInstances":null,"ingressSettings":null,"concurrency":null,"serviceAccountEmail":null,"vpc":null,"platform":"gcfv2","labels":{},"httpsTrigger":{},"entryPoint":"testSnapshotCycling"},"sendHostToGroup":{"availableMemoryMb":null,"timeoutSeconds":null,"minInstances":null,"maxInstances":null,"ingressSettings":null,"concurrency":null,"serviceAccountEmail":null,"vpc":null,"platform":"gcfv2","labels":{},"httpsTrigger":{},"entryPoint":"sendHostToGroup"}},"specVersion":"v1alpha1","requiredAPIs":[{"api":"cloudscheduler.googleapis.com","reason":"Needed for scheduled functions."}],"extensions":{}}
[info] +  functions: Loaded functions definitions from source: testHttpFunction, writeToDatabase, addUserStatus, trackUserSessionCreate, trackUserSessionDelete, telegramWebhook, testScheduledFunction, scheduledRandomUserMedia, testSendAd, scheduledSendAd, resetUserCounter, testSnapshotCycling, sendHostToGroup. {"metadata":{"emulator":{"name":"functions"},"message":"Loaded functions definitions from source: testHttpFunction, writeToDatabase, addUserStatus, trackUserSessionCreate, trackUserSessionDelete, telegramWebhook, testScheduledFunction, scheduledRandomUserMedia, testSendAd, scheduledSendAd, resetUserCounter, testSnapshotCycling, sendHostToGroup."}}
[info] +  functions[us-central1-testHttpFunction]: http function initialized (http://127.0.0.1:5001/popchatv002/us-central1/testHttpFunction). {"metadata":{"emulator":{"name":"functions"},"message":"\u001b[1mhttp\u001b[22m function initialized (http://127.0.0.1:5001/popchatv002/us-central1/testHttpFunction)."}}
[info] +  functions[us-central1-writeToDatabase]: http function initialized (http://127.0.0.1:5001/popchatv002/us-central1/writeToDatabase). {"metadata":{"emulator":{"name":"functions"},"message":"\u001b[1mhttp\u001b[22m function initialized (http://127.0.0.1:5001/popchatv002/us-central1/writeToDatabase)."}}
[info] +  functions[us-central1-addUserStatus]: http function initialized (http://127.0.0.1:5001/popchatv002/us-central1/addUserStatus). {"metadata":{"emulator":{"name":"functions"},"message":"\u001b[1mhttp\u001b[22m function initialized (http://127.0.0.1:5001/popchatv002/us-central1/addUserStatus)."}}
[debug] [2025-06-30T04:26:14.890Z] addRealtimeDatabaseTrigger[*] "{\"name\":\"projects/popchatv002/locations/us-central1/triggers/us-central1-trackUserSessionCreate-0\",\"path\":\"status/{userId}\",\"event\":\"google.firebase.database.ref.v1.created\",\"topic\":\"projects/popchatv002/topics/us-central1-trackUserSessionCreate-0\",\"namespacePattern\":\"*\"}"
[debug] [2025-06-30T04:26:14.890Z] >>> [apiv2][query] POST http://127.0.0.1:9004/.settings/functionTriggers.json [none]
[debug] [2025-06-30T04:26:14.890Z] >>> [apiv2][body] POST http://127.0.0.1:9004/.settings/functionTriggers.json "{\"name\":\"projects/popchatv002/locations/us-central1/triggers/us-central1-trackUserSessionCreate-0\",\"path\":\"status/{userId}\",\"event\":\"google.firebase.database.ref.v1.created\",\"topic\":\"projects/popchatv002/topics/us-central1-trackUserSessionCreate-0\",\"namespacePattern\":\"*\"}"
[debug] [2025-06-30T04:26:15.364Z] 21:26:15.363 [NamespaceSystem-akka.actor.default-dispatcher-4] INFO com.firebase.core.namespace.NamespaceActor - fake-server successfully activated FBKV (SurveyIdle(0)) wait: 189ms, init: 0ms
 {"metadata":{"emulator":{"name":"database"},"message":"21:26:15.363 [NamespaceSystem-akka.actor.default-dispatcher-4] INFO com.firebase.core.namespace.NamespaceActor - fake-server successfully activated FBKV (SurveyIdle(0)) wait: 189ms, init: 0ms\r\n"}}
[debug] [2025-06-30T04:26:15.445Z] 21:26:15.445 [NamespaceSystem-blocking-namespace-operation-dispatcher-7] INFO com.firebase.core.namespace.StateManager - Namespace fake-server status Active to Active
 {"metadata":{"emulator":{"name":"database"},"message":"21:26:15.445 [NamespaceSystem-blocking-namespace-operation-dispatcher-7] INFO com.firebase.core.namespace.StateManager - Namespace fake-server status Active to Active\r\n"}}
[debug] [2025-06-30T04:26:15.474Z] <<< [apiv2][status] POST http://127.0.0.1:9004/.settings/functionTriggers.json 200
[debug] [2025-06-30T04:26:15.475Z] <<< [apiv2][body] POST http://127.0.0.1:9004/.settings/functionTriggers.json {"status":"ok"}
[info] +  functions[us-central1-trackUserSessionCreate]: database function initialized. {"metadata":{"emulator":{"name":"functions"},"message":"\u001b[1mdatabase\u001b[22m function initialized."}}
[debug] [2025-06-30T04:26:15.475Z] addRealtimeDatabaseTrigger[*] "{\"name\":\"projects/popchatv002/locations/us-central1/triggers/us-central1-trackUserSessionDelete-0\",\"path\":\"status/{userId}\",\"event\":\"google.firebase.database.ref.v1.deleted\",\"topic\":\"projects/popchatv002/topics/us-central1-trackUserSessionDelete-0\",\"namespacePattern\":\"*\"}"
[debug] [2025-06-30T04:26:15.476Z] >>> [apiv2][query] POST http://127.0.0.1:9004/.settings/functionTriggers.json [none]
[debug] [2025-06-30T04:26:15.476Z] >>> [apiv2][body] POST http://127.0.0.1:9004/.settings/functionTriggers.json "{\"name\":\"projects/popchatv002/locations/us-central1/triggers/us-central1-trackUserSessionDelete-0\",\"path\":\"status/{userId}\",\"event\":\"google.firebase.database.ref.v1.deleted\",\"topic\":\"projects/popchatv002/topics/us-central1-trackUserSessionDelete-0\",\"namespacePattern\":\"*\"}"
[debug] [2025-06-30T04:26:15.481Z] 21:26:15.481 [NamespaceSystem-blocking-namespace-operation-dispatcher-7] INFO com.firebase.core.namespace.StateManager - Namespace fake-server status Active to Active
 {"metadata":{"emulator":{"name":"database"},"message":"21:26:15.481 [NamespaceSystem-blocking-namespace-operation-dispatcher-7] INFO com.firebase.core.namespace.StateManager - Namespace fake-server status Active to Active\r\n"}}
[debug] [2025-06-30T04:26:15.484Z] <<< [apiv2][status] POST http://127.0.0.1:9004/.settings/functionTriggers.json 200
[debug] [2025-06-30T04:26:15.484Z] <<< [apiv2][body] POST http://127.0.0.1:9004/.settings/functionTriggers.json {"status":"ok"}
[info] +  functions[us-central1-trackUserSessionDelete]: database function initialized. {"metadata":{"emulator":{"name":"functions"},"message":"\u001b[1mdatabase\u001b[22m function initialized."}}
[info] +  functions[us-central1-telegramWebhook]: http function initialized (http://127.0.0.1:5001/popchatv002/us-central1/telegramWebhook). {"metadata":{"emulator":{"name":"functions"},"message":"\u001b[1mhttp\u001b[22m function initialized (http://127.0.0.1:5001/popchatv002/us-central1/telegramWebhook)."}}
[info] +  functions[us-central1-testScheduledFunction]: http function initialized (http://127.0.0.1:5001/popchatv002/us-central1/testScheduledFunction). {"metadata":{"emulator":{"name":"functions"},"message":"\u001b[1mhttp\u001b[22m function initialized (http://127.0.0.1:5001/popchatv002/us-central1/testScheduledFunction)."}}
[info] i  functions[us-central1-scheduledRandomUserMedia]: function ignored because the pubsub emulator does not exist or is not running. {"metadata":{"emulator":{"name":"functions"},"message":"function ignored because the pubsub emulator does not exist or is not running."}}
[info] +  functions[us-central1-testSendAd]: http function initialized (http://127.0.0.1:5001/popchatv002/us-central1/testSendAd). {"metadata":{"emulator":{"name":"functions"},"message":"\u001b[1mhttp\u001b[22m function initialized (http://127.0.0.1:5001/popchatv002/us-central1/testSendAd)."}}
[info] i  functions[us-central1-scheduledSendAd]: function ignored because the pubsub emulator does not exist or is not running. {"metadata":{"emulator":{"name":"functions"},"message":"function ignored because the pubsub emulator does not exist or is not running."}}
[info] +  functions[us-central1-resetUserCounter]: http function initialized (http://127.0.0.1:5001/popchatv002/us-central1/resetUserCounter). {"metadata":{"emulator":{"name":"functions"},"message":"\u001b[1mhttp\u001b[22m function initialized (http://127.0.0.1:5001/popchatv002/us-central1/resetUserCounter)."}}
[info] +  functions[us-central1-testSnapshotCycling]: http function initialized (http://127.0.0.1:5001/popchatv002/us-central1/testSnapshotCycling). {"metadata":{"emulator":{"name":"functions"},"message":"\u001b[1mhttp\u001b[22m function initialized (http://127.0.0.1:5001/popchatv002/us-central1/testSnapshotCycling)."}}
[info] +  functions[us-central1-sendHostToGroup]: http function initialized (http://127.0.0.1:5001/popchatv002/us-central1/sendHostToGroup). {"metadata":{"emulator":{"name":"functions"},"message":"\u001b[1mhttp\u001b[22m function initialized (http://127.0.0.1:5001/popchatv002/us-central1/sendHostToGroup)."}}
[debug] [2025-06-30T04:26:15.613Z] Could not find VSCode notification endpoint: FetchError: request to http://localhost:40001/vscode/notify failed, reason: . If you are not running the Firebase Data Connect VSCode extension, this is expected and not an issue.
[info] 
┌─────────────────────────────────────────────────────────────┐
│ ✔  All emulators ready! It is now safe to connect your app. │
│ i  View Emulator UI at http://127.0.0.1:4001/               │
└─────────────────────────────────────────────────────────────┘

┌───────────┬────────────────┬─────────────────────────────────┐
│ Emulator  │ Host:Port      │ View in Emulator UI             │
├───────────┼────────────────┼─────────────────────────────────┤
│ Functions │ 127.0.0.1:5001 │ http://127.0.0.1:4001/functions │
├───────────┼────────────────┼─────────────────────────────────┤
│ Database  │ 127.0.0.1:9004 │ http://127.0.0.1:4001/database  │
└───────────┴────────────────┴─────────────────────────────────┘
  Emulator Hub host: 127.0.0.1 port: 4410
  Other reserved ports: 4501

Issues? Report them at https://github.com/firebase/firebase-tools/issues and attach the *-debug.log files.
 
[debug] [2025-06-30T04:27:07.242Z] File G:\functions\functions\index.js changed, reloading triggers {"metadata":{"emulator":{"name":"functions"},"message":"File G:\\functions\\functions\\index.js changed, reloading triggers"}}
[debug] [2025-06-30T04:27:08.257Z] Validating nodejs source
[debug] [2025-06-30T04:27:09.824Z] > [functions] package.json contents: {
  "name": "functions",
  "description": "Cloud Functions for Firebase",
  "scripts": {
    "serve": "firebase emulators:start --only functions",
    "start": "firebase emulators:start --only functions,database",
    "shell": "firebase functions:shell",
    "deploy": "firebase deploy --only functions",
    "logs": "firebase functions:log"
  },
  "engines": {
    "node": "22"
  },
  "main": "index.js",
  "dependencies": {
    "axios": "^1.10.0",
    "firebase-admin": "^12.6.0",
    "firebase-functions": "^6.0.1",
    "luxon": "^3.6.1"
  },
  "devDependencies": {
    "firebase-functions-test": "^3.1.0"
  },
  "private": true
}
[debug] [2025-06-30T04:27:09.825Z] Building nodejs source
[debug] [2025-06-30T04:27:09.825Z] Failed to find version of module node: reached end of search path G:\functions\functions\node_modules
[info] +  functions: Using node@22 from host. 
[debug] [2025-06-30T04:27:09.826Z] Could not find functions.yaml. Must use http discovery
[debug] [2025-06-30T04:27:10.153Z] Found firebase-functions binary at 'G:\functions\node_modules\.bin\firebase-functions'
[info] Serving at port 8393

[debug] [2025-06-30T04:27:11.020Z] Got response from /__/functions.yaml {"endpoints":{"testHttpFunction":{"availableMemoryMb":null,"timeoutSeconds":null,"minInstances":null,"maxInstances":null,"ingressSettings":null,"concurrency":null,"serviceAccountEmail":null,"vpc":null,"platform":"gcfv2","labels":{},"httpsTrigger":{},"entryPoint":"testHttpFunction"},"writeToDatabase":{"availableMemoryMb":null,"timeoutSeconds":null,"minInstances":null,"maxInstances":null,"ingressSettings":null,"concurrency":null,"serviceAccountEmail":null,"vpc":null,"platform":"gcfv2","labels":{},"httpsTrigger":{},"entryPoint":"writeToDatabase"},"addUserStatus":{"availableMemoryMb":null,"timeoutSeconds":null,"minInstances":null,"maxInstances":null,"ingressSettings":null,"concurrency":null,"serviceAccountEmail":null,"vpc":null,"platform":"gcfv2","labels":{},"httpsTrigger":{},"entryPoint":"addUserStatus"},"trackUserSessionCreate":{"availableMemoryMb":null,"timeoutSeconds":null,"minInstances":null,"maxInstances":null,"ingressSettings":null,"concurrency":null,"serviceAccountEmail":null,"vpc":null,"platform":"gcfv2","labels":{},"eventTrigger":{"eventType":"google.firebase.database.ref.v1.created","eventFilters":{},"eventFilterPathPatterns":{"ref":"status/{userId}","instance":"*"},"retry":false},"entryPoint":"trackUserSessionCreate"},"trackUserSessionDelete":{"availableMemoryMb":null,"timeoutSeconds":null,"minInstances":null,"maxInstances":null,"ingressSettings":null,"concurrency":null,"serviceAccountEmail":null,"vpc":null,"platform":"gcfv2","labels":{},"eventTrigger":{"eventType":"google.firebase.database.ref.v1.deleted","eventFilters":{},"eventFilterPathPatterns":{"ref":"status/{userId}","instance":"*"},"retry":false},"entryPoint":"trackUserSessionDelete"},"telegramWebhook":{"availableMemoryMb":null,"timeoutSeconds":null,"minInstances":null,"maxInstances":null,"ingressSettings":null,"concurrency":null,"serviceAccountEmail":null,"vpc":null,"platform":"gcfv2","labels":{},"httpsTrigger":{},"entryPoint":"telegramWebhook"},"testScheduledFunction":{"availableMemoryMb":null,"timeoutSeconds":null,"minInstances":null,"maxInstances":null,"ingressSettings":null,"concurrency":null,"serviceAccountEmail":null,"vpc":null,"platform":"gcfv2","labels":{},"httpsTrigger":{},"entryPoint":"testScheduledFunction"},"scheduledRandomUserMedia":{"availableMemoryMb":null,"timeoutSeconds":null,"minInstances":null,"maxInstances":null,"ingressSettings":null,"concurrency":null,"serviceAccountEmail":null,"vpc":null,"platform":"gcfv2","labels":{},"scheduleTrigger":{"schedule":"every 15 minutes","retryConfig":{},"timeZone":"America/Vancouver"},"entryPoint":"scheduledRandomUserMedia"},"testSendAd":{"availableMemoryMb":null,"timeoutSeconds":null,"minInstances":null,"maxInstances":null,"ingressSettings":null,"concurrency":null,"serviceAccountEmail":null,"vpc":null,"platform":"gcfv2","labels":{},"httpsTrigger":{},"entryPoint":"testSendAd"},"scheduledSendAd":{"availableMemoryMb":null,"timeoutSeconds":null,"minInstances":null,"maxInstances":null,"ingressSettings":null,"concurrency":null,"serviceAccountEmail":null,"vpc":null,"platform":"gcfv2","labels":{},"scheduleTrigger":{"schedule":"every 1 hour","retryConfig":{},"timeZone":"America/Vancouver"},"entryPoint":"scheduledSendAd"},"resetUserCounter":{"availableMemoryMb":null,"timeoutSeconds":null,"minInstances":null,"maxInstances":null,"ingressSettings":null,"concurrency":null,"serviceAccountEmail":null,"vpc":null,"platform":"gcfv2","labels":{},"httpsTrigger":{},"entryPoint":"resetUserCounter"},"testSnapshotCycling":{"availableMemoryMb":null,"timeoutSeconds":null,"minInstances":null,"maxInstances":null,"ingressSettings":null,"concurrency":null,"serviceAccountEmail":null,"vpc":null,"platform":"gcfv2","labels":{},"httpsTrigger":{},"entryPoint":"testSnapshotCycling"},"sendHostToGroup":{"availableMemoryMb":null,"timeoutSeconds":null,"minInstances":null,"maxInstances":null,"ingressSettings":null,"concurrency":null,"serviceAccountEmail":null,"vpc":null,"platform":"gcfv2","labels":{},"httpsTrigger":{},"entryPoint":"sendHostToGroup"}},"specVersion":"v1alpha1","requiredAPIs":[{"api":"cloudscheduler.googleapis.com","reason":"Needed for scheduled functions."}],"extensions":{}}
[info] +  functions: Loaded functions definitions from source: testHttpFunction, writeToDatabase, addUserStatus, trackUserSessionCreate, trackUserSessionDelete, telegramWebhook, testScheduledFunction, scheduledRandomUserMedia, testSendAd, scheduledSendAd, resetUserCounter, testSnapshotCycling, sendHostToGroup. {"metadata":{"emulator":{"name":"functions"},"message":"Loaded functions definitions from source: testHttpFunction, writeToDatabase, addUserStatus, trackUserSessionCreate, trackUserSessionDelete, telegramWebhook, testScheduledFunction, scheduledRandomUserMedia, testSendAd, scheduledSendAd, resetUserCounter, testSnapshotCycling, sendHostToGroup."}}
[debug] [2025-06-30T04:27:35.675Z] ----------------------------------------------------------------------
[debug] [2025-06-30T04:27:35.679Z] Command:       C:\Program Files\nodejs\node.exe C:\Users\Ricky PC\AppData\Roaming\npm\node_modules\firebase-tools\lib\bin\firebase.js deploy --only functions
[debug] [2025-06-30T04:27:35.679Z] CLI Version:   14.7.0
[debug] [2025-06-30T04:27:35.680Z] Platform:      win32
[debug] [2025-06-30T04:27:35.680Z] Node Version:  v22.16.0
[debug] [2025-06-30T04:27:35.680Z] Time:          Sun Jun 29 2025 21:27:35 GMT-0700 (Pacific Daylight Time)
[debug] [2025-06-30T04:27:35.680Z] ----------------------------------------------------------------------
[debug] 
[debug] [2025-06-30T04:27:35.937Z] > command requires scopes: ["email","openid","https://www.googleapis.com/auth/cloudplatformprojects.readonly","https://www.googleapis.com/auth/firebase","https://www.googleapis.com/auth/cloud-platform"]
[debug] [2025-06-30T04:27:35.937Z] > authorizing via signed-in user (foxopenone@gmail.com)
[debug] [2025-06-30T04:27:35.938Z] [iam] checking project popchatv002 for permissions ["cloudfunctions.functions.create","cloudfunctions.functions.delete","cloudfunctions.functions.get","cloudfunctions.functions.list","cloudfunctions.functions.update","cloudfunctions.operations.get","firebase.projects.get"]
[debug] [2025-06-30T04:27:35.939Z] Checked if tokens are valid: true, expires at: 1751260621805
[debug] [2025-06-30T04:27:35.939Z] Checked if tokens are valid: true, expires at: 1751260621805
[debug] [2025-06-30T04:27:35.940Z] >>> [apiv2][query] POST https://cloudresourcemanager.googleapis.com/v1/projects/popchatv002:testIamPermissions [none]
[debug] [2025-06-30T04:27:35.940Z] >>> [apiv2][(partial)header] POST https://cloudresourcemanager.googleapis.com/v1/projects/popchatv002:testIamPermissions x-goog-quota-user=projects/popchatv002
[debug] [2025-06-30T04:27:35.940Z] >>> [apiv2][body] POST https://cloudresourcemanager.googleapis.com/v1/projects/popchatv002:testIamPermissions {"permissions":["cloudfunctions.functions.create","cloudfunctions.functions.delete","cloudfunctions.functions.get","cloudfunctions.functions.list","cloudfunctions.functions.update","cloudfunctions.operations.get","firebase.projects.get"]}
[debug] [2025-06-30T04:27:36.109Z] <<< [apiv2][status] POST https://cloudresourcemanager.googleapis.com/v1/projects/popchatv002:testIamPermissions 200
[debug] [2025-06-30T04:27:36.110Z] <<< [apiv2][body] POST https://cloudresourcemanager.googleapis.com/v1/projects/popchatv002:testIamPermissions {"permissions":["cloudfunctions.functions.create","cloudfunctions.functions.delete","cloudfunctions.functions.get","cloudfunctions.functions.list","cloudfunctions.functions.update","cloudfunctions.operations.get","firebase.projects.get"]}
[debug] [2025-06-30T04:27:36.110Z] Checked if tokens are valid: true, expires at: 1751260621805
[debug] [2025-06-30T04:27:36.110Z] Checked if tokens are valid: true, expires at: 1751260621805
[debug] [2025-06-30T04:27:36.110Z] >>> [apiv2][query] POST https://iam.googleapis.com/v1/projects/popchatv002/serviceAccounts/popchatv002@appspot.gserviceaccount.com:testIamPermissions [none]
[debug] [2025-06-30T04:27:36.110Z] >>> [apiv2][body] POST https://iam.googleapis.com/v1/projects/popchatv002/serviceAccounts/popchatv002@appspot.gserviceaccount.com:testIamPermissions {"permissions":["iam.serviceAccounts.actAs"]}
[debug] [2025-06-30T04:27:36.243Z] <<< [apiv2][status] POST https://iam.googleapis.com/v1/projects/popchatv002/serviceAccounts/popchatv002@appspot.gserviceaccount.com:testIamPermissions 200
[debug] [2025-06-30T04:27:36.243Z] <<< [apiv2][body] POST https://iam.googleapis.com/v1/projects/popchatv002/serviceAccounts/popchatv002@appspot.gserviceaccount.com:testIamPermissions {"permissions":["iam.serviceAccounts.actAs"]}
[info] 
[info] === Deploying to 'popchatv002'...
[info] 
[info] i  deploying functions 
[debug] [2025-06-30T04:27:36.248Z] Checked if tokens are valid: true, expires at: 1751260621805
[debug] [2025-06-30T04:27:36.248Z] Checked if tokens are valid: true, expires at: 1751260621805
[debug] [2025-06-30T04:27:36.248Z] >>> [apiv2][query] GET https://serviceusage.googleapis.com/v1/projects/popchatv002/services/cloudresourcemanager.googleapis.com [none]
[debug] [2025-06-30T04:27:36.248Z] >>> [apiv2][(partial)header] GET https://serviceusage.googleapis.com/v1/projects/popchatv002/services/cloudresourcemanager.googleapis.com x-goog-quota-user=projects/popchatv002
[debug] [2025-06-30T04:27:36.781Z] <<< [apiv2][status] GET https://serviceusage.googleapis.com/v1/projects/popchatv002/services/cloudresourcemanager.googleapis.com 200
[debug] [2025-06-30T04:27:36.782Z] <<< [apiv2][body] GET https://serviceusage.googleapis.com/v1/projects/popchatv002/services/cloudresourcemanager.googleapis.com [omitted]
[debug] [2025-06-30T04:27:36.782Z] Checked if tokens are valid: true, expires at: 1751260621805
[debug] [2025-06-30T04:27:36.782Z] Checked if tokens are valid: true, expires at: 1751260621805
[debug] [2025-06-30T04:27:36.782Z] >>> [apiv2][query] GET https://cloudresourcemanager.googleapis.com/v1/projects/popchatv002 [none]
[debug] [2025-06-30T04:27:36.866Z] <<< [apiv2][status] GET https://cloudresourcemanager.googleapis.com/v1/projects/popchatv002 200
[debug] [2025-06-30T04:27:36.866Z] <<< [apiv2][body] GET https://cloudresourcemanager.googleapis.com/v1/projects/popchatv002 {"projectNumber":"296369449480","projectId":"popchatv002","lifecycleState":"ACTIVE","name":"popchatv002","labels":{"firebase":"enabled"},"createTime":"2024-08-28T01:10:41.404402Z"}
[info] i  functions: preparing codebase default for deployment 
[info] i  functions: ensuring required API cloudfunctions.googleapis.com is enabled... 
[debug] [2025-06-30T04:27:36.868Z] Checked if tokens are valid: true, expires at: 1751260621805
[debug] [2025-06-30T04:27:36.868Z] Checked if tokens are valid: true, expires at: 1751260621805
[debug] [2025-06-30T04:27:36.868Z] Checked if tokens are valid: true, expires at: 1751260621805
[debug] [2025-06-30T04:27:36.868Z] Checked if tokens are valid: true, expires at: 1751260621805
[info] i  functions: ensuring required API cloudbuild.googleapis.com is enabled... 
[debug] [2025-06-30T04:27:36.868Z] Checked if tokens are valid: true, expires at: 1751260621805
[debug] [2025-06-30T04:27:36.869Z] Checked if tokens are valid: true, expires at: 1751260621805
[info] i  artifactregistry: ensuring required API artifactregistry.googleapis.com is enabled... 
[debug] [2025-06-30T04:27:36.869Z] Checked if tokens are valid: true, expires at: 1751260621805
[debug] [2025-06-30T04:27:36.869Z] Checked if tokens are valid: true, expires at: 1751260621805
[debug] [2025-06-30T04:27:36.870Z] >>> [apiv2][query] GET https://serviceusage.googleapis.com/v1/projects/popchatv002/services/cloudfunctions.googleapis.com [none]
[debug] [2025-06-30T04:27:36.870Z] >>> [apiv2][(partial)header] GET https://serviceusage.googleapis.com/v1/projects/popchatv002/services/cloudfunctions.googleapis.com x-goog-quota-user=projects/popchatv002
[debug] [2025-06-30T04:27:36.870Z] >>> [apiv2][query] GET https://serviceusage.googleapis.com/v1/projects/popchatv002/services/runtimeconfig.googleapis.com [none]
[debug] [2025-06-30T04:27:36.870Z] >>> [apiv2][(partial)header] GET https://serviceusage.googleapis.com/v1/projects/popchatv002/services/runtimeconfig.googleapis.com x-goog-quota-user=projects/popchatv002
[debug] [2025-06-30T04:27:36.872Z] >>> [apiv2][query] GET https://serviceusage.googleapis.com/v1/projects/popchatv002/services/cloudbuild.googleapis.com [none]
[debug] [2025-06-30T04:27:36.872Z] >>> [apiv2][(partial)header] GET https://serviceusage.googleapis.com/v1/projects/popchatv002/services/cloudbuild.googleapis.com x-goog-quota-user=projects/popchatv002
[debug] [2025-06-30T04:27:36.874Z] >>> [apiv2][query] GET https://serviceusage.googleapis.com/v1/projects/popchatv002/services/artifactregistry.googleapis.com [none]
[debug] [2025-06-30T04:27:36.874Z] >>> [apiv2][(partial)header] GET https://serviceusage.googleapis.com/v1/projects/popchatv002/services/artifactregistry.googleapis.com x-goog-quota-user=projects/popchatv002
[debug] [2025-06-30T04:27:37.239Z] <<< [apiv2][status] GET https://serviceusage.googleapis.com/v1/projects/popchatv002/services/runtimeconfig.googleapis.com 200
[debug] [2025-06-30T04:27:37.239Z] <<< [apiv2][body] GET https://serviceusage.googleapis.com/v1/projects/popchatv002/services/runtimeconfig.googleapis.com [omitted]
[debug] [2025-06-30T04:27:37.241Z] <<< [apiv2][status] GET https://serviceusage.googleapis.com/v1/projects/popchatv002/services/cloudfunctions.googleapis.com 200
[debug] [2025-06-30T04:27:37.242Z] <<< [apiv2][body] GET https://serviceusage.googleapis.com/v1/projects/popchatv002/services/cloudfunctions.googleapis.com [omitted]
[info] +  functions: required API cloudfunctions.googleapis.com is enabled 
[debug] [2025-06-30T04:27:37.464Z] <<< [apiv2][status] GET https://serviceusage.googleapis.com/v1/projects/popchatv002/services/artifactregistry.googleapis.com 200
[debug] [2025-06-30T04:27:37.464Z] <<< [apiv2][body] GET https://serviceusage.googleapis.com/v1/projects/popchatv002/services/artifactregistry.googleapis.com [omitted]
[info] +  artifactregistry: required API artifactregistry.googleapis.com is enabled 
[debug] [2025-06-30T04:27:37.487Z] <<< [apiv2][status] GET https://serviceusage.googleapis.com/v1/projects/popchatv002/services/cloudbuild.googleapis.com 200
[debug] [2025-06-30T04:27:37.487Z] <<< [apiv2][body] GET https://serviceusage.googleapis.com/v1/projects/popchatv002/services/cloudbuild.googleapis.com [omitted]
[info] +  functions: required API cloudbuild.googleapis.com is enabled 
[debug] [2025-06-30T04:27:37.488Z] Checked if tokens are valid: true, expires at: 1751260621805
[debug] [2025-06-30T04:27:37.488Z] Checked if tokens are valid: true, expires at: 1751260621805
[debug] [2025-06-30T04:27:37.488Z] >>> [apiv2][query] GET https://firebase.googleapis.com/v1beta1/projects/popchatv002/adminSdkConfig [none]
[debug] [2025-06-30T04:27:37.704Z] <<< [apiv2][status] GET https://firebase.googleapis.com/v1beta1/projects/popchatv002/adminSdkConfig 200
[debug] [2025-06-30T04:27:37.704Z] <<< [apiv2][body] GET https://firebase.googleapis.com/v1beta1/projects/popchatv002/adminSdkConfig {"projectId":"popchatv002","databaseURL":"https://popchatv002-default-rtdb.firebaseio.com","storageBucket":"popchatv002.firebasestorage.app"}
[debug] [2025-06-30T04:27:37.705Z] Checked if tokens are valid: true, expires at: 1751260621805
[debug] [2025-06-30T04:27:37.705Z] Checked if tokens are valid: true, expires at: 1751260621805
[debug] [2025-06-30T04:27:37.705Z] >>> [apiv2][query] GET https://runtimeconfig.googleapis.com/v1beta1/projects/popchatv002/configs [none]
[debug] [2025-06-30T04:27:37.891Z] <<< [apiv2][status] GET https://runtimeconfig.googleapis.com/v1beta1/projects/popchatv002/configs 200
[debug] [2025-06-30T04:27:37.891Z] <<< [apiv2][body] GET https://runtimeconfig.googleapis.com/v1beta1/projects/popchatv002/configs {}
[debug] [2025-06-30T04:27:37.892Z] Validating nodejs source
[debug] [2025-06-30T04:27:39.401Z] > [functions] package.json contents: {
  "name": "functions",
  "description": "Cloud Functions for Firebase",
  "scripts": {
    "serve": "firebase emulators:start --only functions",
    "start": "firebase emulators:start --only functions,database",
    "shell": "firebase functions:shell",
    "deploy": "firebase deploy --only functions",
    "logs": "firebase functions:log"
  },
  "engines": {
    "node": "22"
  },
  "main": "index.js",
  "dependencies": {
    "axios": "^1.10.0",
    "firebase-admin": "^12.6.0",
    "firebase-functions": "^6.0.1",
    "luxon": "^3.6.1"
  },
  "devDependencies": {
    "firebase-functions-test": "^3.1.0"
  },
  "private": true
}
[debug] [2025-06-30T04:27:39.402Z] Building nodejs source
[info] i  functions: Loading and analyzing source code for codebase default to determine what to deploy 
[debug] [2025-06-30T04:27:39.403Z] Could not find functions.yaml. Must use http discovery
[debug] [2025-06-30T04:27:39.512Z] Found firebase-functions binary at 'G:\functions\node_modules\.bin\firebase-functions'
[info] Serving at port 8251

[debug] [2025-06-30T04:27:40.366Z] Got response from /__/functions.yaml {"endpoints":{"testHttpFunction":{"availableMemoryMb":null,"timeoutSeconds":null,"minInstances":null,"maxInstances":null,"ingressSettings":null,"concurrency":null,"serviceAccountEmail":null,"vpc":null,"platform":"gcfv2","labels":{},"httpsTrigger":{},"entryPoint":"testHttpFunction"},"writeToDatabase":{"availableMemoryMb":null,"timeoutSeconds":null,"minInstances":null,"maxInstances":null,"ingressSettings":null,"concurrency":null,"serviceAccountEmail":null,"vpc":null,"platform":"gcfv2","labels":{},"httpsTrigger":{},"entryPoint":"writeToDatabase"},"addUserStatus":{"availableMemoryMb":null,"timeoutSeconds":null,"minInstances":null,"maxInstances":null,"ingressSettings":null,"concurrency":null,"serviceAccountEmail":null,"vpc":null,"platform":"gcfv2","labels":{},"httpsTrigger":{},"entryPoint":"addUserStatus"},"trackUserSessionCreate":{"availableMemoryMb":null,"timeoutSeconds":null,"minInstances":null,"maxInstances":null,"ingressSettings":null,"concurrency":null,"serviceAccountEmail":null,"vpc":null,"platform":"gcfv2","labels":{},"eventTrigger":{"eventType":"google.firebase.database.ref.v1.created","eventFilters":{},"eventFilterPathPatterns":{"ref":"status/{userId}","instance":"*"},"retry":false},"entryPoint":"trackUserSessionCreate"},"trackUserSessionDelete":{"availableMemoryMb":null,"timeoutSeconds":null,"minInstances":null,"maxInstances":null,"ingressSettings":null,"concurrency":null,"serviceAccountEmail":null,"vpc":null,"platform":"gcfv2","labels":{},"eventTrigger":{"eventType":"google.firebase.database.ref.v1.deleted","eventFilters":{},"eventFilterPathPatterns":{"ref":"status/{userId}","instance":"*"},"retry":false},"entryPoint":"trackUserSessionDelete"},"telegramWebhook":{"availableMemoryMb":null,"timeoutSeconds":null,"minInstances":null,"maxInstances":null,"ingressSettings":null,"concurrency":null,"serviceAccountEmail":null,"vpc":null,"platform":"gcfv2","labels":{},"httpsTrigger":{},"entryPoint":"telegramWebhook"},"testScheduledFunction":{"availableMemoryMb":null,"timeoutSeconds":null,"minInstances":null,"maxInstances":null,"ingressSettings":null,"concurrency":null,"serviceAccountEmail":null,"vpc":null,"platform":"gcfv2","labels":{},"httpsTrigger":{},"entryPoint":"testScheduledFunction"},"scheduledRandomUserMedia":{"availableMemoryMb":null,"timeoutSeconds":null,"minInstances":null,"maxInstances":null,"ingressSettings":null,"concurrency":null,"serviceAccountEmail":null,"vpc":null,"platform":"gcfv2","labels":{},"scheduleTrigger":{"schedule":"every 15 minutes","retryConfig":{},"timeZone":"America/Vancouver"},"entryPoint":"scheduledRandomUserMedia"},"testSendAd":{"availableMemoryMb":null,"timeoutSeconds":null,"minInstances":null,"maxInstances":null,"ingressSettings":null,"concurrency":null,"serviceAccountEmail":null,"vpc":null,"platform":"gcfv2","labels":{},"httpsTrigger":{},"entryPoint":"testSendAd"},"scheduledSendAd":{"availableMemoryMb":null,"timeoutSeconds":null,"minInstances":null,"maxInstances":null,"ingressSettings":null,"concurrency":null,"serviceAccountEmail":null,"vpc":null,"platform":"gcfv2","labels":{},"scheduleTrigger":{"schedule":"every 1 hour","retryConfig":{},"timeZone":"America/Vancouver"},"entryPoint":"scheduledSendAd"},"resetUserCounter":{"availableMemoryMb":null,"timeoutSeconds":null,"minInstances":null,"maxInstances":null,"ingressSettings":null,"concurrency":null,"serviceAccountEmail":null,"vpc":null,"platform":"gcfv2","labels":{},"httpsTrigger":{},"entryPoint":"resetUserCounter"},"testSnapshotCycling":{"availableMemoryMb":null,"timeoutSeconds":null,"minInstances":null,"maxInstances":null,"ingressSettings":null,"concurrency":null,"serviceAccountEmail":null,"vpc":null,"platform":"gcfv2","labels":{},"httpsTrigger":{},"entryPoint":"testSnapshotCycling"},"sendHostToGroup":{"availableMemoryMb":null,"timeoutSeconds":null,"minInstances":null,"maxInstances":null,"ingressSettings":null,"concurrency":null,"serviceAccountEmail":null,"vpc":null,"platform":"gcfv2","labels":{},"httpsTrigger":{},"entryPoint":"sendHostToGroup"}},"specVersion":"v1alpha1","requiredAPIs":[{"api":"cloudscheduler.googleapis.com","reason":"Needed for scheduled functions."}],"extensions":{}}
[info] i  extensions: ensuring required API firebaseextensions.googleapis.com is enabled... 
[debug] [2025-06-30T04:27:44.458Z] Checked if tokens are valid: true, expires at: 1751260621805
[debug] [2025-06-30T04:27:44.458Z] Checked if tokens are valid: true, expires at: 1751260621805
[debug] [2025-06-30T04:27:44.458Z] >>> [apiv2][query] GET https://serviceusage.googleapis.com/v1/projects/popchatv002/services/firebaseextensions.googleapis.com [none]
[debug] [2025-06-30T04:27:44.458Z] >>> [apiv2][(partial)header] GET https://serviceusage.googleapis.com/v1/projects/popchatv002/services/firebaseextensions.googleapis.com x-goog-quota-user=projects/popchatv002
[debug] [2025-06-30T04:27:44.907Z] <<< [apiv2][status] GET https://serviceusage.googleapis.com/v1/projects/popchatv002/services/firebaseextensions.googleapis.com 200
[debug] [2025-06-30T04:27:44.907Z] <<< [apiv2][body] GET https://serviceusage.googleapis.com/v1/projects/popchatv002/services/firebaseextensions.googleapis.com [omitted]
[info] +  extensions: required API firebaseextensions.googleapis.com is enabled 
[debug] [2025-06-30T04:27:44.908Z] > command requires scopes: ["email","openid","https://www.googleapis.com/auth/cloudplatformprojects.readonly","https://www.googleapis.com/auth/firebase","https://www.googleapis.com/auth/cloud-platform"]
[debug] [2025-06-30T04:27:44.908Z] > authorizing via signed-in user (foxopenone@gmail.com)
[debug] [2025-06-30T04:27:44.908Z] [iam] checking project popchatv002 for permissions ["firebase.projects.get","firebaseextensions.instances.list"]
[debug] [2025-06-30T04:27:44.908Z] Checked if tokens are valid: true, expires at: 1751260621805
[debug] [2025-06-30T04:27:44.908Z] Checked if tokens are valid: true, expires at: 1751260621805
[debug] [2025-06-30T04:27:44.908Z] >>> [apiv2][query] POST https://cloudresourcemanager.googleapis.com/v1/projects/popchatv002:testIamPermissions [none]
[debug] [2025-06-30T04:27:44.908Z] >>> [apiv2][(partial)header] POST https://cloudresourcemanager.googleapis.com/v1/projects/popchatv002:testIamPermissions x-goog-quota-user=projects/popchatv002
[debug] [2025-06-30T04:27:44.908Z] >>> [apiv2][body] POST https://cloudresourcemanager.googleapis.com/v1/projects/popchatv002:testIamPermissions {"permissions":["firebase.projects.get","firebaseextensions.instances.list"]}
[debug] [2025-06-30T04:27:45.058Z] <<< [apiv2][status] POST https://cloudresourcemanager.googleapis.com/v1/projects/popchatv002:testIamPermissions 200
[debug] [2025-06-30T04:27:45.058Z] <<< [apiv2][body] POST https://cloudresourcemanager.googleapis.com/v1/projects/popchatv002:testIamPermissions {"permissions":["firebase.projects.get","firebaseextensions.instances.list"]}
[debug] [2025-06-30T04:27:45.058Z] Checked if tokens are valid: true, expires at: 1751260621805
[debug] [2025-06-30T04:27:45.058Z] Checked if tokens are valid: true, expires at: 1751260621805
[debug] [2025-06-30T04:27:45.059Z] >>> [apiv2][query] GET https://firebaseextensions.googleapis.com/v1beta/projects/popchatv002/instances pageSize=100&pageToken=
[debug] [2025-06-30T04:27:45.409Z] <<< [apiv2][status] GET https://firebaseextensions.googleapis.com/v1beta/projects/popchatv002/instances 200
[debug] [2025-06-30T04:27:45.409Z] <<< [apiv2][body] GET https://firebaseextensions.googleapis.com/v1beta/projects/popchatv002/instances {}
[info] i  functions: preparing functions directory for uploading... 
[info] i  functions: packaged G:\functions\functions (78.41 KB) for uploading 
[debug] [2025-06-30T04:27:45.458Z] Checked if tokens are valid: true, expires at: 1751260621805
[debug] [2025-06-30T04:27:45.458Z] Checked if tokens are valid: true, expires at: 1751260621805
[debug] [2025-06-30T04:27:45.458Z] >>> [apiv2][query] GET https://cloudfunctions.googleapis.com/v1/projects/popchatv002/locations/-/functions [none]
[debug] [2025-06-30T04:27:45.993Z] <<< [apiv2][status] GET https://cloudfunctions.googleapis.com/v1/projects/popchatv002/locations/-/functions 200
[debug] [2025-06-30T04:27:45.993Z] <<< [apiv2][body] GET https://cloudfunctions.googleapis.com/v1/projects/popchatv002/locations/-/functions {}
[debug] [2025-06-30T04:27:45.993Z] Checked if tokens are valid: true, expires at: 1751260621805
[debug] [2025-06-30T04:27:45.993Z] Checked if tokens are valid: true, expires at: 1751260621805
[debug] [2025-06-30T04:27:45.993Z] >>> [apiv2][query] GET https://cloudfunctions.googleapis.com/v2/projects/popchatv002/locations/-/functions filter=environment%3D%22GEN_2%22
[debug] [2025-06-30T04:27:46.556Z] <<< [apiv2][status] GET https://cloudfunctions.googleapis.com/v2/projects/popchatv002/locations/-/functions 200
[debug] [2025-06-30T04:27:46.557Z] <<< [apiv2][body] GET https://cloudfunctions.googleapis.com/v2/projects/popchatv002/locations/-/functions {"functions":[{"name":"projects/popchatv002/locations/us-central1/functions/writeToDatabase","buildConfig":{"build":"projects/296369449480/locations/us-central1/builds/2e9fcc7e-7ac4-48a6-a81c-1f3f46b4db9f","runtime":"nodejs22","entryPoint":"writeToDatabase","source":{"storageSource":{"bucket":"gcf-v2-sources-296369449480-us-central1","object":"writeToDatabase/function-source.zip","generation":"1751257098219640"}},"environmentVariables":{"GOOGLE_NODE_RUN_SCRIPTS":""},"dockerRepository":"projects/popchatv002/locations/us-central1/repositories/gcf-artifacts","sourceProvenance":{"resolvedStorageSource":{"bucket":"gcf-v2-sources-296369449480-us-central1","object":"writeToDatabase/function-source.zip","generation":"1751257098219640"}},"dockerRegistry":"ARTIFACT_REGISTRY","serviceAccount":"projects/popchatv002/serviceAccounts/296369449480-compute@developer.gserviceaccount.com","automaticUpdatePolicy":{}},"serviceConfig":{"service":"projects/popchatv002/locations/us-central1/services/writetodatabase","timeoutSeconds":60,"environmentVariables":{"FIREBASE_CONFIG":"{\"projectId\":\"popchatv002\",\"databaseURL\":\"https://popchatv002-default-rtdb.firebaseio.com\",\"storageBucket\":\"popchatv002.firebasestorage.app\"}","GCLOUD_PROJECT":"popchatv002","EVENTARC_CLOUD_EVENT_SOURCE":"projects/popchatv002/locations/us-central1/services/writeToDatabase","FUNCTION_TARGET":"writeToDatabase","LOG_EXECUTION_ID":"true","FUNCTION_SIGNATURE_TYPE":"http"},"maxInstanceCount":20,"ingressSettings":"ALLOW_ALL","uri":"https://writetodatabase-2zjil5azfa-uc.a.run.app","serviceAccountEmail":"296369449480-compute@developer.gserviceaccount.com","availableMemory":"256Mi","allTrafficOnLatestRevision":true,"revision":"writetodatabase-00025-lad","maxInstanceRequestConcurrency":80,"availableCpu":"1"},"state":"ACTIVE","updateTime":"2025-06-30T04:18:25.224015904Z","labels":{"deployment-tool":"cli-firebase","firebase-functions-hash":"c28c7186af76edd8980ce0372c24cb87c7ed761b"},"environment":"GEN_2","url":"https://us-central1-popchatv002.cloudfunctions.net/writeToDatabase","createTime":"2025-06-17T19:37:23.338968378Z","satisfiesPzi":true},{"name":"projects/popchatv002/locations/us-central1/functions/scheduledRandomUserMedia","buildConfig":{"build":"projects/296369449480/locations/us-central1/builds/2e9fcc7e-7ac4-48a6-a81c-1f3f46b4db9f","runtime":"nodejs22","entryPoint":"scheduledRandomUserMedia","source":{"storageSource":{"bucket":"gcf-v2-sources-296369449480-us-central1","object":"scheduledRandomUserMedia/function-source.zip","generation":"1751257099544726"}},"environmentVariables":{"GOOGLE_NODE_RUN_SCRIPTS":""},"dockerRepository":"projects/popchatv002/locations/us-central1/repositories/gcf-artifacts","sourceProvenance":{"resolvedStorageSource":{"bucket":"gcf-v2-sources-296369449480-us-central1","object":"scheduledRandomUserMedia/function-source.zip","generation":"1751257099544726"}},"dockerRegistry":"ARTIFACT_REGISTRY","serviceAccount":"projects/popchatv002/serviceAccounts/296369449480-compute@developer.gserviceaccount.com","automaticUpdatePolicy":{}},"serviceConfig":{"service":"projects/popchatv002/locations/us-central1/services/scheduledrandomusermedia","timeoutSeconds":60,"environmentVariables":{"FIREBASE_CONFIG":"{\"projectId\":\"popchatv002\",\"databaseURL\":\"https://popchatv002-default-rtdb.firebaseio.com\",\"storageBucket\":\"popchatv002.firebasestorage.app\"}","GCLOUD_PROJECT":"popchatv002","EVENTARC_CLOUD_EVENT_SOURCE":"projects/popchatv002/locations/us-central1/services/scheduledRandomUserMedia","FUNCTION_TARGET":"scheduledRandomUserMedia","LOG_EXECUTION_ID":"true","FUNCTION_SIGNATURE_TYPE":"http"},"maxInstanceCount":20,"ingressSettings":"ALLOW_ALL","uri":"https://scheduledrandomusermedia-2zjil5azfa-uc.a.run.app","serviceAccountEmail":"296369449480-compute@developer.gserviceaccount.com","availableMemory":"256Mi","allTrafficOnLatestRevision":true,"revision":"scheduledrandomusermedia-00026-jex","maxInstanceRequestConcurrency":80,"availableCpu":"1"},"state":"ACTIVE","updateTime":"2025-06-30T04:18:26.520707641Z","labels":{"deployment-scheduled":"true","firebase-functions-hash":"c28c7186af76edd8980ce0372c24cb87c7ed761b","deployment-tool":"cli-firebase"},"environment":"GEN_2","url":"https://us-central1-popchatv002.cloudfunctions.net/scheduledRandomUserMedia","createTime":"2025-06-21T04:32:02.024260916Z","satisfiesPzi":true},{"name":"projects/popchatv002/locations/us-central1/functions/trackUserSessionCreate","buildConfig":{"build":"projects/296369449480/locations/us-central1/builds/2e9fcc7e-7ac4-48a6-a81c-1f3f46b4db9f","runtime":"nodejs22","entryPoint":"trackUserSessionCreate","source":{"storageSource":{"bucket":"gcf-v2-sources-296369449480-us-central1","object":"trackUserSessionCreate/function-source.zip","generation":"1751257099505409"}},"environmentVariables":{"GOOGLE_NODE_RUN_SCRIPTS":""},"dockerRepository":"projects/popchatv002/locations/us-central1/repositories/gcf-artifacts","sourceProvenance":{"resolvedStorageSource":{"bucket":"gcf-v2-sources-296369449480-us-central1","object":"trackUserSessionCreate/function-source.zip","generation":"1751257099505409"}},"dockerRegistry":"ARTIFACT_REGISTRY","serviceAccount":"projects/popchatv002/serviceAccounts/296369449480-compute@developer.gserviceaccount.com","automaticUpdatePolicy":{}},"serviceConfig":{"service":"projects/popchatv002/locations/us-central1/services/trackusersessioncreate","timeoutSeconds":60,"environmentVariables":{"FIREBASE_CONFIG":"{\"projectId\":\"popchatv002\",\"databaseURL\":\"https://popchatv002-default-rtdb.firebaseio.com\",\"storageBucket\":\"popchatv002.firebasestorage.app\"}","GCLOUD_PROJECT":"popchatv002","EVENTARC_CLOUD_EVENT_SOURCE":"projects/popchatv002/locations/us-central1/services/trackUserSessionCreate","FUNCTION_SIGNATURE_TYPE":"cloudevent","FUNCTION_TARGET":"trackUserSessionCreate","LOG_EXECUTION_ID":"true"},"maxInstanceCount":20,"ingressSettings":"ALLOW_ALL","uri":"https://trackusersessioncreate-2zjil5azfa-uc.a.run.app","serviceAccountEmail":"296369449480-compute@developer.gserviceaccount.com","availableMemory":"256Mi","allTrafficOnLatestRevision":true,"revision":"trackusersessioncreate-00028-bey","maxInstanceRequestConcurrency":80,"availableCpu":"1"},"eventTrigger":{"trigger":"projects/popchatv002/locations/us-central1/triggers/trackusersessioncreate-981783","triggerRegion":"us-central1","eventType":"google.firebase.database.ref.v1.created","eventFilters":[{"attribute":"instance","value":"*","operator":"match-path-pattern"},{"attribute":"ref","value":"status/{userId}","operator":"match-path-pattern"}],"pubsubTopic":"projects/popchatv002/topics/eventarc-us-central1-trackusersessioncreate-981783-499","serviceAccountEmail":"296369449480-compute@developer.gserviceaccount.com","retryPolicy":"RETRY_POLICY_DO_NOT_RETRY"},"state":"ACTIVE","updateTime":"2025-06-30T04:18:26.855062361Z","labels":{"deployment-tool":"cli-firebase","firebase-functions-hash":"c28c7186af76edd8980ce0372c24cb87c7ed761b"},"environment":"GEN_2","url":"https://us-central1-popchatv002.cloudfunctions.net/trackUserSessionCreate","createTime":"2025-06-17T19:39:18.945558146Z","satisfiesPzi":true},{"name":"projects/popchatv002/locations/us-central1/functions/scheduledSendAd","buildConfig":{"build":"projects/296369449480/locations/us-central1/builds/87aaa7aa-6ac2-43e1-9326-09b3b107d34d","runtime":"nodejs22","entryPoint":"scheduledSendAd","source":{"storageSource":{"bucket":"gcf-v2-sources-296369449480-us-central1","object":"scheduledSendAd/function-source.zip","generation":"1751257504667326"}},"environmentVariables":{"GOOGLE_NODE_RUN_SCRIPTS":""},"dockerRepository":"projects/popchatv002/locations/us-central1/repositories/gcf-artifacts","sourceProvenance":{"resolvedStorageSource":{"bucket":"gcf-v2-sources-296369449480-us-central1","object":"scheduledSendAd/function-source.zip","generation":"1751257504667326"}},"dockerRegistry":"ARTIFACT_REGISTRY","serviceAccount":"projects/popchatv002/serviceAccounts/296369449480-compute@developer.gserviceaccount.com","automaticUpdatePolicy":{}},"serviceConfig":{"service":"projects/popchatv002/locations/us-central1/services/scheduledsendad","timeoutSeconds":60,"environmentVariables":{"FIREBASE_CONFIG":"{\"projectId\":\"popchatv002\",\"databaseURL\":\"https://popchatv002-default-rtdb.firebaseio.com\",\"storageBucket\":\"popchatv002.firebasestorage.app\"}","GCLOUD_PROJECT":"popchatv002","EVENTARC_CLOUD_EVENT_SOURCE":"projects/popchatv002/locations/us-central1/services/scheduledSendAd","FUNCTION_TARGET":"scheduledSendAd","LOG_EXECUTION_ID":"true","FUNCTION_SIGNATURE_TYPE":"http"},"maxInstanceCount":20,"ingressSettings":"ALLOW_ALL","uri":"https://scheduledsendad-2zjil5azfa-uc.a.run.app","serviceAccountEmail":"296369449480-compute@developer.gserviceaccount.com","availableMemory":"256Mi","allTrafficOnLatestRevision":true,"revision":"scheduledsendad-00019-jep","maxInstanceRequestConcurrency":80,"availableCpu":"1"},"state":"ACTIVE","updateTime":"2025-06-30T04:25:52.271186754Z","labels":{"deployment-tool":"cli-firebase","deployment-scheduled":"true","firebase-functions-hash":"c28c7186af76edd8980ce0372c24cb87c7ed761b"},"environment":"GEN_2","url":"https://us-central1-popchatv002.cloudfunctions.net/scheduledSendAd","createTime":"2025-06-21T22:10:43.266811237Z","satisfiesPzi":true},{"name":"projects/popchatv002/locations/us-central1/functions/addUserStatus","buildConfig":{"build":"projects/296369449480/locations/us-central1/builds/2e9fcc7e-7ac4-48a6-a81c-1f3f46b4db9f","runtime":"nodejs22","entryPoint":"addUserStatus","source":{"storageSource":{"bucket":"gcf-v2-sources-296369449480-us-central1","object":"addUserStatus/function-source.zip","generation":"1751257099523851"}},"environmentVariables":{"GOOGLE_NODE_RUN_SCRIPTS":""},"dockerRepository":"projects/popchatv002/locations/us-central1/repositories/gcf-artifacts","sourceProvenance":{"resolvedStorageSource":{"bucket":"gcf-v2-sources-296369449480-us-central1","object":"addUserStatus/function-source.zip","generation":"1751257099523851"}},"dockerRegistry":"ARTIFACT_REGISTRY","serviceAccount":"projects/popchatv002/serviceAccounts/296369449480-compute@developer.gserviceaccount.com","automaticUpdatePolicy":{}},"serviceConfig":{"service":"projects/popchatv002/locations/us-central1/services/adduserstatus","timeoutSeconds":60,"environmentVariables":{"FIREBASE_CONFIG":"{\"projectId\":\"popchatv002\",\"databaseURL\":\"https://popchatv002-default-rtdb.firebaseio.com\",\"storageBucket\":\"popchatv002.firebasestorage.app\"}","GCLOUD_PROJECT":"popchatv002","EVENTARC_CLOUD_EVENT_SOURCE":"projects/popchatv002/locations/us-central1/services/addUserStatus","FUNCTION_TARGET":"addUserStatus","LOG_EXECUTION_ID":"true","FUNCTION_SIGNATURE_TYPE":"http"},"maxInstanceCount":20,"ingressSettings":"ALLOW_ALL","uri":"https://adduserstatus-2zjil5azfa-uc.a.run.app","serviceAccountEmail":"296369449480-compute@developer.gserviceaccount.com","availableMemory":"256Mi","allTrafficOnLatestRevision":true,"revision":"adduserstatus-00026-fix","maxInstanceRequestConcurrency":80,"availableCpu":"1"},"state":"ACTIVE","updateTime":"2025-06-30T04:18:26.392418126Z","labels":{"firebase-functions-hash":"c28c7186af76edd8980ce0372c24cb87c7ed761b","deployment-tool":"cli-firebase"},"environment":"GEN_2","url":"https://us-central1-popchatv002.cloudfunctions.net/addUserStatus","createTime":"2025-06-17T19:37:23.629484826Z","satisfiesPzi":true},{"name":"projects/popchatv002/locations/us-central1/functions/testHttpFunction","buildConfig":{"build":"projects/296369449480/locations/us-central1/builds/2e9fcc7e-7ac4-48a6-a81c-1f3f46b4db9f","runtime":"nodejs22","entryPoint":"testHttpFunction","source":{"storageSource":{"bucket":"gcf-v2-sources-296369449480-us-central1","object":"testHttpFunction/function-source.zip","generation":"1751257038130210"}},"environmentVariables":{"GOOGLE_NODE_RUN_SCRIPTS":""},"dockerRepository":"projects/popchatv002/locations/us-central1/repositories/gcf-artifacts","sourceProvenance":{"resolvedStorageSource":{"bucket":"gcf-v2-sources-296369449480-us-central1","object":"testHttpFunction/function-source.zip","generation":"1751257038130210"}},"dockerRegistry":"ARTIFACT_REGISTRY","serviceAccount":"projects/popchatv002/serviceAccounts/296369449480-compute@developer.gserviceaccount.com","automaticUpdatePolicy":{}},"serviceConfig":{"service":"projects/popchatv002/locations/us-central1/services/testhttpfunction","timeoutSeconds":60,"environmentVariables":{"FIREBASE_CONFIG":"{\"projectId\":\"popchatv002\",\"databaseURL\":\"https://popchatv002-default-rtdb.firebaseio.com\",\"storageBucket\":\"popchatv002.firebasestorage.app\"}","GCLOUD_PROJECT":"popchatv002","EVENTARC_CLOUD_EVENT_SOURCE":"projects/popchatv002/locations/us-central1/services/testHttpFunction","FUNCTION_TARGET":"testHttpFunction","LOG_EXECUTION_ID":"true","FUNCTION_SIGNATURE_TYPE":"http"},"maxInstanceCount":20,"ingressSettings":"ALLOW_ALL","uri":"https://testhttpfunction-2zjil5azfa-uc.a.run.app","serviceAccountEmail":"296369449480-compute@developer.gserviceaccount.com","availableMemory":"256Mi","allTrafficOnLatestRevision":true,"revision":"testhttpfunction-00025-siz","maxInstanceRequestConcurrency":80,"availableCpu":"1"},"state":"ACTIVE","updateTime":"2025-06-30T04:18:20.761734931Z","labels":{"deployment-tool":"cli-firebase","firebase-functions-hash":"c28c7186af76edd8980ce0372c24cb87c7ed761b"},"environment":"GEN_2","url":"https://us-central1-popchatv002.cloudfunctions.net/testHttpFunction","createTime":"2025-06-17T19:36:02.735230980Z","satisfiesPzi":true},{"name":"projects/popchatv002/locations/us-central1/functions/resetUserCounter","buildConfig":{"build":"projects/296369449480/locations/us-central1/builds/2e9fcc7e-7ac4-48a6-a81c-1f3f46b4db9f","runtime":"nodejs22","entryPoint":"resetUserCounter","source":{"storageSource":{"bucket":"gcf-v2-sources-296369449480-us-central1","object":"resetUserCounter/function-source.zip","generation":"1751257099518160"}},"environmentVariables":{"GOOGLE_NODE_RUN_SCRIPTS":""},"dockerRepository":"projects/popchatv002/locations/us-central1/repositories/gcf-artifacts","sourceProvenance":{"resolvedStorageSource":{"bucket":"gcf-v2-sources-296369449480-us-central1","object":"resetUserCounter/function-source.zip","generation":"1751257099518160"}},"dockerRegistry":"ARTIFACT_REGISTRY","serviceAccount":"projects/popchatv002/serviceAccounts/296369449480-compute@developer.gserviceaccount.com","automaticUpdatePolicy":{}},"serviceConfig":{"service":"projects/popchatv002/locations/us-central1/services/resetusercounter","timeoutSeconds":60,"environmentVariables":{"FIREBASE_CONFIG":"{\"projectId\":\"popchatv002\",\"databaseURL\":\"https://popchatv002-default-rtdb.firebaseio.com\",\"storageBucket\":\"popchatv002.firebasestorage.app\"}","GCLOUD_PROJECT":"popchatv002","EVENTARC_CLOUD_EVENT_SOURCE":"projects/popchatv002/locations/us-central1/services/resetUserCounter","FUNCTION_TARGET":"resetUserCounter","LOG_EXECUTION_ID":"true","FUNCTION_SIGNATURE_TYPE":"http"},"maxInstanceCount":20,"ingressSettings":"ALLOW_ALL","uri":"https://resetusercounter-2zjil5azfa-uc.a.run.app","serviceAccountEmail":"296369449480-compute@developer.gserviceaccount.com","availableMemory":"256Mi","allTrafficOnLatestRevision":true,"revision":"resetusercounter-00014-cef","maxInstanceRequestConcurrency":80,"availableCpu":"1"},"state":"ACTIVE","updateTime":"2025-06-30T04:18:26.342728452Z","labels":{"firebase-functions-hash":"c28c7186af76edd8980ce0372c24cb87c7ed761b","deployment-tool":"cli-firebase"},"environment":"GEN_2","url":"https://us-central1-popchatv002.cloudfunctions.net/resetUserCounter","createTime":"2025-06-22T01:53:00.190865676Z","satisfiesPzi":true},{"name":"projects/popchatv002/locations/us-central1/functions/testSendAd","buildConfig":{"build":"projects/296369449480/locations/us-central1/builds/2e9fcc7e-7ac4-48a6-a81c-1f3f46b4db9f","runtime":"nodejs22","entryPoint":"testSendAd","source":{"storageSource":{"bucket":"gcf-v2-sources-296369449480-us-central1","object":"testSendAd/function-source.zip","generation":"1751257099645799"}},"environmentVariables":{"GOOGLE_NODE_RUN_SCRIPTS":""},"dockerRepository":"projects/popchatv002/locations/us-central1/repositories/gcf-artifacts","sourceProvenance":{"resolvedStorageSource":{"bucket":"gcf-v2-sources-296369449480-us-central1","object":"testSendAd/function-source.zip","generation":"1751257099645799"}},"dockerRegistry":"ARTIFACT_REGISTRY","serviceAccount":"projects/popchatv002/serviceAccounts/296369449480-compute@developer.gserviceaccount.com","automaticUpdatePolicy":{}},"serviceConfig":{"service":"projects/popchatv002/locations/us-central1/services/testsendad","timeoutSeconds":60,"environmentVariables":{"FIREBASE_CONFIG":"{\"projectId\":\"popchatv002\",\"databaseURL\":\"https://popchatv002-default-rtdb.firebaseio.com\",\"storageBucket\":\"popchatv002.firebasestorage.app\"}","GCLOUD_PROJECT":"popchatv002","EVENTARC_CLOUD_EVENT_SOURCE":"projects/popchatv002/locations/us-central1/services/testSendAd","FUNCTION_TARGET":"testSendAd","LOG_EXECUTION_ID":"true","FUNCTION_SIGNATURE_TYPE":"http"},"maxInstanceCount":20,"ingressSettings":"ALLOW_ALL","uri":"https://testsendad-2zjil5azfa-uc.a.run.app","serviceAccountEmail":"296369449480-compute@developer.gserviceaccount.com","availableMemory":"256Mi","allTrafficOnLatestRevision":true,"revision":"testsendad-00017-viq","maxInstanceRequestConcurrency":80,"availableCpu":"1"},"state":"ACTIVE","updateTime":"2025-06-30T04:18:26.951434184Z","labels":{"deployment-tool":"cli-firebase","firebase-functions-hash":"c28c7186af76edd8980ce0372c24cb87c7ed761b"},"environment":"GEN_2","url":"https://us-central1-popchatv002.cloudfunctions.net/testSendAd","createTime":"2025-06-21T22:10:41.832646806Z","satisfiesPzi":true},{"name":"projects/popchatv002/locations/us-central1/functions/telegramWebhook","buildConfig":{"build":"projects/296369449480/locations/us-central1/builds/2e9fcc7e-7ac4-48a6-a81c-1f3f46b4db9f","runtime":"nodejs22","entryPoint":"telegramWebhook","source":{"storageSource":{"bucket":"gcf-v2-sources-296369449480-us-central1","object":"telegramWebhook/function-source.zip","generation":"1751257099563488"}},"environmentVariables":{"GOOGLE_NODE_RUN_SCRIPTS":""},"dockerRepository":"projects/popchatv002/locations/us-central1/repositories/gcf-artifacts","sourceProvenance":{"resolvedStorageSource":{"bucket":"gcf-v2-sources-296369449480-us-central1","object":"telegramWebhook/function-source.zip","generation":"1751257099563488"}},"dockerRegistry":"ARTIFACT_REGISTRY","serviceAccount":"projects/popchatv002/serviceAccounts/296369449480-compute@developer.gserviceaccount.com","automaticUpdatePolicy":{}},"serviceConfig":{"service":"projects/popchatv002/locations/us-central1/services/telegramwebhook","timeoutSeconds":60,"environmentVariables":{"FIREBASE_CONFIG":"{\"projectId\":\"popchatv002\",\"databaseURL\":\"https://popchatv002-default-rtdb.firebaseio.com\",\"storageBucket\":\"popchatv002.firebasestorage.app\"}","GCLOUD_PROJECT":"popchatv002","EVENTARC_CLOUD_EVENT_SOURCE":"projects/popchatv002/locations/us-central1/services/telegramWebhook","FUNCTION_TARGET":"telegramWebhook","LOG_EXECUTION_ID":"true","FUNCTION_SIGNATURE_TYPE":"http"},"maxInstanceCount":20,"ingressSettings":"ALLOW_ALL","uri":"https://telegramwebhook-2zjil5azfa-uc.a.run.app","serviceAccountEmail":"296369449480-compute@developer.gserviceaccount.com","availableMemory":"256Mi","allTrafficOnLatestRevision":true,"revision":"telegramwebhook-00012-rig","maxInstanceRequestConcurrency":80,"availableCpu":"1"},"state":"ACTIVE","updateTime":"2025-06-30T04:18:26.651758326Z","labels":{"deployment-tool":"cli-firebase","firebase-functions-hash":"c28c7186af76edd8980ce0372c24cb87c7ed761b"},"environment":"GEN_2","url":"https://us-central1-popchatv002.cloudfunctions.net/telegramWebhook","createTime":"2025-06-24T19:41:30.679763849Z","satisfiesPzi":true},{"name":"projects/popchatv002/locations/us-central1/functions/testSnapshotCycling","buildConfig":{"build":"projects/296369449480/locations/us-central1/builds/2e9fcc7e-7ac4-48a6-a81c-1f3f46b4db9f","runtime":"nodejs22","entryPoint":"testSnapshotCycling","source":{"storageSource":{"bucket":"gcf-v2-sources-296369449480-us-central1","object":"testSnapshotCycling/function-source.zip","generation":"1751257099513117"}},"environmentVariables":{"GOOGLE_NODE_RUN_SCRIPTS":""},"dockerRepository":"projects/popchatv002/locations/us-central1/repositories/gcf-artifacts","sourceProvenance":{"resolvedStorageSource":{"bucket":"gcf-v2-sources-296369449480-us-central1","object":"testSnapshotCycling/function-source.zip","generation":"1751257099513117"}},"dockerRegistry":"ARTIFACT_REGISTRY","serviceAccount":"projects/popchatv002/serviceAccounts/296369449480-compute@developer.gserviceaccount.com","automaticUpdatePolicy":{}},"serviceConfig":{"service":"projects/popchatv002/locations/us-central1/services/testsnapshotcycling","timeoutSeconds":60,"environmentVariables":{"FIREBASE_CONFIG":"{\"projectId\":\"popchatv002\",\"databaseURL\":\"https://popchatv002-default-rtdb.firebaseio.com\",\"storageBucket\":\"popchatv002.firebasestorage.app\"}","GCLOUD_PROJECT":"popchatv002","EVENTARC_CLOUD_EVENT_SOURCE":"projects/popchatv002/locations/us-central1/services/testSnapshotCycling","FUNCTION_TARGET":"testSnapshotCycling","LOG_EXECUTION_ID":"true","FUNCTION_SIGNATURE_TYPE":"http"},"maxInstanceCount":20,"ingressSettings":"ALLOW_ALL","uri":"https://testsnapshotcycling-2zjil5azfa-uc.a.run.app","serviceAccountEmail":"296369449480-compute@developer.gserviceaccount.com","availableMemory":"256Mi","allTrafficOnLatestRevision":true,"revision":"testsnapshotcycling-00013-ses","maxInstanceRequestConcurrency":80,"availableCpu":"1"},"state":"ACTIVE","updateTime":"2025-06-30T04:18:26.812368483Z","labels":{"firebase-functions-hash":"c28c7186af76edd8980ce0372c24cb87c7ed761b","deployment-tool":"cli-firebase"},"environment":"GEN_2","url":"https://us-central1-popchatv002.cloudfunctions.net/testSnapshotCycling","createTime":"2025-06-22T22:30:55.378111908Z","satisfiesPzi":true},{"name":"projects/popchatv002/locations/us-central1/functions/trackUserSessionDelete","buildConfig":{"build":"projects/296369449480/locations/us-central1/builds/2e9fcc7e-7ac4-48a6-a81c-1f3f46b4db9f","runtime":"nodejs22","entryPoint":"trackUserSessionDelete","source":{"storageSource":{"bucket":"gcf-v2-sources-296369449480-us-central1","object":"trackUserSessionDelete/function-source.zip","generation":"1751257099512193"}},"environmentVariables":{"GOOGLE_NODE_RUN_SCRIPTS":""},"dockerRepository":"projects/popchatv002/locations/us-central1/repositories/gcf-artifacts","sourceProvenance":{"resolvedStorageSource":{"bucket":"gcf-v2-sources-296369449480-us-central1","object":"trackUserSessionDelete/function-source.zip","generation":"1751257099512193"}},"dockerRegistry":"ARTIFACT_REGISTRY","serviceAccount":"projects/popchatv002/serviceAccounts/296369449480-compute@developer.gserviceaccount.com","automaticUpdatePolicy":{}},"serviceConfig":{"service":"projects/popchatv002/locations/us-central1/services/trackusersessiondelete","timeoutSeconds":60,"environmentVariables":{"FIREBASE_CONFIG":"{\"projectId\":\"popchatv002\",\"databaseURL\":\"https://popchatv002-default-rtdb.firebaseio.com\",\"storageBucket\":\"popchatv002.firebasestorage.app\"}","GCLOUD_PROJECT":"popchatv002","EVENTARC_CLOUD_EVENT_SOURCE":"projects/popchatv002/locations/us-central1/services/trackUserSessionDelete","FUNCTION_SIGNATURE_TYPE":"cloudevent","FUNCTION_TARGET":"trackUserSessionDelete","LOG_EXECUTION_ID":"true"},"maxInstanceCount":20,"ingressSettings":"ALLOW_ALL","uri":"https://trackusersessiondelete-2zjil5azfa-uc.a.run.app","serviceAccountEmail":"296369449480-compute@developer.gserviceaccount.com","availableMemory":"256Mi","allTrafficOnLatestRevision":true,"revision":"trackusersessiondelete-00029-boj","maxInstanceRequestConcurrency":80,"availableCpu":"1"},"eventTrigger":{"trigger":"projects/popchatv002/locations/us-central1/triggers/trackusersessiondelete-166122","triggerRegion":"us-central1","eventType":"google.firebase.database.ref.v1.deleted","eventFilters":[{"attribute":"instance","value":"*","operator":"match-path-pattern"},{"attribute":"ref","value":"status/{userId}","operator":"match-path-pattern"}],"pubsubTopic":"projects/popchatv002/topics/eventarc-us-central1-trackusersessiondelete-166122-935","serviceAccountEmail":"296369449480-compute@developer.gserviceaccount.com","retryPolicy":"RETRY_POLICY_DO_NOT_RETRY"},"state":"ACTIVE","updateTime":"2025-06-30T04:18:27.396554508Z","labels":{"deployment-tool":"cli-firebase","firebase-functions-hash":"c28c7186af76edd8980ce0372c24cb87c7ed761b"},"environment":"GEN_2","url":"https://us-central1-popchatv002.cloudfunctions.net/trackUserSessionDelete","createTime":"2025-06-17T19:40:19.047353904Z","satisfiesPzi":true},{"name":"projects/popchatv002/locations/us-central1/functions/testScheduledFunction","buildConfig":{"build":"projects/296369449480/locations/us-central1/builds/2e9fcc7e-7ac4-48a6-a81c-1f3f46b4db9f","runtime":"nodejs22","entryPoint":"testScheduledFunction","source":{"storageSource":{"bucket":"gcf-v2-sources-296369449480-us-central1","object":"testScheduledFunction/function-source.zip","generation":"1751257099559976"}},"environmentVariables":{"GOOGLE_NODE_RUN_SCRIPTS":""},"dockerRepository":"projects/popchatv002/locations/us-central1/repositories/gcf-artifacts","sourceProvenance":{"resolvedStorageSource":{"bucket":"gcf-v2-sources-296369449480-us-central1","object":"testScheduledFunction/function-source.zip","generation":"1751257099559976"}},"dockerRegistry":"ARTIFACT_REGISTRY","serviceAccount":"projects/popchatv002/serviceAccounts/296369449480-compute@developer.gserviceaccount.com","automaticUpdatePolicy":{}},"serviceConfig":{"service":"projects/popchatv002/locations/us-central1/services/testscheduledfunction","timeoutSeconds":60,"environmentVariables":{"FIREBASE_CONFIG":"{\"projectId\":\"popchatv002\",\"databaseURL\":\"https://popchatv002-default-rtdb.firebaseio.com\",\"storageBucket\":\"popchatv002.firebasestorage.app\"}","GCLOUD_PROJECT":"popchatv002","EVENTARC_CLOUD_EVENT_SOURCE":"projects/popchatv002/locations/us-central1/services/testScheduledFunction","FUNCTION_TARGET":"testScheduledFunction","LOG_EXECUTION_ID":"true","FUNCTION_SIGNATURE_TYPE":"http"},"maxInstanceCount":20,"ingressSettings":"ALLOW_ALL","uri":"https://testscheduledfunction-2zjil5azfa-uc.a.run.app","serviceAccountEmail":"296369449480-compute@developer.gserviceaccount.com","availableMemory":"256Mi","allTrafficOnLatestRevision":true,"revision":"testscheduledfunction-00024-xin","maxInstanceRequestConcurrency":80,"availableCpu":"1"},"state":"ACTIVE","updateTime":"2025-06-30T04:18:27.212129310Z","labels":{"deployment-tool":"cli-firebase","firebase-functions-hash":"c28c7186af76edd8980ce0372c24cb87c7ed761b"},"environment":"GEN_2","url":"https://us-central1-popchatv002.cloudfunctions.net/testScheduledFunction","createTime":"2025-06-21T04:32:01.974969722Z","satisfiesPzi":true},{"name":"projects/popchatv002/locations/us-central1/functions/sendHostToGroup","buildConfig":{"build":"projects/296369449480/locations/us-central1/builds/2e9fcc7e-7ac4-48a6-a81c-1f3f46b4db9f","runtime":"nodejs22","entryPoint":"sendHostToGroup","source":{"storageSource":{"bucket":"gcf-v2-sources-296369449480-us-central1","object":"sendHostToGroup/function-source.zip","generation":"1751257099576409"}},"environmentVariables":{"GOOGLE_NODE_RUN_SCRIPTS":""},"dockerRepository":"projects/popchatv002/locations/us-central1/repositories/gcf-artifacts","sourceProvenance":{"resolvedStorageSource":{"bucket":"gcf-v2-sources-296369449480-us-central1","object":"sendHostToGroup/function-source.zip","generation":"1751257099576409"}},"dockerRegistry":"ARTIFACT_REGISTRY","serviceAccount":"projects/popchatv002/serviceAccounts/296369449480-compute@developer.gserviceaccount.com","automaticUpdatePolicy":{}},"serviceConfig":{"service":"projects/popchatv002/locations/us-central1/services/sendhosttogroup","timeoutSeconds":60,"environmentVariables":{"FIREBASE_CONFIG":"{\"projectId\":\"popchatv002\",\"databaseURL\":\"https://popchatv002-default-rtdb.firebaseio.com\",\"storageBucket\":\"popchatv002.firebasestorage.app\"}","GCLOUD_PROJECT":"popchatv002","EVENTARC_CLOUD_EVENT_SOURCE":"projects/popchatv002/locations/us-central1/services/sendHostToGroup","FUNCTION_TARGET":"sendHostToGroup","LOG_EXECUTION_ID":"true","FUNCTION_SIGNATURE_TYPE":"http"},"maxInstanceCount":20,"ingressSettings":"ALLOW_ALL","uri":"https://sendhosttogroup-2zjil5azfa-uc.a.run.app","serviceAccountEmail":"296369449480-compute@developer.gserviceaccount.com","availableMemory":"256Mi","allTrafficOnLatestRevision":true,"revision":"sendhosttogroup-00023-viy","maxInstanceRequestConcurrency":80,"availableCpu":"1"},"state":"ACTIVE","updateTime":"2025-06-30T04:18:27.936859170Z","labels":{"deployment-tool":"cli-firebase","firebase-functions-hash":"c28c7186af76edd8980ce0372c24cb87c7ed761b"},"environment":"GEN_2","url":"https://us-central1-popchatv002.cloudfunctions.net/sendHostToGroup","createTime":"2025-06-21T04:32:01.651931084Z","satisfiesPzi":true}]}
[info] i  functions: ensuring required API cloudscheduler.googleapis.com is enabled... 
[debug] [2025-06-30T04:27:46.561Z] Checked if tokens are valid: true, expires at: 1751260621805
[debug] [2025-06-30T04:27:46.561Z] Checked if tokens are valid: true, expires at: 1751260621805
[debug] [2025-06-30T04:27:46.561Z] >>> [apiv2][query] GET https://serviceusage.googleapis.com/v1/projects/296369449480/services/cloudscheduler.googleapis.com [none]
[debug] [2025-06-30T04:27:46.561Z] >>> [apiv2][(partial)header] GET https://serviceusage.googleapis.com/v1/projects/296369449480/services/cloudscheduler.googleapis.com x-goog-quota-user=projects/296369449480
[debug] [2025-06-30T04:27:46.694Z] <<< [apiv2][status] GET https://serviceusage.googleapis.com/v1/projects/296369449480/services/cloudscheduler.googleapis.com 200
[debug] [2025-06-30T04:27:46.694Z] <<< [apiv2][body] GET https://serviceusage.googleapis.com/v1/projects/296369449480/services/cloudscheduler.googleapis.com [omitted]
[info] +  functions: required API cloudscheduler.googleapis.com is enabled 
[info] i  functions: ensuring required API run.googleapis.com is enabled... 
[debug] [2025-06-30T04:27:46.695Z] Checked if tokens are valid: true, expires at: 1751260621805
[debug] [2025-06-30T04:27:46.695Z] Checked if tokens are valid: true, expires at: 1751260621805
[info] i  functions: ensuring required API eventarc.googleapis.com is enabled... 
[debug] [2025-06-30T04:27:46.695Z] Checked if tokens are valid: true, expires at: 1751260621805
[debug] [2025-06-30T04:27:46.695Z] Checked if tokens are valid: true, expires at: 1751260621805
[info] i  functions: ensuring required API pubsub.googleapis.com is enabled... 
[debug] [2025-06-30T04:27:46.696Z] Checked if tokens are valid: true, expires at: 1751260621805
[debug] [2025-06-30T04:27:46.696Z] Checked if tokens are valid: true, expires at: 1751260621805
[info] i  functions: ensuring required API storage.googleapis.com is enabled... 
[debug] [2025-06-30T04:27:46.696Z] Checked if tokens are valid: true, expires at: 1751260621805
[debug] [2025-06-30T04:27:46.696Z] Checked if tokens are valid: true, expires at: 1751260621805
[debug] [2025-06-30T04:27:46.696Z] >>> [apiv2][query] GET https://serviceusage.googleapis.com/v1/projects/296369449480/services/run.googleapis.com [none]
[debug] [2025-06-30T04:27:46.696Z] >>> [apiv2][(partial)header] GET https://serviceusage.googleapis.com/v1/projects/296369449480/services/run.googleapis.com x-goog-quota-user=projects/296369449480
[debug] [2025-06-30T04:27:46.696Z] >>> [apiv2][query] GET https://serviceusage.googleapis.com/v1/projects/296369449480/services/eventarc.googleapis.com [none]
[debug] [2025-06-30T04:27:46.697Z] >>> [apiv2][(partial)header] GET https://serviceusage.googleapis.com/v1/projects/296369449480/services/eventarc.googleapis.com x-goog-quota-user=projects/296369449480
[debug] [2025-06-30T04:27:46.698Z] >>> [apiv2][query] GET https://serviceusage.googleapis.com/v1/projects/296369449480/services/pubsub.googleapis.com [none]
[debug] [2025-06-30T04:27:46.698Z] >>> [apiv2][(partial)header] GET https://serviceusage.googleapis.com/v1/projects/296369449480/services/pubsub.googleapis.com x-goog-quota-user=projects/296369449480
[debug] [2025-06-30T04:27:46.699Z] >>> [apiv2][query] GET https://serviceusage.googleapis.com/v1/projects/296369449480/services/storage.googleapis.com [none]
[debug] [2025-06-30T04:27:46.699Z] >>> [apiv2][(partial)header] GET https://serviceusage.googleapis.com/v1/projects/296369449480/services/storage.googleapis.com x-goog-quota-user=projects/296369449480
[debug] [2025-06-30T04:27:47.046Z] <<< [apiv2][status] GET https://serviceusage.googleapis.com/v1/projects/296369449480/services/run.googleapis.com 200
[debug] [2025-06-30T04:27:47.047Z] <<< [apiv2][body] GET https://serviceusage.googleapis.com/v1/projects/296369449480/services/run.googleapis.com [omitted]
[info] +  functions: required API run.googleapis.com is enabled 
[debug] [2025-06-30T04:27:47.106Z] <<< [apiv2][status] GET https://serviceusage.googleapis.com/v1/projects/296369449480/services/eventarc.googleapis.com 200
[debug] [2025-06-30T04:27:47.106Z] <<< [apiv2][body] GET https://serviceusage.googleapis.com/v1/projects/296369449480/services/eventarc.googleapis.com [omitted]
[info] +  functions: required API eventarc.googleapis.com is enabled 
[debug] [2025-06-30T04:27:47.126Z] <<< [apiv2][status] GET https://serviceusage.googleapis.com/v1/projects/296369449480/services/storage.googleapis.com 200
[debug] [2025-06-30T04:27:47.126Z] <<< [apiv2][body] GET https://serviceusage.googleapis.com/v1/projects/296369449480/services/storage.googleapis.com [omitted]
[info] +  functions: required API storage.googleapis.com is enabled 
[debug] [2025-06-30T04:27:47.594Z] <<< [apiv2][status] GET https://serviceusage.googleapis.com/v1/projects/296369449480/services/pubsub.googleapis.com 200
[debug] [2025-06-30T04:27:47.594Z] <<< [apiv2][body] GET https://serviceusage.googleapis.com/v1/projects/296369449480/services/pubsub.googleapis.com [omitted]
[info] +  functions: required API pubsub.googleapis.com is enabled 
[info] i  functions: generating the service identity for pubsub.googleapis.com... 
[debug] [2025-06-30T04:27:47.595Z] Checked if tokens are valid: true, expires at: 1751260621805
[debug] [2025-06-30T04:27:47.595Z] Checked if tokens are valid: true, expires at: 1751260621805
[info] i  functions: generating the service identity for eventarc.googleapis.com... 
[debug] [2025-06-30T04:27:47.596Z] Checked if tokens are valid: true, expires at: 1751260621805
[debug] [2025-06-30T04:27:47.596Z] Checked if tokens are valid: true, expires at: 1751260621805
[debug] [2025-06-30T04:27:47.596Z] >>> [apiv2][query] POST https://serviceusage.googleapis.com/v1beta1/projects/296369449480/services/pubsub.googleapis.com:generateServiceIdentity [none]
[debug] [2025-06-30T04:27:47.596Z] >>> [apiv2][query] POST https://serviceusage.googleapis.com/v1beta1/projects/296369449480/services/eventarc.googleapis.com:generateServiceIdentity [none]
[debug] [2025-06-30T04:27:47.928Z] <<< [apiv2][status] POST https://serviceusage.googleapis.com/v1beta1/projects/296369449480/services/eventarc.googleapis.com:generateServiceIdentity 200
[debug] [2025-06-30T04:27:47.928Z] <<< [apiv2][body] POST https://serviceusage.googleapis.com/v1beta1/projects/296369449480/services/eventarc.googleapis.com:generateServiceIdentity {"name":"operations/finished.DONE_OPERATION","done":true,"response":{"@type":"type.googleapis.com/google.api.serviceusage.v1beta1.ServiceIdentity","email":"service-296369449480@gcp-sa-eventarc.iam.gserviceaccount.com","uniqueId":"100085071243011821809"}}
[debug] [2025-06-30T04:27:48.060Z] <<< [apiv2][status] POST https://serviceusage.googleapis.com/v1beta1/projects/296369449480/services/pubsub.googleapis.com:generateServiceIdentity 200
[debug] [2025-06-30T04:27:48.061Z] <<< [apiv2][body] POST https://serviceusage.googleapis.com/v1beta1/projects/296369449480/services/pubsub.googleapis.com:generateServiceIdentity {"name":"operations/finished.DONE_OPERATION","done":true,"response":{"@type":"type.googleapis.com/google.api.serviceusage.v1beta1.ServiceIdentity","email":"service-296369449480@gcp-sa-pubsub.iam.gserviceaccount.com","uniqueId":"107489986855535891790"}}
[debug] [2025-06-30T04:27:48.063Z] Checked if tokens are valid: true, expires at: 1751260621805
[debug] [2025-06-30T04:27:48.063Z] Checked if tokens are valid: true, expires at: 1751260621805
[debug] [2025-06-30T04:27:48.063Z] >>> [apiv2][query] GET https://serviceusage.googleapis.com/v1/projects/popchatv002/services/cloudresourcemanager.googleapis.com [none]
[debug] [2025-06-30T04:27:48.063Z] >>> [apiv2][(partial)header] GET https://serviceusage.googleapis.com/v1/projects/popchatv002/services/cloudresourcemanager.googleapis.com x-goog-quota-user=projects/popchatv002
[debug] [2025-06-30T04:27:48.447Z] <<< [apiv2][status] GET https://serviceusage.googleapis.com/v1/projects/popchatv002/services/cloudresourcemanager.googleapis.com 200
[debug] [2025-06-30T04:27:48.448Z] <<< [apiv2][body] GET https://serviceusage.googleapis.com/v1/projects/popchatv002/services/cloudresourcemanager.googleapis.com [omitted]
[debug] [2025-06-30T04:27:48.448Z] Checked if tokens are valid: true, expires at: 1751260621805
[debug] [2025-06-30T04:27:48.448Z] Checked if tokens are valid: true, expires at: 1751260621805
[debug] [2025-06-30T04:27:48.448Z] >>> [apiv2][query] GET https://cloudresourcemanager.googleapis.com/v1/projects/popchatv002 [none]
[debug] [2025-06-30T04:27:48.540Z] <<< [apiv2][status] GET https://cloudresourcemanager.googleapis.com/v1/projects/popchatv002 200
[debug] [2025-06-30T04:27:48.540Z] <<< [apiv2][body] GET https://cloudresourcemanager.googleapis.com/v1/projects/popchatv002 {"projectNumber":"296369449480","projectId":"popchatv002","lifecycleState":"ACTIVE","name":"popchatv002","labels":{"firebase":"enabled"},"createTime":"2024-08-28T01:10:41.404402Z"}
[debug] [2025-06-30T04:27:48.540Z] Checked if tokens are valid: true, expires at: 1751260621805
[debug] [2025-06-30T04:27:48.540Z] Checked if tokens are valid: true, expires at: 1751260621805
[debug] [2025-06-30T04:27:48.540Z] >>> [apiv2][query] GET https://compute.googleapis.com/compute/v1/projects/296369449480 [none]
[debug] [2025-06-30T04:27:48.864Z] <<< [apiv2][status] GET https://compute.googleapis.com/compute/v1/projects/296369449480 200
[debug] [2025-06-30T04:27:48.864Z] <<< [apiv2][body] GET https://compute.googleapis.com/compute/v1/projects/296369449480 {"kind":"compute#project","id":"3646593096174360145","creationTimestamp":"2024-12-28T22:14:22.648-08:00","name":"popchatv002","commonInstanceMetadata":{"kind":"compute#metadata","fingerprint":"PDiT42wIYa4="},"quotas":[{"metric":"SNAPSHOTS","limit":1000,"usage":0},{"metric":"NETWORKS","limit":5,"usage":1},{"metric":"FIREWALLS","limit":100,"usage":4},{"metric":"IMAGES","limit":100,"usage":0},{"metric":"STATIC_ADDRESSES","limit":8,"usage":0},{"metric":"ROUTES","limit":200,"usage":0},{"metric":"FORWARDING_RULES","limit":15,"usage":0},{"metric":"TARGET_POOLS","limit":50,"usage":0},{"metric":"HEALTH_CHECKS","limit":75,"usage":0},{"metric":"IN_USE_ADDRESSES","limit":8,"usage":0},{"metric":"TARGET_INSTANCES","limit":50,"usage":0},{"metric":"TARGET_HTTP_PROXIES","limit":10,"usage":0},{"metric":"URL_MAPS","limit":10,"usage":0},{"metric":"BACKEND_SERVICES","limit":50,"usage":0},{"metric":"INSTANCE_TEMPLATES","limit":100,"usage":0},{"metric":"TARGET_VPN_GATEWAYS","limit":5,"usage":0},{"metric":"VPN_TUNNELS","limit":10,"usage":0},{"metric":"BACKEND_BUCKETS","limit":3,"usage":0},{"metric":"ROUTERS","limit":10,"usage":0},{"metric":"TARGET_SSL_PROXIES","limit":10,"usage":0},{"metric":"TARGET_HTTPS_PROXIES","limit":10,"usage":0},{"metric":"SSL_CERTIFICATES","limit":10,"usage":0},{"metric":"SUBNETWORKS","limit":100,"usage":0},{"metric":"TARGET_TCP_PROXIES","limit":10,"usage":0},{"metric":"CPUS_ALL_REGIONS","limit":32,"usage":0},{"metric":"SECURITY_POLICIES","limit":10,"usage":0},{"metric":"SECURITY_POLICY_RULES","limit":100,"usage":0},{"metric":"XPN_SERVICE_PROJECTS","limit":1000,"usage":0},{"metric":"PACKET_MIRRORINGS","limit":20,"usage":0},{"metric":"NETWORK_ENDPOINT_GROUPS","limit":100,"usage":0},{"metric":"INTERCONNECTS","limit":6,"usage":0},{"metric":"SSL_POLICIES","limit":10,"usage":0},{"metric":"GLOBAL_INTERNAL_ADDRESSES","limit":5000,"usage":0},{"metric":"VPN_GATEWAYS","limit":5,"usage":0},{"metric":"MACHINE_IMAGES","limit":100,"usage":0},{"metric":"SECURITY_POLICY_CEVAL_RULES","limit":20,"usage":0},{"metric":"GPUS_ALL_REGIONS","limit":0,"usage":0},{"metric":"EXTERNAL_VPN_GATEWAYS","limit":5,"usage":0},{"metric":"PUBLIC_ADVERTISED_PREFIXES","limit":1,"usage":0},{"metric":"PUBLIC_DELEGATED_PREFIXES","limit":10,"usage":0},{"metric":"STATIC_BYOIP_ADDRESSES","limit":128,"usage":0},{"metric":"NETWORK_FIREWALL_POLICIES","limit":10,"usage":0},{"metric":"INTERNAL_TRAFFIC_DIRECTOR_FORWARDING_RULES","limit":15,"usage":0},{"metric":"GLOBAL_EXTERNAL_MANAGED_FORWARDING_RULES","limit":15,"usage":0},{"metric":"GLOBAL_INTERNAL_MANAGED_BACKEND_SERVICES","limit":50,"usage":0},{"metric":"GLOBAL_EXTERNAL_MANAGED_BACKEND_SERVICES","limit":50,"usage":0},{"metric":"GLOBAL_EXTERNAL_PROXY_LB_BACKEND_SERVICES","limit":50,"usage":0},{"metric":"GLOBAL_INTERNAL_TRAFFIC_DIRECTOR_BACKEND_SERVICES","limit":250,"usage":0}],"selfLink":"https://www.googleapis.com/compute/v1/projects/popchatv002","defaultServiceAccount":"296369449480-compute@developer.gserviceaccount.com","xpnProjectStatus":"UNSPECIFIED_XPN_PROJECT_STATUS","defaultNetworkTier":"PREMIUM","vmDnsSetting":"ZONAL_ONLY","cloudArmorTier":"CA_STANDARD"}
[debug] [2025-06-30T04:27:48.865Z] Checked if tokens are valid: true, expires at: 1751260621805
[debug] [2025-06-30T04:27:48.865Z] Checked if tokens are valid: true, expires at: 1751260621805
[debug] [2025-06-30T04:27:48.866Z] >>> [apiv2][query] GET https://cloudbilling.googleapis.com/v1/projects/popchatv002/billingInfo [none]
[debug] [2025-06-30T04:27:49.070Z] <<< [apiv2][status] GET https://cloudbilling.googleapis.com/v1/projects/popchatv002/billingInfo 200
[debug] [2025-06-30T04:27:49.071Z] <<< [apiv2][body] GET https://cloudbilling.googleapis.com/v1/projects/popchatv002/billingInfo {"name":"projects/popchatv002/billingInfo","projectId":"popchatv002","billingAccountName":"billingAccounts/01D8DE-199FE0-C18327","billingEnabled":true}
[debug] [2025-06-30T04:27:49.072Z] Checked if tokens are valid: true, expires at: 1751260621805
[debug] [2025-06-30T04:27:49.072Z] Checked if tokens are valid: true, expires at: 1751260621805
[debug] [2025-06-30T04:27:49.072Z] >>> [apiv2][query] POST https://cloudfunctions.googleapis.com/v2/projects/popchatv002/locations/us-central1/functions:generateUploadUrl [none]
[debug] [2025-06-30T04:27:49.419Z] <<< [apiv2][status] POST https://cloudfunctions.googleapis.com/v2/projects/popchatv002/locations/us-central1/functions:generateUploadUrl 200
[debug] [2025-06-30T04:27:49.419Z] <<< [apiv2][body] POST https://cloudfunctions.googleapis.com/v2/projects/popchatv002/locations/us-central1/functions:generateUploadUrl {"uploadUrl":"https://storage.googleapis.com/gcf-v2-uploads-296369449480.us-central1.cloudfunctions.appspot.com/cfae441d-6691-411a-bab1-d2f8da2a0273.zip?GoogleAccessId=service-296369449480@gcf-admin-robot.iam.gserviceaccount.com&Expires=1751259469&Signature=YML711J%2Fir4xZeqR3NT9UUHEsNNMGyoKbha3y0BHBL6zRWA1E3Z6f6Gcq89FGIwm9NJH3lOxo7IlqBcj9oYflTwLRKpbq42W%2BRwIPgJV3pw5F90h4gk1K44RVrzDWWXrMm55pjEpgL2AiQh%2BY9sakBEMsMyjBdyAXH3dp1yNiln3eTkQiRDo9%2BauEhRZY7QKa%2B8le1y6QRYYI939z3VoX4SvDCK5CyLYDJyJ%2FY1PKIcuv86v%2FJRY8fKj%2FhoNviQY4ieWLGBKCi1FDtAkonYjSoJaz52BQ8oCPAQ0InGN5qEzP3G4p3o4k4yJhXEypLb%2FPoiPJj2328JZ4CA4jC07pQ%3D%3D","storageSource":{"bucket":"gcf-v2-uploads-296369449480.us-central1.cloudfunctions.appspot.com","object":"cfae441d-6691-411a-bab1-d2f8da2a0273.zip"}}
[debug] [2025-06-30T04:27:49.419Z] >>> [apiv2][query] PUT https://storage.googleapis.com/gcf-v2-uploads-296369449480.us-central1.cloudfunctions.appspot.com/cfae441d-6691-411a-bab1-d2f8da2a0273.zip GoogleAccessId=service-296369449480%40gcf-admin-robot.iam.gserviceaccount.com&Expires=1751259469&Signature=YML711J%2Fir4xZeqR3NT9UUHEsNNMGyoKbha3y0BHBL6zRWA1E3Z6f6Gcq89FGIwm9NJH3lOxo7IlqBcj9oYflTwLRKpbq42W%2BRwIPgJV3pw5F90h4gk1K44RVrzDWWXrMm55pjEpgL2AiQh%2BY9sakBEMsMyjBdyAXH3dp1yNiln3eTkQiRDo9%2BauEhRZY7QKa%2B8le1y6QRYYI939z3VoX4SvDCK5CyLYDJyJ%2FY1PKIcuv86v%2FJRY8fKj%2FhoNviQY4ieWLGBKCi1FDtAkonYjSoJaz52BQ8oCPAQ0InGN5qEzP3G4p3o4k4yJhXEypLb%2FPoiPJj2328JZ4CA4jC07pQ%3D%3D
[debug] [2025-06-30T04:27:49.419Z] >>> [apiv2][body] PUT https://storage.googleapis.com/gcf-v2-uploads-296369449480.us-central1.cloudfunctions.appspot.com/cfae441d-6691-411a-bab1-d2f8da2a0273.zip [stream]
[debug] [2025-06-30T04:27:49.739Z] <<< [apiv2][status] PUT https://storage.googleapis.com/gcf-v2-uploads-296369449480.us-central1.cloudfunctions.appspot.com/cfae441d-6691-411a-bab1-d2f8da2a0273.zip 200
[debug] [2025-06-30T04:27:49.740Z] <<< [apiv2][body] PUT https://storage.googleapis.com/gcf-v2-uploads-296369449480.us-central1.cloudfunctions.appspot.com/cfae441d-6691-411a-bab1-d2f8da2a0273.zip [omitted]
[info] +  functions: functions folder uploaded successfully 
[info] i  functions: updating Node.js 22 (2nd Gen) function testHttpFunction(us-central1)... 
[info] i  functions: updating Node.js 22 (2nd Gen) function writeToDatabase(us-central1)... 
[info] i  functions: updating Node.js 22 (2nd Gen) function addUserStatus(us-central1)... 
[info] i  functions: updating Node.js 22 (2nd Gen) function trackUserSessionCreate(us-central1)... 
[info] i  functions: updating Node.js 22 (2nd Gen) function trackUserSessionDelete(us-central1)... 
[info] i  functions: updating Node.js 22 (2nd Gen) function telegramWebhook(us-central1)... 
[info] i  functions: updating Node.js 22 (2nd Gen) function testScheduledFunction(us-central1)... 
[info] i  functions: updating Node.js 22 (2nd Gen) function scheduledRandomUserMedia(us-central1)... 
[info] i  functions: updating Node.js 22 (2nd Gen) function testSendAd(us-central1)... 
[info] i  functions: updating Node.js 22 (2nd Gen) function scheduledSendAd(us-central1)... 
[info] i  functions: updating Node.js 22 (2nd Gen) function resetUserCounter(us-central1)... 
[info] i  functions: updating Node.js 22 (2nd Gen) function testSnapshotCycling(us-central1)... 
[info] i  functions: updating Node.js 22 (2nd Gen) function sendHostToGroup(us-central1)... 
[debug] [2025-06-30T04:27:49.753Z] Checked if tokens are valid: true, expires at: 1751260621805
[debug] [2025-06-30T04:27:49.753Z] Checked if tokens are valid: true, expires at: 1751260621805
[debug] [2025-06-30T04:27:49.753Z] >>> [apiv2][query] PATCH https://cloudfunctions.googleapis.com/v2/projects/popchatv002/locations/us-central1/functions/testHttpFunction updateMask=name%2CbuildConfig.runtime%2CbuildConfig.entryPoint%2CbuildConfig.source.storageSource.bucket%2CbuildConfig.source.storageSource.object%2CbuildConfig.environmentVariables%2CbuildConfig.sourceToken%2CserviceConfig.environmentVariables%2CserviceConfig.ingressSettings%2CserviceConfig.timeoutSeconds%2CserviceConfig.serviceAccountEmail%2CserviceConfig.availableMemory%2CserviceConfig.minInstanceCount%2CserviceConfig.maxInstanceCount%2CserviceConfig.maxInstanceRequestConcurrency%2CserviceConfig.availableCpu%2CserviceConfig.vpcConnector%2CserviceConfig.vpcConnectorEgressSettings%2Clabels
[debug] [2025-06-30T04:27:49.753Z] >>> [apiv2][body] PATCH https://cloudfunctions.googleapis.com/v2/projects/popchatv002/locations/us-central1/functions/testHttpFunction {"name":"projects/popchatv002/locations/us-central1/functions/testHttpFunction","buildConfig":{"runtime":"nodejs22","entryPoint":"testHttpFunction","source":{"storageSource":{"bucket":"gcf-v2-uploads-296369449480.us-central1.cloudfunctions.appspot.com","object":"cfae441d-6691-411a-bab1-d2f8da2a0273.zip"}},"environmentVariables":{"GOOGLE_NODE_RUN_SCRIPTS":""}},"serviceConfig":{"environmentVariables":{"FIREBASE_CONFIG":"{\"projectId\":\"popchatv002\",\"databaseURL\":\"https://popchatv002-default-rtdb.firebaseio.com\",\"storageBucket\":\"popchatv002.firebasestorage.app\"}","GCLOUD_PROJECT":"popchatv002","EVENTARC_CLOUD_EVENT_SOURCE":"projects/popchatv002/locations/us-central1/services/testHttpFunction","FUNCTION_TARGET":"testHttpFunction","LOG_EXECUTION_ID":"true","FUNCTION_SIGNATURE_TYPE":"http"},"ingressSettings":null,"timeoutSeconds":null,"serviceAccountEmail":null,"availableMemory":"256Mi","minInstanceCount":null,"maxInstanceCount":null,"maxInstanceRequestConcurrency":80,"availableCpu":"1","vpcConnector":null,"vpcConnectorEgressSettings":null},"labels":{"deployment-tool":"cli-firebase","firebase-functions-hash":"4fb95acf971fd44e46da4433b3dd2209ba159cb9"}}
[debug] [2025-06-30T04:27:50.803Z] <<< [apiv2][status] PATCH https://cloudfunctions.googleapis.com/v2/projects/popchatv002/locations/us-central1/functions/testHttpFunction 200
[debug] [2025-06-30T04:27:50.803Z] <<< [apiv2][body] PATCH https://cloudfunctions.googleapis.com/v2/projects/popchatv002/locations/us-central1/functions/testHttpFunction {"name":"projects/popchatv002/locations/us-central1/operations/operation-1751257669670-638c2734f9585-0072f9f8-120a953a","metadata":{"@type":"type.googleapis.com/google.cloud.functions.v2.OperationMetadata","createTime":"2025-06-30T04:27:50.440188006Z","target":"projects/popchatv002/locations/us-central1/functions/testHttpFunction","verb":"update","cancelRequested":false,"apiVersion":"v2"},"done":false}
[debug] [2025-06-30T04:27:50.803Z] Checked if tokens are valid: true, expires at: 1751260621805
[debug] [2025-06-30T04:27:50.804Z] Checked if tokens are valid: true, expires at: 1751260621805
[debug] [2025-06-30T04:27:50.804Z] >>> [apiv2][query] GET https://cloudfunctions.googleapis.com/v2/projects/popchatv002/locations/us-central1/operations/operation-1751257669670-638c2734f9585-0072f9f8-120a953a [none]
[debug] [2025-06-30T04:27:51.099Z] <<< [apiv2][status] GET https://cloudfunctions.googleapis.com/v2/projects/popchatv002/locations/us-central1/operations/operation-1751257669670-638c2734f9585-0072f9f8-120a953a 200
[debug] [2025-06-30T04:27:51.099Z] <<< [apiv2][body] GET https://cloudfunctions.googleapis.com/v2/projects/popchatv002/locations/us-central1/operations/operation-1751257669670-638c2734f9585-0072f9f8-120a953a {"name":"projects/popchatv002/locations/us-central1/operations/operation-1751257669670-638c2734f9585-0072f9f8-120a953a","metadata":{"@type":"type.googleapis.com/google.cloud.functions.v2.OperationMetadata","createTime":"2025-06-30T04:27:50.440188006Z","target":"projects/popchatv002/locations/us-central1/functions/testHttpFunction","verb":"update","cancelRequested":false,"apiVersion":"v2","requestResource":{"@type":"type.googleapis.com/google.cloud.functions.v2.Function","name":"projects/popchatv002/locations/us-central1/functions/testHttpFunction","buildConfig":{"runtime":"nodejs22","entryPoint":"testHttpFunction","source":{"storageSource":{"bucket":"gcf-v2-sources-296369449480-us-central1","object":"testHttpFunction/function-source.zip","generation":"1751257670400593"}},"environmentVariables":{"GOOGLE_NODE_RUN_SCRIPTS":""},"dockerRepository":"projects/popchatv002/locations/us-central1/repositories/gcf-artifacts","sourceProvenance":{"resolvedStorageSource":{"bucket":"gcf-v2-sources-296369449480-us-central1","object":"testHttpFunction/function-source.zip","generation":"1751257038130210"}},"dockerRegistry":"ARTIFACT_REGISTRY","serviceAccount":"projects/popchatv002/serviceAccounts/296369449480-compute@developer.gserviceaccount.com","automaticUpdatePolicy":{}},"serviceConfig":{"service":"projects/popchatv002/locations/us-central1/services/testhttpfunction","timeoutSeconds":60,"environmentVariables":{"FIREBASE_CONFIG":"{\"projectId\":\"popchatv002\",\"databaseURL\":\"https://popchatv002-default-rtdb.firebaseio.com\",\"storageBucket\":\"popchatv002.firebasestorage.app\"}","GCLOUD_PROJECT":"popchatv002","EVENTARC_CLOUD_EVENT_SOURCE":"projects/popchatv002/locations/us-central1/services/testHttpFunction","FUNCTION_TARGET":"testHttpFunction","LOG_EXECUTION_ID":"true","FUNCTION_SIGNATURE_TYPE":"http"},"ingressSettings":"ALLOW_ALL","uri":"https://testhttpfunction-2zjil5azfa-uc.a.run.app","serviceAccountEmail":"296369449480-compute@developer.gserviceaccount.com","availableMemory":"256Mi","allTrafficOnLatestRevision":true,"revision":"testhttpfunction-00025-siz","maxInstanceRequestConcurrency":80,"availableCpu":"1"},"state":"ACTIVE","labels":{"deployment-tool":"cli-firebase","firebase-functions-hash":"4fb95acf971fd44e46da4433b3dd2209ba159cb9"},"environment":"GEN_2","url":"https://us-central1-popchatv002.cloudfunctions.net/testHttpFunction","satisfiesPzi":true},"stages":[{"name":"BUILD","state":"NOT_STARTED"},{"name":"SERVICE","state":"NOT_STARTED"}],"operationType":"UPDATE_FUNCTION"},"done":false}
[debug] [2025-06-30T04:27:51.609Z] [update-default-us-central1-testHttpFunction] Retrying task index 0
[debug] [2025-06-30T04:27:51.609Z] Checked if tokens are valid: true, expires at: 1751260621805
[debug] [2025-06-30T04:27:51.609Z] Checked if tokens are valid: true, expires at: 1751260621805
[debug] [2025-06-30T04:27:51.609Z] >>> [apiv2][query] GET https://cloudfunctions.googleapis.com/v2/projects/popchatv002/locations/us-central1/operations/operation-1751257669670-638c2734f9585-0072f9f8-120a953a [none]
[debug] [2025-06-30T04:27:51.876Z] <<< [apiv2][status] GET https://cloudfunctions.googleapis.com/v2/projects/popchatv002/locations/us-central1/operations/operation-1751257669670-638c2734f9585-0072f9f8-120a953a 200
[debug] [2025-06-30T04:27:51.876Z] <<< [apiv2][body] GET https://cloudfunctions.googleapis.com/v2/projects/popchatv002/locations/us-central1/operations/operation-1751257669670-638c2734f9585-0072f9f8-120a953a {"name":"projects/popchatv002/locations/us-central1/operations/operation-1751257669670-638c2734f9585-0072f9f8-120a953a","metadata":{"@type":"type.googleapis.com/google.cloud.functions.v2.OperationMetadata","createTime":"2025-06-30T04:27:50.440188006Z","target":"projects/popchatv002/locations/us-central1/functions/testHttpFunction","verb":"update","cancelRequested":false,"apiVersion":"v2","requestResource":{"@type":"type.googleapis.com/google.cloud.functions.v2.Function","name":"projects/popchatv002/locations/us-central1/functions/testHttpFunction","buildConfig":{"runtime":"nodejs22","entryPoint":"testHttpFunction","source":{"storageSource":{"bucket":"gcf-v2-sources-296369449480-us-central1","object":"testHttpFunction/function-source.zip","generation":"1751257670400593"}},"environmentVariables":{"GOOGLE_NODE_RUN_SCRIPTS":""},"dockerRepository":"projects/popchatv002/locations/us-central1/repositories/gcf-artifacts","sourceProvenance":{"resolvedStorageSource":{"bucket":"gcf-v2-sources-296369449480-us-central1","object":"testHttpFunction/function-source.zip","generation":"1751257038130210"}},"dockerRegistry":"ARTIFACT_REGISTRY","serviceAccount":"projects/popchatv002/serviceAccounts/296369449480-compute@developer.gserviceaccount.com","automaticUpdatePolicy":{}},"serviceConfig":{"service":"projects/popchatv002/locations/us-central1/services/testhttpfunction","timeoutSeconds":60,"environmentVariables":{"FIREBASE_CONFIG":"{\"projectId\":\"popchatv002\",\"databaseURL\":\"https://popchatv002-default-rtdb.firebaseio.com\",\"storageBucket\":\"popchatv002.firebasestorage.app\"}","GCLOUD_PROJECT":"popchatv002","EVENTARC_CLOUD_EVENT_SOURCE":"projects/popchatv002/locations/us-central1/services/testHttpFunction","FUNCTION_TARGET":"testHttpFunction","LOG_EXECUTION_ID":"true","FUNCTION_SIGNATURE_TYPE":"http"},"ingressSettings":"ALLOW_ALL","uri":"https://testhttpfunction-2zjil5azfa-uc.a.run.app","serviceAccountEmail":"296369449480-compute@developer.gserviceaccount.com","availableMemory":"256Mi","allTrafficOnLatestRevision":true,"revision":"testhttpfunction-00025-siz","maxInstanceRequestConcurrency":80,"availableCpu":"1"},"state":"ACTIVE","labels":{"deployment-tool":"cli-firebase","firebase-functions-hash":"4fb95acf971fd44e46da4433b3dd2209ba159cb9"},"environment":"GEN_2","url":"https://us-central1-popchatv002.cloudfunctions.net/testHttpFunction","satisfiesPzi":true},"stages":[{"name":"BUILD","message":"Build in progress","state":"IN_PROGRESS","resource":"projects/296369449480/locations/us-central1/builds/d3aaf7e5-a1dd-4c1f-8f40-17df48e13534","resourceUri":"https://console.cloud.google.com/cloud-build/builds;region=us-central1/d3aaf7e5-a1dd-4c1f-8f40-17df48e13534?project=296369449480"},{"name":"SERVICE","state":"NOT_STARTED"}],"operationType":"UPDATE_FUNCTION","buildName":"projects/296369449480/locations/us-central1/builds/d3aaf7e5-a1dd-4c1f-8f40-17df48e13534"},"done":false}
[debug] [2025-06-30T04:27:52.884Z] [update-default-us-central1-testHttpFunction] Retrying task index 0
[debug] [2025-06-30T04:27:52.885Z] Checked if tokens are valid: true, expires at: 1751260621805
[debug] [2025-06-30T04:27:52.885Z] Checked if tokens are valid: true, expires at: 1751260621805
[debug] [2025-06-30T04:27:52.885Z] >>> [apiv2][query] GET https://cloudfunctions.googleapis.com/v2/projects/popchatv002/locations/us-central1/operations/operation-1751257669670-638c2734f9585-0072f9f8-120a953a [none]
[debug] [2025-06-30T04:27:53.145Z] <<< [apiv2][status] GET https://cloudfunctions.googleapis.com/v2/projects/popchatv002/locations/us-central1/operations/operation-1751257669670-638c2734f9585-0072f9f8-120a953a 200
[debug] [2025-06-30T04:27:53.146Z] <<< [apiv2][body] GET https://cloudfunctions.googleapis.com/v2/projects/popchatv002/locations/us-central1/operations/operation-1751257669670-638c2734f9585-0072f9f8-120a953a {"name":"projects/popchatv002/locations/us-central1/operations/operation-1751257669670-638c2734f9585-0072f9f8-120a953a","metadata":{"@type":"type.googleapis.com/google.cloud.functions.v2.OperationMetadata","createTime":"2025-06-30T04:27:50.440188006Z","target":"projects/popchatv002/locations/us-central1/functions/testHttpFunction","verb":"update","cancelRequested":false,"apiVersion":"v2","requestResource":{"@type":"type.googleapis.com/google.cloud.functions.v2.Function","name":"projects/popchatv002/locations/us-central1/functions/testHttpFunction","buildConfig":{"runtime":"nodejs22","entryPoint":"testHttpFunction","source":{"storageSource":{"bucket":"gcf-v2-sources-296369449480-us-central1","object":"testHttpFunction/function-source.zip","generation":"1751257670400593"}},"environmentVariables":{"GOOGLE_NODE_RUN_SCRIPTS":""},"dockerRepository":"projects/popchatv002/locations/us-central1/repositories/gcf-artifacts","sourceProvenance":{"resolvedStorageSource":{"bucket":"gcf-v2-sources-296369449480-us-central1","object":"testHttpFunction/function-source.zip","generation":"1751257038130210"}},"dockerRegistry":"ARTIFACT_REGISTRY","serviceAccount":"projects/popchatv002/serviceAccounts/296369449480-compute@developer.gserviceaccount.com","automaticUpdatePolicy":{}},"serviceConfig":{"service":"projects/popchatv002/locations/us-central1/services/testhttpfunction","timeoutSeconds":60,"environmentVariables":{"FIREBASE_CONFIG":"{\"projectId\":\"popchatv002\",\"databaseURL\":\"https://popchatv002-default-rtdb.firebaseio.com\",\"storageBucket\":\"popchatv002.firebasestorage.app\"}","GCLOUD_PROJECT":"popchatv002","EVENTARC_CLOUD_EVENT_SOURCE":"projects/popchatv002/locations/us-central1/services/testHttpFunction","FUNCTION_TARGET":"testHttpFunction","LOG_EXECUTION_ID":"true","FUNCTION_SIGNATURE_TYPE":"http"},"ingressSettings":"ALLOW_ALL","uri":"https://testhttpfunction-2zjil5azfa-uc.a.run.app","serviceAccountEmail":"296369449480-compute@developer.gserviceaccount.com","availableMemory":"256Mi","allTrafficOnLatestRevision":true,"revision":"testhttpfunction-00025-siz","maxInstanceRequestConcurrency":80,"availableCpu":"1"},"state":"ACTIVE","labels":{"deployment-tool":"cli-firebase","firebase-functions-hash":"4fb95acf971fd44e46da4433b3dd2209ba159cb9"},"environment":"GEN_2","url":"https://us-central1-popchatv002.cloudfunctions.net/testHttpFunction","satisfiesPzi":true},"stages":[{"name":"BUILD","message":"Build in progress","state":"IN_PROGRESS","resource":"projects/296369449480/locations/us-central1/builds/d3aaf7e5-a1dd-4c1f-8f40-17df48e13534","resourceUri":"https://console.cloud.google.com/cloud-build/builds;region=us-central1/d3aaf7e5-a1dd-4c1f-8f40-17df48e13534?project=296369449480"},{"name":"SERVICE","state":"NOT_STARTED"}],"operationType":"UPDATE_FUNCTION","buildName":"projects/296369449480/locations/us-central1/builds/d3aaf7e5-a1dd-4c1f-8f40-17df48e13534"},"done":false}
[debug] [2025-06-30T04:27:55.159Z] [update-default-us-central1-testHttpFunction] Retrying task index 0
[debug] [2025-06-30T04:27:55.160Z] Checked if tokens are valid: true, expires at: 1751260621805
[debug] [2025-06-30T04:27:55.160Z] Checked if tokens are valid: true, expires at: 1751260621805
[debug] [2025-06-30T04:27:55.160Z] >>> [apiv2][query] GET https://cloudfunctions.googleapis.com/v2/projects/popchatv002/locations/us-central1/operations/operation-1751257669670-638c2734f9585-0072f9f8-120a953a [none]
[debug] [2025-06-30T04:27:55.427Z] <<< [apiv2][status] GET https://cloudfunctions.googleapis.com/v2/projects/popchatv002/locations/us-central1/operations/operation-1751257669670-638c2734f9585-0072f9f8-120a953a 200
[debug] [2025-06-30T04:27:55.427Z] <<< [apiv2][body] GET https://cloudfunctions.googleapis.com/v2/projects/popchatv002/locations/us-central1/operations/operation-1751257669670-638c2734f9585-0072f9f8-120a953a {"name":"projects/popchatv002/locations/us-central1/operations/operation-1751257669670-638c2734f9585-0072f9f8-120a953a","metadata":{"@type":"type.googleapis.com/google.cloud.functions.v2.OperationMetadata","createTime":"2025-06-30T04:27:50.440188006Z","target":"projects/popchatv002/locations/us-central1/functions/testHttpFunction","verb":"update","cancelRequested":false,"apiVersion":"v2","requestResource":{"@type":"type.googleapis.com/google.cloud.functions.v2.Function","name":"projects/popchatv002/locations/us-central1/functions/testHttpFunction","buildConfig":{"runtime":"nodejs22","entryPoint":"testHttpFunction","source":{"storageSource":{"bucket":"gcf-v2-sources-296369449480-us-central1","object":"testHttpFunction/function-source.zip","generation":"1751257670400593"}},"environmentVariables":{"GOOGLE_NODE_RUN_SCRIPTS":""},"dockerRepository":"projects/popchatv002/locations/us-central1/repositories/gcf-artifacts","sourceProvenance":{"resolvedStorageSource":{"bucket":"gcf-v2-sources-296369449480-us-central1","object":"testHttpFunction/function-source.zip","generation":"1751257038130210"}},"dockerRegistry":"ARTIFACT_REGISTRY","serviceAccount":"projects/popchatv002/serviceAccounts/296369449480-compute@developer.gserviceaccount.com","automaticUpdatePolicy":{}},"serviceConfig":{"service":"projects/popchatv002/locations/us-central1/services/testhttpfunction","timeoutSeconds":60,"environmentVariables":{"FIREBASE_CONFIG":"{\"projectId\":\"popchatv002\",\"databaseURL\":\"https://popchatv002-default-rtdb.firebaseio.com\",\"storageBucket\":\"popchatv002.firebasestorage.app\"}","GCLOUD_PROJECT":"popchatv002","EVENTARC_CLOUD_EVENT_SOURCE":"projects/popchatv002/locations/us-central1/services/testHttpFunction","FUNCTION_TARGET":"testHttpFunction","LOG_EXECUTION_ID":"true","FUNCTION_SIGNATURE_TYPE":"http"},"ingressSettings":"ALLOW_ALL","uri":"https://testhttpfunction-2zjil5azfa-uc.a.run.app","serviceAccountEmail":"296369449480-compute@developer.gserviceaccount.com","availableMemory":"256Mi","allTrafficOnLatestRevision":true,"revision":"testhttpfunction-00025-siz","maxInstanceRequestConcurrency":80,"availableCpu":"1"},"state":"ACTIVE","labels":{"deployment-tool":"cli-firebase","firebase-functions-hash":"4fb95acf971fd44e46da4433b3dd2209ba159cb9"},"environment":"GEN_2","url":"https://us-central1-popchatv002.cloudfunctions.net/testHttpFunction","satisfiesPzi":true},"stages":[{"name":"BUILD","message":"Build in progress","state":"IN_PROGRESS","resource":"projects/296369449480/locations/us-central1/builds/d3aaf7e5-a1dd-4c1f-8f40-17df48e13534","resourceUri":"https://console.cloud.google.com/cloud-build/builds;region=us-central1/d3aaf7e5-a1dd-4c1f-8f40-17df48e13534?project=296369449480"},{"name":"SERVICE","state":"NOT_STARTED"}],"operationType":"UPDATE_FUNCTION","buildName":"projects/296369449480/locations/us-central1/builds/d3aaf7e5-a1dd-4c1f-8f40-17df48e13534"},"done":false}
[debug] [2025-06-30T04:27:59.434Z] [update-default-us-central1-testHttpFunction] Retrying task index 0
[debug] [2025-06-30T04:27:59.434Z] Checked if tokens are valid: true, expires at: 1751260621805
[debug] [2025-06-30T04:27:59.434Z] Checked if tokens are valid: true, expires at: 1751260621805
[debug] [2025-06-30T04:27:59.435Z] >>> [apiv2][query] GET https://cloudfunctions.googleapis.com/v2/projects/popchatv002/locations/us-central1/operations/operation-1751257669670-638c2734f9585-0072f9f8-120a953a [none]
[debug] [2025-06-30T04:27:59.700Z] <<< [apiv2][status] GET https://cloudfunctions.googleapis.com/v2/projects/popchatv002/locations/us-central1/operations/operation-1751257669670-638c2734f9585-0072f9f8-120a953a 200
[debug] [2025-06-30T04:27:59.701Z] <<< [apiv2][body] GET https://cloudfunctions.googleapis.com/v2/projects/popchatv002/locations/us-central1/operations/operation-1751257669670-638c2734f9585-0072f9f8-120a953a {"name":"projects/popchatv002/locations/us-central1/operations/operation-1751257669670-638c2734f9585-0072f9f8-120a953a","metadata":{"@type":"type.googleapis.com/google.cloud.functions.v2.OperationMetadata","createTime":"2025-06-30T04:27:50.440188006Z","target":"projects/popchatv002/locations/us-central1/functions/testHttpFunction","verb":"update","cancelRequested":false,"apiVersion":"v2","requestResource":{"@type":"type.googleapis.com/google.cloud.functions.v2.Function","name":"projects/popchatv002/locations/us-central1/functions/testHttpFunction","buildConfig":{"runtime":"nodejs22","entryPoint":"testHttpFunction","source":{"storageSource":{"bucket":"gcf-v2-sources-296369449480-us-central1","object":"testHttpFunction/function-source.zip","generation":"1751257670400593"}},"environmentVariables":{"GOOGLE_NODE_RUN_SCRIPTS":""},"dockerRepository":"projects/popchatv002/locations/us-central1/repositories/gcf-artifacts","sourceProvenance":{"resolvedStorageSource":{"bucket":"gcf-v2-sources-296369449480-us-central1","object":"testHttpFunction/function-source.zip","generation":"1751257038130210"}},"dockerRegistry":"ARTIFACT_REGISTRY","serviceAccount":"projects/popchatv002/serviceAccounts/296369449480-compute@developer.gserviceaccount.com","automaticUpdatePolicy":{}},"serviceConfig":{"service":"projects/popchatv002/locations/us-central1/services/testhttpfunction","timeoutSeconds":60,"environmentVariables":{"FIREBASE_CONFIG":"{\"projectId\":\"popchatv002\",\"databaseURL\":\"https://popchatv002-default-rtdb.firebaseio.com\",\"storageBucket\":\"popchatv002.firebasestorage.app\"}","GCLOUD_PROJECT":"popchatv002","EVENTARC_CLOUD_EVENT_SOURCE":"projects/popchatv002/locations/us-central1/services/testHttpFunction","FUNCTION_TARGET":"testHttpFunction","LOG_EXECUTION_ID":"true","FUNCTION_SIGNATURE_TYPE":"http"},"ingressSettings":"ALLOW_ALL","uri":"https://testhttpfunction-2zjil5azfa-uc.a.run.app","serviceAccountEmail":"296369449480-compute@developer.gserviceaccount.com","availableMemory":"256Mi","allTrafficOnLatestRevision":true,"revision":"testhttpfunction-00025-siz","maxInstanceRequestConcurrency":80,"availableCpu":"1"},"state":"ACTIVE","labels":{"deployment-tool":"cli-firebase","firebase-functions-hash":"4fb95acf971fd44e46da4433b3dd2209ba159cb9"},"environment":"GEN_2","url":"https://us-central1-popchatv002.cloudfunctions.net/testHttpFunction","satisfiesPzi":true},"stages":[{"name":"BUILD","message":"Build in progress","state":"IN_PROGRESS","resource":"projects/296369449480/locations/us-central1/builds/d3aaf7e5-a1dd-4c1f-8f40-17df48e13534","resourceUri":"https://console.cloud.google.com/cloud-build/builds;region=us-central1/d3aaf7e5-a1dd-4c1f-8f40-17df48e13534?project=296369449480"},{"name":"SERVICE","state":"NOT_STARTED"}],"operationType":"UPDATE_FUNCTION","buildName":"projects/296369449480/locations/us-central1/builds/d3aaf7e5-a1dd-4c1f-8f40-17df48e13534"},"done":false}
[debug] [2025-06-30T04:28:07.713Z] [update-default-us-central1-testHttpFunction] Retrying task index 0
[debug] [2025-06-30T04:28:07.714Z] Checked if tokens are valid: true, expires at: 1751260621805
[debug] [2025-06-30T04:28:07.714Z] Checked if tokens are valid: true, expires at: 1751260621805
[debug] [2025-06-30T04:28:07.714Z] >>> [apiv2][query] GET https://cloudfunctions.googleapis.com/v2/projects/popchatv002/locations/us-central1/operations/operation-1751257669670-638c2734f9585-0072f9f8-120a953a [none]
[debug] [2025-06-30T04:28:08.085Z] <<< [apiv2][status] GET https://cloudfunctions.googleapis.com/v2/projects/popchatv002/locations/us-central1/operations/operation-1751257669670-638c2734f9585-0072f9f8-120a953a 200
[debug] [2025-06-30T04:28:08.085Z] <<< [apiv2][body] GET https://cloudfunctions.googleapis.com/v2/projects/popchatv002/locations/us-central1/operations/operation-1751257669670-638c2734f9585-0072f9f8-120a953a {"name":"projects/popchatv002/locations/us-central1/operations/operation-1751257669670-638c2734f9585-0072f9f8-120a953a","metadata":{"@type":"type.googleapis.com/google.cloud.functions.v2.OperationMetadata","createTime":"2025-06-30T04:27:50.440188006Z","target":"projects/popchatv002/locations/us-central1/functions/testHttpFunction","verb":"update","cancelRequested":false,"apiVersion":"v2","requestResource":{"@type":"type.googleapis.com/google.cloud.functions.v2.Function","name":"projects/popchatv002/locations/us-central1/functions/testHttpFunction","buildConfig":{"runtime":"nodejs22","entryPoint":"testHttpFunction","source":{"storageSource":{"bucket":"gcf-v2-sources-296369449480-us-central1","object":"testHttpFunction/function-source.zip","generation":"1751257670400593"}},"environmentVariables":{"GOOGLE_NODE_RUN_SCRIPTS":""},"dockerRepository":"projects/popchatv002/locations/us-central1/repositories/gcf-artifacts","sourceProvenance":{"resolvedStorageSource":{"bucket":"gcf-v2-sources-296369449480-us-central1","object":"testHttpFunction/function-source.zip","generation":"1751257038130210"}},"dockerRegistry":"ARTIFACT_REGISTRY","serviceAccount":"projects/popchatv002/serviceAccounts/296369449480-compute@developer.gserviceaccount.com","automaticUpdatePolicy":{}},"serviceConfig":{"service":"projects/popchatv002/locations/us-central1/services/testhttpfunction","timeoutSeconds":60,"environmentVariables":{"FIREBASE_CONFIG":"{\"projectId\":\"popchatv002\",\"databaseURL\":\"https://popchatv002-default-rtdb.firebaseio.com\",\"storageBucket\":\"popchatv002.firebasestorage.app\"}","GCLOUD_PROJECT":"popchatv002","EVENTARC_CLOUD_EVENT_SOURCE":"projects/popchatv002/locations/us-central1/services/testHttpFunction","FUNCTION_TARGET":"testHttpFunction","LOG_EXECUTION_ID":"true","FUNCTION_SIGNATURE_TYPE":"http"},"ingressSettings":"ALLOW_ALL","uri":"https://testhttpfunction-2zjil5azfa-uc.a.run.app","serviceAccountEmail":"296369449480-compute@developer.gserviceaccount.com","availableMemory":"256Mi","allTrafficOnLatestRevision":true,"revision":"testhttpfunction-00025-siz","maxInstanceRequestConcurrency":80,"availableCpu":"1"},"state":"ACTIVE","labels":{"deployment-tool":"cli-firebase","firebase-functions-hash":"4fb95acf971fd44e46da4433b3dd2209ba159cb9"},"environment":"GEN_2","url":"https://us-central1-popchatv002.cloudfunctions.net/testHttpFunction","satisfiesPzi":true},"stages":[{"name":"BUILD","message":"Build in progress","state":"IN_PROGRESS","resource":"projects/296369449480/locations/us-central1/builds/d3aaf7e5-a1dd-4c1f-8f40-17df48e13534","resourceUri":"https://console.cloud.google.com/cloud-build/builds;region=us-central1/d3aaf7e5-a1dd-4c1f-8f40-17df48e13534?project=296369449480"},{"name":"SERVICE","state":"NOT_STARTED"}],"operationType":"UPDATE_FUNCTION","buildName":"projects/296369449480/locations/us-central1/builds/d3aaf7e5-a1dd-4c1f-8f40-17df48e13534"},"done":false}
[debug] [2025-06-30T04:28:18.091Z] [update-default-us-central1-testHttpFunction] Retrying task index 0
[debug] [2025-06-30T04:28:18.091Z] Checked if tokens are valid: true, expires at: 1751260621805
[debug] [2025-06-30T04:28:18.091Z] Checked if tokens are valid: true, expires at: 1751260621805
[debug] [2025-06-30T04:28:18.092Z] >>> [apiv2][query] GET https://cloudfunctions.googleapis.com/v2/projects/popchatv002/locations/us-central1/operations/operation-1751257669670-638c2734f9585-0072f9f8-120a953a [none]
[debug] [2025-06-30T04:28:18.453Z] <<< [apiv2][status] GET https://cloudfunctions.googleapis.com/v2/projects/popchatv002/locations/us-central1/operations/operation-1751257669670-638c2734f9585-0072f9f8-120a953a 200
[debug] [2025-06-30T04:28:18.453Z] <<< [apiv2][body] GET https://cloudfunctions.googleapis.com/v2/projects/popchatv002/locations/us-central1/operations/operation-1751257669670-638c2734f9585-0072f9f8-120a953a {"name":"projects/popchatv002/locations/us-central1/operations/operation-1751257669670-638c2734f9585-0072f9f8-120a953a","metadata":{"@type":"type.googleapis.com/google.cloud.functions.v2.OperationMetadata","createTime":"2025-06-30T04:27:50.440188006Z","target":"projects/popchatv002/locations/us-central1/functions/testHttpFunction","verb":"update","cancelRequested":false,"apiVersion":"v2","requestResource":{"@type":"type.googleapis.com/google.cloud.functions.v2.Function","name":"projects/popchatv002/locations/us-central1/functions/testHttpFunction","buildConfig":{"runtime":"nodejs22","entryPoint":"testHttpFunction","source":{"storageSource":{"bucket":"gcf-v2-sources-296369449480-us-central1","object":"testHttpFunction/function-source.zip","generation":"1751257670400593"}},"environmentVariables":{"GOOGLE_NODE_RUN_SCRIPTS":""},"dockerRepository":"projects/popchatv002/locations/us-central1/repositories/gcf-artifacts","sourceProvenance":{"resolvedStorageSource":{"bucket":"gcf-v2-sources-296369449480-us-central1","object":"testHttpFunction/function-source.zip","generation":"1751257038130210"}},"dockerRegistry":"ARTIFACT_REGISTRY","serviceAccount":"projects/popchatv002/serviceAccounts/296369449480-compute@developer.gserviceaccount.com","automaticUpdatePolicy":{}},"serviceConfig":{"service":"projects/popchatv002/locations/us-central1/services/testhttpfunction","timeoutSeconds":60,"environmentVariables":{"FIREBASE_CONFIG":"{\"projectId\":\"popchatv002\",\"databaseURL\":\"https://popchatv002-default-rtdb.firebaseio.com\",\"storageBucket\":\"popchatv002.firebasestorage.app\"}","GCLOUD_PROJECT":"popchatv002","EVENTARC_CLOUD_EVENT_SOURCE":"projects/popchatv002/locations/us-central1/services/testHttpFunction","FUNCTION_TARGET":"testHttpFunction","LOG_EXECUTION_ID":"true","FUNCTION_SIGNATURE_TYPE":"http"},"ingressSettings":"ALLOW_ALL","uri":"https://testhttpfunction-2zjil5azfa-uc.a.run.app","serviceAccountEmail":"296369449480-compute@developer.gserviceaccount.com","availableMemory":"256Mi","allTrafficOnLatestRevision":true,"revision":"testhttpfunction-00025-siz","maxInstanceRequestConcurrency":80,"availableCpu":"1"},"state":"ACTIVE","labels":{"deployment-tool":"cli-firebase","firebase-functions-hash":"4fb95acf971fd44e46da4433b3dd2209ba159cb9"},"environment":"GEN_2","url":"https://us-central1-popchatv002.cloudfunctions.net/testHttpFunction","satisfiesPzi":true},"stages":[{"name":"BUILD","message":"Build in progress","state":"IN_PROGRESS","resource":"projects/296369449480/locations/us-central1/builds/d3aaf7e5-a1dd-4c1f-8f40-17df48e13534","resourceUri":"https://console.cloud.google.com/cloud-build/builds;region=us-central1/d3aaf7e5-a1dd-4c1f-8f40-17df48e13534?project=296369449480"},{"name":"SERVICE","state":"NOT_STARTED"}],"operationType":"UPDATE_FUNCTION","buildName":"projects/296369449480/locations/us-central1/builds/d3aaf7e5-a1dd-4c1f-8f40-17df48e13534"},"done":false}
[debug] [2025-06-30T04:28:28.455Z] [update-default-us-central1-testHttpFunction] Retrying task index 0
[debug] [2025-06-30T04:28:28.455Z] Checked if tokens are valid: true, expires at: 1751260621805
[debug] [2025-06-30T04:28:28.455Z] Checked if tokens are valid: true, expires at: 1751260621805
[debug] [2025-06-30T04:28:28.455Z] >>> [apiv2][query] GET https://cloudfunctions.googleapis.com/v2/projects/popchatv002/locations/us-central1/operations/operation-1751257669670-638c2734f9585-0072f9f8-120a953a [none]
[debug] [2025-06-30T04:28:28.811Z] <<< [apiv2][status] GET https://cloudfunctions.googleapis.com/v2/projects/popchatv002/locations/us-central1/operations/operation-1751257669670-638c2734f9585-0072f9f8-120a953a 200
[debug] [2025-06-30T04:28:28.811Z] <<< [apiv2][body] GET https://cloudfunctions.googleapis.com/v2/projects/popchatv002/locations/us-central1/operations/operation-1751257669670-638c2734f9585-0072f9f8-120a953a {"name":"projects/popchatv002/locations/us-central1/operations/operation-1751257669670-638c2734f9585-0072f9f8-120a953a","metadata":{"@type":"type.googleapis.com/google.cloud.functions.v2.OperationMetadata","createTime":"2025-06-30T04:27:50.440188006Z","target":"projects/popchatv002/locations/us-central1/functions/testHttpFunction","verb":"update","cancelRequested":false,"apiVersion":"v2","requestResource":{"@type":"type.googleapis.com/google.cloud.functions.v2.Function","name":"projects/popchatv002/locations/us-central1/functions/testHttpFunction","buildConfig":{"runtime":"nodejs22","entryPoint":"testHttpFunction","source":{"storageSource":{"bucket":"gcf-v2-sources-296369449480-us-central1","object":"testHttpFunction/function-source.zip","generation":"1751257670400593"}},"environmentVariables":{"GOOGLE_NODE_RUN_SCRIPTS":""},"dockerRepository":"projects/popchatv002/locations/us-central1/repositories/gcf-artifacts","sourceProvenance":{"resolvedStorageSource":{"bucket":"gcf-v2-sources-296369449480-us-central1","object":"testHttpFunction/function-source.zip","generation":"1751257038130210"}},"dockerRegistry":"ARTIFACT_REGISTRY","serviceAccount":"projects/popchatv002/serviceAccounts/296369449480-compute@developer.gserviceaccount.com","automaticUpdatePolicy":{}},"serviceConfig":{"service":"projects/popchatv002/locations/us-central1/services/testhttpfunction","timeoutSeconds":60,"environmentVariables":{"FIREBASE_CONFIG":"{\"projectId\":\"popchatv002\",\"databaseURL\":\"https://popchatv002-default-rtdb.firebaseio.com\",\"storageBucket\":\"popchatv002.firebasestorage.app\"}","GCLOUD_PROJECT":"popchatv002","EVENTARC_CLOUD_EVENT_SOURCE":"projects/popchatv002/locations/us-central1/services/testHttpFunction","FUNCTION_TARGET":"testHttpFunction","LOG_EXECUTION_ID":"true","FUNCTION_SIGNATURE_TYPE":"http"},"ingressSettings":"ALLOW_ALL","uri":"https://testhttpfunction-2zjil5azfa-uc.a.run.app","serviceAccountEmail":"296369449480-compute@developer.gserviceaccount.com","availableMemory":"256Mi","allTrafficOnLatestRevision":true,"revision":"testhttpfunction-00025-siz","maxInstanceRequestConcurrency":80,"availableCpu":"1"},"state":"ACTIVE","labels":{"deployment-tool":"cli-firebase","firebase-functions-hash":"4fb95acf971fd44e46da4433b3dd2209ba159cb9"},"environment":"GEN_2","url":"https://us-central1-popchatv002.cloudfunctions.net/testHttpFunction","satisfiesPzi":true},"stages":[{"name":"BUILD","message":"Build in progress","state":"IN_PROGRESS","resource":"projects/296369449480/locations/us-central1/builds/d3aaf7e5-a1dd-4c1f-8f40-17df48e13534","resourceUri":"https://console.cloud.google.com/cloud-build/builds;region=us-central1/d3aaf7e5-a1dd-4c1f-8f40-17df48e13534?project=296369449480"},{"name":"SERVICE","state":"NOT_STARTED"}],"operationType":"UPDATE_FUNCTION","buildName":"projects/296369449480/locations/us-central1/builds/d3aaf7e5-a1dd-4c1f-8f40-17df48e13534"},"done":false}
[debug] [2025-06-30T04:28:38.814Z] [update-default-us-central1-testHttpFunction] Retrying task index 0
[debug] [2025-06-30T04:28:38.814Z] Checked if tokens are valid: true, expires at: 1751260621805
[debug] [2025-06-30T04:28:38.815Z] Checked if tokens are valid: true, expires at: 1751260621805
[debug] [2025-06-30T04:28:38.815Z] >>> [apiv2][query] GET https://cloudfunctions.googleapis.com/v2/projects/popchatv002/locations/us-central1/operations/operation-1751257669670-638c2734f9585-0072f9f8-120a953a [none]
[debug] [2025-06-30T04:28:39.196Z] <<< [apiv2][status] GET https://cloudfunctions.googleapis.com/v2/projects/popchatv002/locations/us-central1/operations/operation-1751257669670-638c2734f9585-0072f9f8-120a953a 200
[debug] [2025-06-30T04:28:39.197Z] <<< [apiv2][body] GET https://cloudfunctions.googleapis.com/v2/projects/popchatv002/locations/us-central1/operations/operation-1751257669670-638c2734f9585-0072f9f8-120a953a {"name":"projects/popchatv002/locations/us-central1/operations/operation-1751257669670-638c2734f9585-0072f9f8-120a953a","metadata":{"@type":"type.googleapis.com/google.cloud.functions.v2.OperationMetadata","createTime":"2025-06-30T04:27:50.440188006Z","target":"projects/popchatv002/locations/us-central1/functions/testHttpFunction","verb":"update","cancelRequested":false,"apiVersion":"v2","requestResource":{"@type":"type.googleapis.com/google.cloud.functions.v2.Function","name":"projects/popchatv002/locations/us-central1/functions/testHttpFunction","buildConfig":{"runtime":"nodejs22","entryPoint":"testHttpFunction","source":{"storageSource":{"bucket":"gcf-v2-sources-296369449480-us-central1","object":"testHttpFunction/function-source.zip","generation":"1751257670400593"}},"environmentVariables":{"GOOGLE_NODE_RUN_SCRIPTS":""},"dockerRepository":"projects/popchatv002/locations/us-central1/repositories/gcf-artifacts","sourceProvenance":{"resolvedStorageSource":{"bucket":"gcf-v2-sources-296369449480-us-central1","object":"testHttpFunction/function-source.zip","generation":"1751257038130210"}},"dockerRegistry":"ARTIFACT_REGISTRY","serviceAccount":"projects/popchatv002/serviceAccounts/296369449480-compute@developer.gserviceaccount.com","automaticUpdatePolicy":{}},"serviceConfig":{"service":"projects/popchatv002/locations/us-central1/services/testhttpfunction","timeoutSeconds":60,"environmentVariables":{"FIREBASE_CONFIG":"{\"projectId\":\"popchatv002\",\"databaseURL\":\"https://popchatv002-default-rtdb.firebaseio.com\",\"storageBucket\":\"popchatv002.firebasestorage.app\"}","GCLOUD_PROJECT":"popchatv002","EVENTARC_CLOUD_EVENT_SOURCE":"projects/popchatv002/locations/us-central1/services/testHttpFunction","FUNCTION_TARGET":"testHttpFunction","LOG_EXECUTION_ID":"true","FUNCTION_SIGNATURE_TYPE":"http"},"ingressSettings":"ALLOW_ALL","uri":"https://testhttpfunction-2zjil5azfa-uc.a.run.app","serviceAccountEmail":"296369449480-compute@developer.gserviceaccount.com","availableMemory":"256Mi","allTrafficOnLatestRevision":true,"revision":"testhttpfunction-00025-siz","maxInstanceRequestConcurrency":80,"availableCpu":"1"},"state":"ACTIVE","labels":{"deployment-tool":"cli-firebase","firebase-functions-hash":"4fb95acf971fd44e46da4433b3dd2209ba159cb9"},"environment":"GEN_2","url":"https://us-central1-popchatv002.cloudfunctions.net/testHttpFunction","satisfiesPzi":true},"stages":[{"name":"BUILD","message":"Build finished","state":"COMPLETE","resource":"projects/296369449480/locations/us-central1/builds/d3aaf7e5-a1dd-4c1f-8f40-17df48e13534","resourceUri":"https://console.cloud.google.com/cloud-build/builds;region=us-central1/d3aaf7e5-a1dd-4c1f-8f40-17df48e13534?project=296369449480"},{"name":"SERVICE","message":"Updating Cloud Run service","state":"IN_PROGRESS","resource":"projects/popchatv002/locations/us-central1/services/testhttpfunction","resourceUri":"https://console.cloud.google.com/run/detail/us-central1/testhttpfunction?project=popchatv002","stateMessages":[{"severity":"INFO","type":"CloudRunServiceNewRevisionTrafficInfo","message":"A new revision will be deployed serving with 100% traffic."}]}],"sourceToken":"Cldwcm9qZWN0cy8yOTYzNjk0NDk0ODAvbG9jYXRpb25zL3VzLWNlbnRyYWwxL2J1aWxkcy9kM2FhZjdlNS1hMWRkLTRjMWYtOGY0MC0xN2RmNDhlMTM1MzQSbHVzLWNlbnRyYWwxLWRvY2tlci5wa2cuZGV2L3BvcGNoYXR2MDAyL2djZi1hcnRpZmFjdHMvcG9wY2hhdHYwMDJfX3VzLS1jZW50cmFsMV9fdGVzdF9odHRwX2Z1bmN0aW9uOnZlcnNpb25fMRiI1PuH0AgiRXByb2plY3RzL3BvcGNoYXR2MDAyL2xvY2F0aW9ucy91cy1jZW50cmFsMS9mdW5jdGlvbnMvdGVzdEh0dHBGdW5jdGlvbioMCPOkiMMGENCd2b8BMghub2RlanMyMjp2CiNnY3IuaW8vZ2FlLXJ1bnRpbWVzL25vZGVqczIyOnN0YWJsZRJPdXMtY2VudHJhbDEtZG9ja2VyLnBrZy5kZXYvc2VydmVybGVzcy1ydW50aW1lcy9nb29nbGUtMjItZnVsbC9ydW50aW1lcy9ub2RlanMyMkAB","operationType":"UPDATE_FUNCTION","buildName":"projects/296369449480/locations/us-central1/builds/d3aaf7e5-a1dd-4c1f-8f40-17df48e13534"},"done":false}
[debug] [2025-06-30T04:28:39.197Z] Got source token Cldwcm9qZWN0cy8yOTYzNjk0NDk0ODAvbG9jYXRpb25zL3VzLWNlbnRyYWwxL2J1aWxkcy9kM2FhZjdlNS1hMWRkLTRjMWYtOGY0MC0xN2RmNDhlMTM1MzQSbHVzLWNlbnRyYWwxLWRvY2tlci5wa2cuZGV2L3BvcGNoYXR2MDAyL2djZi1hcnRpZmFjdHMvcG9wY2hhdHYwMDJfX3VzLS1jZW50cmFsMV9fdGVzdF9odHRwX2Z1bmN0aW9uOnZlcnNpb25fMRiI1PuH0AgiRXByb2plY3RzL3BvcGNoYXR2MDAyL2xvY2F0aW9ucy91cy1jZW50cmFsMS9mdW5jdGlvbnMvdGVzdEh0dHBGdW5jdGlvbioMCPOkiMMGENCd2b8BMghub2RlanMyMjp2CiNnY3IuaW8vZ2FlLXJ1bnRpbWVzL25vZGVqczIyOnN0YWJsZRJPdXMtY2VudHJhbDEtZG9ja2VyLnBrZy5kZXYvc2VydmVybGVzcy1ydW50aW1lcy9nb29nbGUtMjItZnVsbC9ydW50aW1lcy9ub2RlanMyMkAB for region us-central1
[debug] [2025-06-30T04:28:39.197Z] Checked if tokens are valid: true, expires at: 1751260621805
[debug] [2025-06-30T04:28:39.197Z] Checked if tokens are valid: true, expires at: 1751260621805
[debug] [2025-06-30T04:28:39.197Z] Checked if tokens are valid: true, expires at: 1751260621805
[debug] [2025-06-30T04:28:39.197Z] Checked if tokens are valid: true, expires at: 1751260621805
[debug] [2025-06-30T04:28:39.197Z] Checked if tokens are valid: true, expires at: 1751260621805
[debug] [2025-06-30T04:28:39.198Z] Checked if tokens are valid: true, expires at: 1751260621805
[debug] [2025-06-30T04:28:39.198Z] Checked if tokens are valid: true, expires at: 1751260621805
[debug] [2025-06-30T04:28:39.198Z] Checked if tokens are valid: true, expires at: 1751260621805
[debug] [2025-06-30T04:28:39.198Z] Checked if tokens are valid: true, expires at: 1751260621805
[debug] [2025-06-30T04:28:39.198Z] Checked if tokens are valid: true, expires at: 1751260621805
[debug] [2025-06-30T04:28:39.198Z] Checked if tokens are valid: true, expires at: 1751260621805
[debug] [2025-06-30T04:28:39.198Z] Checked if tokens are valid: true, expires at: 1751260621805
[debug] [2025-06-30T04:28:39.198Z] Checked if tokens are valid: true, expires at: 1751260621805
[debug] [2025-06-30T04:28:39.198Z] Checked if tokens are valid: true, expires at: 1751260621805
[debug] [2025-06-30T04:28:39.198Z] Checked if tokens are valid: true, expires at: 1751260621805
[debug] [2025-06-30T04:28:39.198Z] Checked if tokens are valid: true, expires at: 1751260621805
[debug] [2025-06-30T04:28:39.199Z] Checked if tokens are valid: true, expires at: 1751260621805
[debug] [2025-06-30T04:28:39.199Z] Checked if tokens are valid: true, expires at: 1751260621805
[debug] [2025-06-30T04:28:39.199Z] Checked if tokens are valid: true, expires at: 1751260621805
[debug] [2025-06-30T04:28:39.199Z] Checked if tokens are valid: true, expires at: 1751260621805
[debug] [2025-06-30T04:28:39.199Z] Checked if tokens are valid: true, expires at: 1751260621805
[debug] [2025-06-30T04:28:39.199Z] Checked if tokens are valid: true, expires at: 1751260621805
[debug] [2025-06-30T04:28:39.199Z] Checked if tokens are valid: true, expires at: 1751260621805
[debug] [2025-06-30T04:28:39.199Z] Checked if tokens are valid: true, expires at: 1751260621805
[debug] [2025-06-30T04:28:39.199Z] >>> [apiv2][query] PATCH https://cloudfunctions.googleapis.com/v2/projects/popchatv002/locations/us-central1/functions/writeToDatabase updateMask=name%2CbuildConfig.runtime%2CbuildConfig.entryPoint%2CbuildConfig.source.storageSource.bucket%2CbuildConfig.source.storageSource.object%2CbuildConfig.environmentVariables%2CbuildConfig.sourceToken%2CserviceConfig.environmentVariables%2CserviceConfig.ingressSettings%2CserviceConfig.timeoutSeconds%2CserviceConfig.serviceAccountEmail%2CserviceConfig.availableMemory%2CserviceConfig.minInstanceCount%2CserviceConfig.maxInstanceCount%2CserviceConfig.maxInstanceRequestConcurrency%2CserviceConfig.availableCpu%2CserviceConfig.vpcConnector%2CserviceConfig.vpcConnectorEgressSettings%2Clabels
[debug] [2025-06-30T04:28:39.200Z] >>> [apiv2][body] PATCH https://cloudfunctions.googleapis.com/v2/projects/popchatv002/locations/us-central1/functions/writeToDatabase {"name":"projects/popchatv002/locations/us-central1/functions/writeToDatabase","buildConfig":{"runtime":"nodejs22","entryPoint":"writeToDatabase","source":{"storageSource":{"bucket":"gcf-v2-uploads-296369449480.us-central1.cloudfunctions.appspot.com","object":"cfae441d-6691-411a-bab1-d2f8da2a0273.zip"}},"environmentVariables":{"GOOGLE_NODE_RUN_SCRIPTS":""},"sourceToken":"Cldwcm9qZWN0cy8yOTYzNjk0NDk0ODAvbG9jYXRpb25zL3VzLWNlbnRyYWwxL2J1aWxkcy9kM2FhZjdlNS1hMWRkLTRjMWYtOGY0MC0xN2RmNDhlMTM1MzQSbHVzLWNlbnRyYWwxLWRvY2tlci5wa2cuZGV2L3BvcGNoYXR2MDAyL2djZi1hcnRpZmFjdHMvcG9wY2hhdHYwMDJfX3VzLS1jZW50cmFsMV9fdGVzdF9odHRwX2Z1bmN0aW9uOnZlcnNpb25fMRiI1PuH0AgiRXByb2plY3RzL3BvcGNoYXR2MDAyL2xvY2F0aW9ucy91cy1jZW50cmFsMS9mdW5jdGlvbnMvdGVzdEh0dHBGdW5jdGlvbioMCPOkiMMGENCd2b8BMghub2RlanMyMjp2CiNnY3IuaW8vZ2FlLXJ1bnRpbWVzL25vZGVqczIyOnN0YWJsZRJPdXMtY2VudHJhbDEtZG9ja2VyLnBrZy5kZXYvc2VydmVybGVzcy1ydW50aW1lcy9nb29nbGUtMjItZnVsbC9ydW50aW1lcy9ub2RlanMyMkAB"},"serviceConfig":{"environmentVariables":{"FIREBASE_CONFIG":"{\"projectId\":\"popchatv002\",\"databaseURL\":\"https://popchatv002-default-rtdb.firebaseio.com\",\"storageBucket\":\"popchatv002.firebasestorage.app\"}","GCLOUD_PROJECT":"popchatv002","EVENTARC_CLOUD_EVENT_SOURCE":"projects/popchatv002/locations/us-central1/services/writeToDatabase","FUNCTION_TARGET":"writeToDatabase","LOG_EXECUTION_ID":"true","FUNCTION_SIGNATURE_TYPE":"http"},"ingressSettings":null,"timeoutSeconds":null,"serviceAccountEmail":null,"availableMemory":"256Mi","minInstanceCount":null,"maxInstanceCount":null,"maxInstanceRequestConcurrency":80,"availableCpu":"1","vpcConnector":null,"vpcConnectorEgressSettings":null},"labels":{"deployment-tool":"cli-firebase","firebase-functions-hash":"4fb95acf971fd44e46da4433b3dd2209ba159cb9"}}
[debug] [2025-06-30T04:28:39.200Z] >>> [apiv2][query] PATCH https://cloudfunctions.googleapis.com/v2/projects/popchatv002/locations/us-central1/functions/addUserStatus updateMask=name%2CbuildConfig.runtime%2CbuildConfig.entryPoint%2CbuildConfig.source.storageSource.bucket%2CbuildConfig.source.storageSource.object%2CbuildConfig.environmentVariables%2CbuildConfig.sourceToken%2CserviceConfig.environmentVariables%2CserviceConfig.ingressSettings%2CserviceConfig.timeoutSeconds%2CserviceConfig.serviceAccountEmail%2CserviceConfig.availableMemory%2CserviceConfig.minInstanceCount%2CserviceConfig.maxInstanceCount%2CserviceConfig.maxInstanceRequestConcurrency%2CserviceConfig.availableCpu%2CserviceConfig.vpcConnector%2CserviceConfig.vpcConnectorEgressSettings%2Clabels
[debug] [2025-06-30T04:28:39.200Z] >>> [apiv2][body] PATCH https://cloudfunctions.googleapis.com/v2/projects/popchatv002/locations/us-central1/functions/addUserStatus {"name":"projects/popchatv002/locations/us-central1/functions/addUserStatus","buildConfig":{"runtime":"nodejs22","entryPoint":"addUserStatus","source":{"storageSource":{"bucket":"gcf-v2-uploads-296369449480.us-central1.cloudfunctions.appspot.com","object":"cfae441d-6691-411a-bab1-d2f8da2a0273.zip"}},"environmentVariables":{"GOOGLE_NODE_RUN_SCRIPTS":""},"sourceToken":"Cldwcm9qZWN0cy8yOTYzNjk0NDk0ODAvbG9jYXRpb25zL3VzLWNlbnRyYWwxL2J1aWxkcy9kM2FhZjdlNS1hMWRkLTRjMWYtOGY0MC0xN2RmNDhlMTM1MzQSbHVzLWNlbnRyYWwxLWRvY2tlci5wa2cuZGV2L3BvcGNoYXR2MDAyL2djZi1hcnRpZmFjdHMvcG9wY2hhdHYwMDJfX3VzLS1jZW50cmFsMV9fdGVzdF9odHRwX2Z1bmN0aW9uOnZlcnNpb25fMRiI1PuH0AgiRXByb2plY3RzL3BvcGNoYXR2MDAyL2xvY2F0aW9ucy91cy1jZW50cmFsMS9mdW5jdGlvbnMvdGVzdEh0dHBGdW5jdGlvbioMCPOkiMMGENCd2b8BMghub2RlanMyMjp2CiNnY3IuaW8vZ2FlLXJ1bnRpbWVzL25vZGVqczIyOnN0YWJsZRJPdXMtY2VudHJhbDEtZG9ja2VyLnBrZy5kZXYvc2VydmVybGVzcy1ydW50aW1lcy9nb29nbGUtMjItZnVsbC9ydW50aW1lcy9ub2RlanMyMkAB"},"serviceConfig":{"environmentVariables":{"FIREBASE_CONFIG":"{\"projectId\":\"popchatv002\",\"databaseURL\":\"https://popchatv002-default-rtdb.firebaseio.com\",\"storageBucket\":\"popchatv002.firebasestorage.app\"}","GCLOUD_PROJECT":"popchatv002","EVENTARC_CLOUD_EVENT_SOURCE":"projects/popchatv002/locations/us-central1/services/addUserStatus","FUNCTION_TARGET":"addUserStatus","LOG_EXECUTION_ID":"true","FUNCTION_SIGNATURE_TYPE":"http"},"ingressSettings":null,"timeoutSeconds":null,"serviceAccountEmail":null,"availableMemory":"256Mi","minInstanceCount":null,"maxInstanceCount":null,"maxInstanceRequestConcurrency":80,"availableCpu":"1","vpcConnector":null,"vpcConnectorEgressSettings":null},"labels":{"deployment-tool":"cli-firebase","firebase-functions-hash":"4fb95acf971fd44e46da4433b3dd2209ba159cb9"}}
[debug] [2025-06-30T04:28:39.202Z] >>> [apiv2][query] PATCH https://cloudfunctions.googleapis.com/v2/projects/popchatv002/locations/us-central1/functions/trackUserSessionCreate updateMask=name%2CbuildConfig.runtime%2CbuildConfig.entryPoint%2CbuildConfig.source.storageSource.bucket%2CbuildConfig.source.storageSource.object%2CbuildConfig.environmentVariables%2CbuildConfig.sourceToken%2CserviceConfig.environmentVariables%2CserviceConfig.ingressSettings%2CserviceConfig.timeoutSeconds%2CserviceConfig.serviceAccountEmail%2CserviceConfig.availableMemory%2CserviceConfig.minInstanceCount%2CserviceConfig.maxInstanceCount%2CserviceConfig.maxInstanceRequestConcurrency%2CserviceConfig.availableCpu%2CserviceConfig.vpcConnector%2CserviceConfig.vpcConnectorEgressSettings%2Clabels%2CeventTrigger.eventType%2CeventTrigger.retryPolicy%2CeventTrigger.eventFilters%2CeventTrigger.triggerRegion
[debug] [2025-06-30T04:28:39.202Z] >>> [apiv2][body] PATCH https://cloudfunctions.googleapis.com/v2/projects/popchatv002/locations/us-central1/functions/trackUserSessionCreate {"name":"projects/popchatv002/locations/us-central1/functions/trackUserSessionCreate","buildConfig":{"runtime":"nodejs22","entryPoint":"trackUserSessionCreate","source":{"storageSource":{"bucket":"gcf-v2-uploads-296369449480.us-central1.cloudfunctions.appspot.com","object":"cfae441d-6691-411a-bab1-d2f8da2a0273.zip"}},"environmentVariables":{"GOOGLE_NODE_RUN_SCRIPTS":""},"sourceToken":"Cldwcm9qZWN0cy8yOTYzNjk0NDk0ODAvbG9jYXRpb25zL3VzLWNlbnRyYWwxL2J1aWxkcy9kM2FhZjdlNS1hMWRkLTRjMWYtOGY0MC0xN2RmNDhlMTM1MzQSbHVzLWNlbnRyYWwxLWRvY2tlci5wa2cuZGV2L3BvcGNoYXR2MDAyL2djZi1hcnRpZmFjdHMvcG9wY2hhdHYwMDJfX3VzLS1jZW50cmFsMV9fdGVzdF9odHRwX2Z1bmN0aW9uOnZlcnNpb25fMRiI1PuH0AgiRXByb2plY3RzL3BvcGNoYXR2MDAyL2xvY2F0aW9ucy91cy1jZW50cmFsMS9mdW5jdGlvbnMvdGVzdEh0dHBGdW5jdGlvbioMCPOkiMMGENCd2b8BMghub2RlanMyMjp2CiNnY3IuaW8vZ2FlLXJ1bnRpbWVzL25vZGVqczIyOnN0YWJsZRJPdXMtY2VudHJhbDEtZG9ja2VyLnBrZy5kZXYvc2VydmVybGVzcy1ydW50aW1lcy9nb29nbGUtMjItZnVsbC9ydW50aW1lcy9ub2RlanMyMkAB"},"serviceConfig":{"environmentVariables":{"FIREBASE_CONFIG":"{\"projectId\":\"popchatv002\",\"databaseURL\":\"https://popchatv002-default-rtdb.firebaseio.com\",\"storageBucket\":\"popchatv002.firebasestorage.app\"}","GCLOUD_PROJECT":"popchatv002","EVENTARC_CLOUD_EVENT_SOURCE":"projects/popchatv002/locations/us-central1/services/trackUserSessionCreate","FUNCTION_SIGNATURE_TYPE":"cloudevent","FUNCTION_TARGET":"trackUserSessionCreate","LOG_EXECUTION_ID":"true"},"ingressSettings":null,"timeoutSeconds":null,"serviceAccountEmail":null,"availableMemory":"256Mi","minInstanceCount":null,"maxInstanceCount":null,"maxInstanceRequestConcurrency":80,"availableCpu":"1","vpcConnector":null,"vpcConnectorEgressSettings":null},"labels":{"deployment-tool":"cli-firebase","firebase-functions-hash":"4fb95acf971fd44e46da4433b3dd2209ba159cb9"},"eventTrigger":{"eventType":"google.firebase.database.ref.v1.created","retryPolicy":"RETRY_POLICY_DO_NOT_RETRY","eventFilters":[{"attribute":"ref","value":"status/{userId}","operator":"match-path-pattern"},{"attribute":"instance","value":"*","operator":"match-path-pattern"}],"triggerRegion":"us-central1"}}
[debug] [2025-06-30T04:28:39.204Z] >>> [apiv2][query] PATCH https://cloudfunctions.googleapis.com/v2/projects/popchatv002/locations/us-central1/functions/trackUserSessionDelete updateMask=name%2CbuildConfig.runtime%2CbuildConfig.entryPoint%2CbuildConfig.source.storageSource.bucket%2CbuildConfig.source.storageSource.object%2CbuildConfig.environmentVariables%2CbuildConfig.sourceToken%2CserviceConfig.environmentVariables%2CserviceConfig.ingressSettings%2CserviceConfig.timeoutSeconds%2CserviceConfig.serviceAccountEmail%2CserviceConfig.availableMemory%2CserviceConfig.minInstanceCount%2CserviceConfig.maxInstanceCount%2CserviceConfig.maxInstanceRequestConcurrency%2CserviceConfig.availableCpu%2CserviceConfig.vpcConnector%2CserviceConfig.vpcConnectorEgressSettings%2Clabels%2CeventTrigger.eventType%2CeventTrigger.retryPolicy%2CeventTrigger.eventFilters%2CeventTrigger.triggerRegion
[debug] [2025-06-30T04:28:39.204Z] >>> [apiv2][body] PATCH https://cloudfunctions.googleapis.com/v2/projects/popchatv002/locations/us-central1/functions/trackUserSessionDelete {"name":"projects/popchatv002/locations/us-central1/functions/trackUserSessionDelete","buildConfig":{"runtime":"nodejs22","entryPoint":"trackUserSessionDelete","source":{"storageSource":{"bucket":"gcf-v2-uploads-296369449480.us-central1.cloudfunctions.appspot.com","object":"cfae441d-6691-411a-bab1-d2f8da2a0273.zip"}},"environmentVariables":{"GOOGLE_NODE_RUN_SCRIPTS":""},"sourceToken":"Cldwcm9qZWN0cy8yOTYzNjk0NDk0ODAvbG9jYXRpb25zL3VzLWNlbnRyYWwxL2J1aWxkcy9kM2FhZjdlNS1hMWRkLTRjMWYtOGY0MC0xN2RmNDhlMTM1MzQSbHVzLWNlbnRyYWwxLWRvY2tlci5wa2cuZGV2L3BvcGNoYXR2MDAyL2djZi1hcnRpZmFjdHMvcG9wY2hhdHYwMDJfX3VzLS1jZW50cmFsMV9fdGVzdF9odHRwX2Z1bmN0aW9uOnZlcnNpb25fMRiI1PuH0AgiRXByb2plY3RzL3BvcGNoYXR2MDAyL2xvY2F0aW9ucy91cy1jZW50cmFsMS9mdW5jdGlvbnMvdGVzdEh0dHBGdW5jdGlvbioMCPOkiMMGENCd2b8BMghub2RlanMyMjp2CiNnY3IuaW8vZ2FlLXJ1bnRpbWVzL25vZGVqczIyOnN0YWJsZRJPdXMtY2VudHJhbDEtZG9ja2VyLnBrZy5kZXYvc2VydmVybGVzcy1ydW50aW1lcy9nb29nbGUtMjItZnVsbC9ydW50aW1lcy9ub2RlanMyMkAB"},"serviceConfig":{"environmentVariables":{"FIREBASE_CONFIG":"{\"projectId\":\"popchatv002\",\"databaseURL\":\"https://popchatv002-default-rtdb.firebaseio.com\",\"storageBucket\":\"popchatv002.firebasestorage.app\"}","GCLOUD_PROJECT":"popchatv002","EVENTARC_CLOUD_EVENT_SOURCE":"projects/popchatv002/locations/us-central1/services/trackUserSessionDelete","FUNCTION_SIGNATURE_TYPE":"cloudevent","FUNCTION_TARGET":"trackUserSessionDelete","LOG_EXECUTION_ID":"true"},"ingressSettings":null,"timeoutSeconds":null,"serviceAccountEmail":null,"availableMemory":"256Mi","minInstanceCount":null,"maxInstanceCount":null,"maxInstanceRequestConcurrency":80,"availableCpu":"1","vpcConnector":null,"vpcConnectorEgressSettings":null},"labels":{"deployment-tool":"cli-firebase","firebase-functions-hash":"4fb95acf971fd44e46da4433b3dd2209ba159cb9"},"eventTrigger":{"eventType":"google.firebase.database.ref.v1.deleted","retryPolicy":"RETRY_POLICY_DO_NOT_RETRY","eventFilters":[{"attribute":"ref","value":"status/{userId}","operator":"match-path-pattern"},{"attribute":"instance","value":"*","operator":"match-path-pattern"}],"triggerRegion":"us-central1"}}
[debug] [2025-06-30T04:28:39.206Z] >>> [apiv2][query] PATCH https://cloudfunctions.googleapis.com/v2/projects/popchatv002/locations/us-central1/functions/telegramWebhook updateMask=name%2CbuildConfig.runtime%2CbuildConfig.entryPoint%2CbuildConfig.source.storageSource.bucket%2CbuildConfig.source.storageSource.object%2CbuildConfig.environmentVariables%2CbuildConfig.sourceToken%2CserviceConfig.environmentVariables%2CserviceConfig.ingressSettings%2CserviceConfig.timeoutSeconds%2CserviceConfig.serviceAccountEmail%2CserviceConfig.availableMemory%2CserviceConfig.minInstanceCount%2CserviceConfig.maxInstanceCount%2CserviceConfig.maxInstanceRequestConcurrency%2CserviceConfig.availableCpu%2CserviceConfig.vpcConnector%2CserviceConfig.vpcConnectorEgressSettings%2Clabels
[debug] [2025-06-30T04:28:39.206Z] >>> [apiv2][body] PATCH https://cloudfunctions.googleapis.com/v2/projects/popchatv002/locations/us-central1/functions/telegramWebhook {"name":"projects/popchatv002/locations/us-central1/functions/telegramWebhook","buildConfig":{"runtime":"nodejs22","entryPoint":"telegramWebhook","source":{"storageSource":{"bucket":"gcf-v2-uploads-296369449480.us-central1.cloudfunctions.appspot.com","object":"cfae441d-6691-411a-bab1-d2f8da2a0273.zip"}},"environmentVariables":{"GOOGLE_NODE_RUN_SCRIPTS":""},"sourceToken":"Cldwcm9qZWN0cy8yOTYzNjk0NDk0ODAvbG9jYXRpb25zL3VzLWNlbnRyYWwxL2J1aWxkcy9kM2FhZjdlNS1hMWRkLTRjMWYtOGY0MC0xN2RmNDhlMTM1MzQSbHVzLWNlbnRyYWwxLWRvY2tlci5wa2cuZGV2L3BvcGNoYXR2MDAyL2djZi1hcnRpZmFjdHMvcG9wY2hhdHYwMDJfX3VzLS1jZW50cmFsMV9fdGVzdF9odHRwX2Z1bmN0aW9uOnZlcnNpb25fMRiI1PuH0AgiRXByb2plY3RzL3BvcGNoYXR2MDAyL2xvY2F0aW9ucy91cy1jZW50cmFsMS9mdW5jdGlvbnMvdGVzdEh0dHBGdW5jdGlvbioMCPOkiMMGENCd2b8BMghub2RlanMyMjp2CiNnY3IuaW8vZ2FlLXJ1bnRpbWVzL25vZGVqczIyOnN0YWJsZRJPdXMtY2VudHJhbDEtZG9ja2VyLnBrZy5kZXYvc2VydmVybGVzcy1ydW50aW1lcy9nb29nbGUtMjItZnVsbC9ydW50aW1lcy9ub2RlanMyMkAB"},"serviceConfig":{"environmentVariables":{"FIREBASE_CONFIG":"{\"projectId\":\"popchatv002\",\"databaseURL\":\"https://popchatv002-default-rtdb.firebaseio.com\",\"storageBucket\":\"popchatv002.firebasestorage.app\"}","GCLOUD_PROJECT":"popchatv002","EVENTARC_CLOUD_EVENT_SOURCE":"projects/popchatv002/locations/us-central1/services/telegramWebhook","FUNCTION_TARGET":"telegramWebhook","LOG_EXECUTION_ID":"true","FUNCTION_SIGNATURE_TYPE":"http"},"ingressSettings":null,"timeoutSeconds":null,"serviceAccountEmail":null,"availableMemory":"256Mi","minInstanceCount":null,"maxInstanceCount":null,"maxInstanceRequestConcurrency":80,"availableCpu":"1","vpcConnector":null,"vpcConnectorEgressSettings":null},"labels":{"deployment-tool":"cli-firebase","firebase-functions-hash":"4fb95acf971fd44e46da4433b3dd2209ba159cb9"}}
[debug] [2025-06-30T04:28:39.207Z] >>> [apiv2][query] PATCH https://cloudfunctions.googleapis.com/v2/projects/popchatv002/locations/us-central1/functions/testScheduledFunction updateMask=name%2CbuildConfig.runtime%2CbuildConfig.entryPoint%2CbuildConfig.source.storageSource.bucket%2CbuildConfig.source.storageSource.object%2CbuildConfig.environmentVariables%2CbuildConfig.sourceToken%2CserviceConfig.environmentVariables%2CserviceConfig.ingressSettings%2CserviceConfig.timeoutSeconds%2CserviceConfig.serviceAccountEmail%2CserviceConfig.availableMemory%2CserviceConfig.minInstanceCount%2CserviceConfig.maxInstanceCount%2CserviceConfig.maxInstanceRequestConcurrency%2CserviceConfig.availableCpu%2CserviceConfig.vpcConnector%2CserviceConfig.vpcConnectorEgressSettings%2Clabels
[debug] [2025-06-30T04:28:39.207Z] >>> [apiv2][body] PATCH https://cloudfunctions.googleapis.com/v2/projects/popchatv002/locations/us-central1/functions/testScheduledFunction {"name":"projects/popchatv002/locations/us-central1/functions/testScheduledFunction","buildConfig":{"runtime":"nodejs22","entryPoint":"testScheduledFunction","source":{"storageSource":{"bucket":"gcf-v2-uploads-296369449480.us-central1.cloudfunctions.appspot.com","object":"cfae441d-6691-411a-bab1-d2f8da2a0273.zip"}},"environmentVariables":{"GOOGLE_NODE_RUN_SCRIPTS":""},"sourceToken":"Cldwcm9qZWN0cy8yOTYzNjk0NDk0ODAvbG9jYXRpb25zL3VzLWNlbnRyYWwxL2J1aWxkcy9kM2FhZjdlNS1hMWRkLTRjMWYtOGY0MC0xN2RmNDhlMTM1MzQSbHVzLWNlbnRyYWwxLWRvY2tlci5wa2cuZGV2L3BvcGNoYXR2MDAyL2djZi1hcnRpZmFjdHMvcG9wY2hhdHYwMDJfX3VzLS1jZW50cmFsMV9fdGVzdF9odHRwX2Z1bmN0aW9uOnZlcnNpb25fMRiI1PuH0AgiRXByb2plY3RzL3BvcGNoYXR2MDAyL2xvY2F0aW9ucy91cy1jZW50cmFsMS9mdW5jdGlvbnMvdGVzdEh0dHBGdW5jdGlvbioMCPOkiMMGENCd2b8BMghub2RlanMyMjp2CiNnY3IuaW8vZ2FlLXJ1bnRpbWVzL25vZGVqczIyOnN0YWJsZRJPdXMtY2VudHJhbDEtZG9ja2VyLnBrZy5kZXYvc2VydmVybGVzcy1ydW50aW1lcy9nb29nbGUtMjItZnVsbC9ydW50aW1lcy9ub2RlanMyMkAB"},"serviceConfig":{"environmentVariables":{"FIREBASE_CONFIG":"{\"projectId\":\"popchatv002\",\"databaseURL\":\"https://popchatv002-default-rtdb.firebaseio.com\",\"storageBucket\":\"popchatv002.firebasestorage.app\"}","GCLOUD_PROJECT":"popchatv002","EVENTARC_CLOUD_EVENT_SOURCE":"projects/popchatv002/locations/us-central1/services/testScheduledFunction","FUNCTION_TARGET":"testScheduledFunction","LOG_EXECUTION_ID":"true","FUNCTION_SIGNATURE_TYPE":"http"},"ingressSettings":null,"timeoutSeconds":null,"serviceAccountEmail":null,"availableMemory":"256Mi","minInstanceCount":null,"maxInstanceCount":null,"maxInstanceRequestConcurrency":80,"availableCpu":"1","vpcConnector":null,"vpcConnectorEgressSettings":null},"labels":{"deployment-tool":"cli-firebase","firebase-functions-hash":"4fb95acf971fd44e46da4433b3dd2209ba159cb9"}}
[debug] [2025-06-30T04:28:39.209Z] >>> [apiv2][query] PATCH https://cloudfunctions.googleapis.com/v2/projects/popchatv002/locations/us-central1/functions/scheduledRandomUserMedia updateMask=name%2CbuildConfig.runtime%2CbuildConfig.entryPoint%2CbuildConfig.source.storageSource.bucket%2CbuildConfig.source.storageSource.object%2CbuildConfig.environmentVariables%2CbuildConfig.sourceToken%2CserviceConfig.environmentVariables%2CserviceConfig.ingressSettings%2CserviceConfig.timeoutSeconds%2CserviceConfig.serviceAccountEmail%2CserviceConfig.availableMemory%2CserviceConfig.minInstanceCount%2CserviceConfig.maxInstanceCount%2CserviceConfig.maxInstanceRequestConcurrency%2CserviceConfig.availableCpu%2CserviceConfig.vpcConnector%2CserviceConfig.vpcConnectorEgressSettings%2Clabels
[debug] [2025-06-30T04:28:39.210Z] >>> [apiv2][body] PATCH https://cloudfunctions.googleapis.com/v2/projects/popchatv002/locations/us-central1/functions/scheduledRandomUserMedia {"name":"projects/popchatv002/locations/us-central1/functions/scheduledRandomUserMedia","buildConfig":{"runtime":"nodejs22","entryPoint":"scheduledRandomUserMedia","source":{"storageSource":{"bucket":"gcf-v2-uploads-296369449480.us-central1.cloudfunctions.appspot.com","object":"cfae441d-6691-411a-bab1-d2f8da2a0273.zip"}},"environmentVariables":{"GOOGLE_NODE_RUN_SCRIPTS":""},"sourceToken":"Cldwcm9qZWN0cy8yOTYzNjk0NDk0ODAvbG9jYXRpb25zL3VzLWNlbnRyYWwxL2J1aWxkcy9kM2FhZjdlNS1hMWRkLTRjMWYtOGY0MC0xN2RmNDhlMTM1MzQSbHVzLWNlbnRyYWwxLWRvY2tlci5wa2cuZGV2L3BvcGNoYXR2MDAyL2djZi1hcnRpZmFjdHMvcG9wY2hhdHYwMDJfX3VzLS1jZW50cmFsMV9fdGVzdF9odHRwX2Z1bmN0aW9uOnZlcnNpb25fMRiI1PuH0AgiRXByb2plY3RzL3BvcGNoYXR2MDAyL2xvY2F0aW9ucy91cy1jZW50cmFsMS9mdW5jdGlvbnMvdGVzdEh0dHBGdW5jdGlvbioMCPOkiMMGENCd2b8BMghub2RlanMyMjp2CiNnY3IuaW8vZ2FlLXJ1bnRpbWVzL25vZGVqczIyOnN0YWJsZRJPdXMtY2VudHJhbDEtZG9ja2VyLnBrZy5kZXYvc2VydmVybGVzcy1ydW50aW1lcy9nb29nbGUtMjItZnVsbC9ydW50aW1lcy9ub2RlanMyMkAB"},"serviceConfig":{"environmentVariables":{"FIREBASE_CONFIG":"{\"projectId\":\"popchatv002\",\"databaseURL\":\"https://popchatv002-default-rtdb.firebaseio.com\",\"storageBucket\":\"popchatv002.firebasestorage.app\"}","GCLOUD_PROJECT":"popchatv002","EVENTARC_CLOUD_EVENT_SOURCE":"projects/popchatv002/locations/us-central1/services/scheduledRandomUserMedia","FUNCTION_TARGET":"scheduledRandomUserMedia","LOG_EXECUTION_ID":"true","FUNCTION_SIGNATURE_TYPE":"http"},"ingressSettings":null,"timeoutSeconds":null,"serviceAccountEmail":null,"availableMemory":"256Mi","minInstanceCount":null,"maxInstanceCount":null,"maxInstanceRequestConcurrency":80,"availableCpu":"1","vpcConnector":null,"vpcConnectorEgressSettings":null},"labels":{"deployment-tool":"cli-firebase","deployment-scheduled":"true","firebase-functions-hash":"4fb95acf971fd44e46da4433b3dd2209ba159cb9"}}
[debug] [2025-06-30T04:28:39.211Z] >>> [apiv2][query] PATCH https://cloudfunctions.googleapis.com/v2/projects/popchatv002/locations/us-central1/functions/testSendAd updateMask=name%2CbuildConfig.runtime%2CbuildConfig.entryPoint%2CbuildConfig.source.storageSource.bucket%2CbuildConfig.source.storageSource.object%2CbuildConfig.environmentVariables%2CbuildConfig.sourceToken%2CserviceConfig.environmentVariables%2CserviceConfig.ingressSettings%2CserviceConfig.timeoutSeconds%2CserviceConfig.serviceAccountEmail%2CserviceConfig.availableMemory%2CserviceConfig.minInstanceCount%2CserviceConfig.maxInstanceCount%2CserviceConfig.maxInstanceRequestConcurrency%2CserviceConfig.availableCpu%2CserviceConfig.vpcConnector%2CserviceConfig.vpcConnectorEgressSettings%2Clabels
[debug] [2025-06-30T04:28:39.211Z] >>> [apiv2][body] PATCH https://cloudfunctions.googleapis.com/v2/projects/popchatv002/locations/us-central1/functions/testSendAd {"name":"projects/popchatv002/locations/us-central1/functions/testSendAd","buildConfig":{"runtime":"nodejs22","entryPoint":"testSendAd","source":{"storageSource":{"bucket":"gcf-v2-uploads-296369449480.us-central1.cloudfunctions.appspot.com","object":"cfae441d-6691-411a-bab1-d2f8da2a0273.zip"}},"environmentVariables":{"GOOGLE_NODE_RUN_SCRIPTS":""},"sourceToken":"Cldwcm9qZWN0cy8yOTYzNjk0NDk0ODAvbG9jYXRpb25zL3VzLWNlbnRyYWwxL2J1aWxkcy9kM2FhZjdlNS1hMWRkLTRjMWYtOGY0MC0xN2RmNDhlMTM1MzQSbHVzLWNlbnRyYWwxLWRvY2tlci5wa2cuZGV2L3BvcGNoYXR2MDAyL2djZi1hcnRpZmFjdHMvcG9wY2hhdHYwMDJfX3VzLS1jZW50cmFsMV9fdGVzdF9odHRwX2Z1bmN0aW9uOnZlcnNpb25fMRiI1PuH0AgiRXByb2plY3RzL3BvcGNoYXR2MDAyL2xvY2F0aW9ucy91cy1jZW50cmFsMS9mdW5jdGlvbnMvdGVzdEh0dHBGdW5jdGlvbioMCPOkiMMGENCd2b8BMghub2RlanMyMjp2CiNnY3IuaW8vZ2FlLXJ1bnRpbWVzL25vZGVqczIyOnN0YWJsZRJPdXMtY2VudHJhbDEtZG9ja2VyLnBrZy5kZXYvc2VydmVybGVzcy1ydW50aW1lcy9nb29nbGUtMjItZnVsbC9ydW50aW1lcy9ub2RlanMyMkAB"},"serviceConfig":{"environmentVariables":{"FIREBASE_CONFIG":"{\"projectId\":\"popchatv002\",\"databaseURL\":\"https://popchatv002-default-rtdb.firebaseio.com\",\"storageBucket\":\"popchatv002.firebasestorage.app\"}","GCLOUD_PROJECT":"popchatv002","EVENTARC_CLOUD_EVENT_SOURCE":"projects/popchatv002/locations/us-central1/services/testSendAd","FUNCTION_TARGET":"testSendAd","LOG_EXECUTION_ID":"true","FUNCTION_SIGNATURE_TYPE":"http"},"ingressSettings":null,"timeoutSeconds":null,"serviceAccountEmail":null,"availableMemory":"256Mi","minInstanceCount":null,"maxInstanceCount":null,"maxInstanceRequestConcurrency":80,"availableCpu":"1","vpcConnector":null,"vpcConnectorEgressSettings":null},"labels":{"deployment-tool":"cli-firebase","firebase-functions-hash":"4fb95acf971fd44e46da4433b3dd2209ba159cb9"}}
[debug] [2025-06-30T04:28:39.213Z] >>> [apiv2][query] PATCH https://cloudfunctions.googleapis.com/v2/projects/popchatv002/locations/us-central1/functions/scheduledSendAd updateMask=name%2CbuildConfig.runtime%2CbuildConfig.entryPoint%2CbuildConfig.source.storageSource.bucket%2CbuildConfig.source.storageSource.object%2CbuildConfig.environmentVariables%2CbuildConfig.sourceToken%2CserviceConfig.environmentVariables%2CserviceConfig.ingressSettings%2CserviceConfig.timeoutSeconds%2CserviceConfig.serviceAccountEmail%2CserviceConfig.availableMemory%2CserviceConfig.minInstanceCount%2CserviceConfig.maxInstanceCount%2CserviceConfig.maxInstanceRequestConcurrency%2CserviceConfig.availableCpu%2CserviceConfig.vpcConnector%2CserviceConfig.vpcConnectorEgressSettings%2Clabels
[debug] [2025-06-30T04:28:39.213Z] >>> [apiv2][body] PATCH https://cloudfunctions.googleapis.com/v2/projects/popchatv002/locations/us-central1/functions/scheduledSendAd {"name":"projects/popchatv002/locations/us-central1/functions/scheduledSendAd","buildConfig":{"runtime":"nodejs22","entryPoint":"scheduledSendAd","source":{"storageSource":{"bucket":"gcf-v2-uploads-296369449480.us-central1.cloudfunctions.appspot.com","object":"cfae441d-6691-411a-bab1-d2f8da2a0273.zip"}},"environmentVariables":{"GOOGLE_NODE_RUN_SCRIPTS":""},"sourceToken":"Cldwcm9qZWN0cy8yOTYzNjk0NDk0ODAvbG9jYXRpb25zL3VzLWNlbnRyYWwxL2J1aWxkcy9kM2FhZjdlNS1hMWRkLTRjMWYtOGY0MC0xN2RmNDhlMTM1MzQSbHVzLWNlbnRyYWwxLWRvY2tlci5wa2cuZGV2L3BvcGNoYXR2MDAyL2djZi1hcnRpZmFjdHMvcG9wY2hhdHYwMDJfX3VzLS1jZW50cmFsMV9fdGVzdF9odHRwX2Z1bmN0aW9uOnZlcnNpb25fMRiI1PuH0AgiRXByb2plY3RzL3BvcGNoYXR2MDAyL2xvY2F0aW9ucy91cy1jZW50cmFsMS9mdW5jdGlvbnMvdGVzdEh0dHBGdW5jdGlvbioMCPOkiMMGENCd2b8BMghub2RlanMyMjp2CiNnY3IuaW8vZ2FlLXJ1bnRpbWVzL25vZGVqczIyOnN0YWJsZRJPdXMtY2VudHJhbDEtZG9ja2VyLnBrZy5kZXYvc2VydmVybGVzcy1ydW50aW1lcy9nb29nbGUtMjItZnVsbC9ydW50aW1lcy9ub2RlanMyMkAB"},"serviceConfig":{"environmentVariables":{"FIREBASE_CONFIG":"{\"projectId\":\"popchatv002\",\"databaseURL\":\"https://popchatv002-default-rtdb.firebaseio.com\",\"storageBucket\":\"popchatv002.firebasestorage.app\"}","GCLOUD_PROJECT":"popchatv002","EVENTARC_CLOUD_EVENT_SOURCE":"projects/popchatv002/locations/us-central1/services/scheduledSendAd","FUNCTION_TARGET":"scheduledSendAd","LOG_EXECUTION_ID":"true","FUNCTION_SIGNATURE_TYPE":"http"},"ingressSettings":null,"timeoutSeconds":null,"serviceAccountEmail":null,"availableMemory":"256Mi","minInstanceCount":null,"maxInstanceCount":null,"maxInstanceRequestConcurrency":80,"availableCpu":"1","vpcConnector":null,"vpcConnectorEgressSettings":null},"labels":{"deployment-tool":"cli-firebase","deployment-scheduled":"true","firebase-functions-hash":"4fb95acf971fd44e46da4433b3dd2209ba159cb9"}}
[debug] [2025-06-30T04:28:39.214Z] >>> [apiv2][query] PATCH https://cloudfunctions.googleapis.com/v2/projects/popchatv002/locations/us-central1/functions/resetUserCounter updateMask=name%2CbuildConfig.runtime%2CbuildConfig.entryPoint%2CbuildConfig.source.storageSource.bucket%2CbuildConfig.source.storageSource.object%2CbuildConfig.environmentVariables%2CbuildConfig.sourceToken%2CserviceConfig.environmentVariables%2CserviceConfig.ingressSettings%2CserviceConfig.timeoutSeconds%2CserviceConfig.serviceAccountEmail%2CserviceConfig.availableMemory%2CserviceConfig.minInstanceCount%2CserviceConfig.maxInstanceCount%2CserviceConfig.maxInstanceRequestConcurrency%2CserviceConfig.availableCpu%2CserviceConfig.vpcConnector%2CserviceConfig.vpcConnectorEgressSettings%2Clabels
[debug] [2025-06-30T04:28:39.214Z] >>> [apiv2][body] PATCH https://cloudfunctions.googleapis.com/v2/projects/popchatv002/locations/us-central1/functions/resetUserCounter {"name":"projects/popchatv002/locations/us-central1/functions/resetUserCounter","buildConfig":{"runtime":"nodejs22","entryPoint":"resetUserCounter","source":{"storageSource":{"bucket":"gcf-v2-uploads-296369449480.us-central1.cloudfunctions.appspot.com","object":"cfae441d-6691-411a-bab1-d2f8da2a0273.zip"}},"environmentVariables":{"GOOGLE_NODE_RUN_SCRIPTS":""},"sourceToken":"Cldwcm9qZWN0cy8yOTYzNjk0NDk0ODAvbG9jYXRpb25zL3VzLWNlbnRyYWwxL2J1aWxkcy9kM2FhZjdlNS1hMWRkLTRjMWYtOGY0MC0xN2RmNDhlMTM1MzQSbHVzLWNlbnRyYWwxLWRvY2tlci5wa2cuZGV2L3BvcGNoYXR2MDAyL2djZi1hcnRpZmFjdHMvcG9wY2hhdHYwMDJfX3VzLS1jZW50cmFsMV9fdGVzdF9odHRwX2Z1bmN0aW9uOnZlcnNpb25fMRiI1PuH0AgiRXByb2plY3RzL3BvcGNoYXR2MDAyL2xvY2F0aW9ucy91cy1jZW50cmFsMS9mdW5jdGlvbnMvdGVzdEh0dHBGdW5jdGlvbioMCPOkiMMGENCd2b8BMghub2RlanMyMjp2CiNnY3IuaW8vZ2FlLXJ1bnRpbWVzL25vZGVqczIyOnN0YWJsZRJPdXMtY2VudHJhbDEtZG9ja2VyLnBrZy5kZXYvc2VydmVybGVzcy1ydW50aW1lcy9nb29nbGUtMjItZnVsbC9ydW50aW1lcy9ub2RlanMyMkAB"},"serviceConfig":{"environmentVariables":{"FIREBASE_CONFIG":"{\"projectId\":\"popchatv002\",\"databaseURL\":\"https://popchatv002-default-rtdb.firebaseio.com\",\"storageBucket\":\"popchatv002.firebasestorage.app\"}","GCLOUD_PROJECT":"popchatv002","EVENTARC_CLOUD_EVENT_SOURCE":"projects/popchatv002/locations/us-central1/services/resetUserCounter","FUNCTION_TARGET":"resetUserCounter","LOG_EXECUTION_ID":"true","FUNCTION_SIGNATURE_TYPE":"http"},"ingressSettings":null,"timeoutSeconds":null,"serviceAccountEmail":null,"availableMemory":"256Mi","minInstanceCount":null,"maxInstanceCount":null,"maxInstanceRequestConcurrency":80,"availableCpu":"1","vpcConnector":null,"vpcConnectorEgressSettings":null},"labels":{"deployment-tool":"cli-firebase","firebase-functions-hash":"4fb95acf971fd44e46da4433b3dd2209ba159cb9"}}
[debug] [2025-06-30T04:28:39.216Z] >>> [apiv2][query] PATCH https://cloudfunctions.googleapis.com/v2/projects/popchatv002/locations/us-central1/functions/testSnapshotCycling updateMask=name%2CbuildConfig.runtime%2CbuildConfig.entryPoint%2CbuildConfig.source.storageSource.bucket%2CbuildConfig.source.storageSource.object%2CbuildConfig.environmentVariables%2CbuildConfig.sourceToken%2CserviceConfig.environmentVariables%2CserviceConfig.ingressSettings%2CserviceConfig.timeoutSeconds%2CserviceConfig.serviceAccountEmail%2CserviceConfig.availableMemory%2CserviceConfig.minInstanceCount%2CserviceConfig.maxInstanceCount%2CserviceConfig.maxInstanceRequestConcurrency%2CserviceConfig.availableCpu%2CserviceConfig.vpcConnector%2CserviceConfig.vpcConnectorEgressSettings%2Clabels
[debug] [2025-06-30T04:28:39.216Z] >>> [apiv2][body] PATCH https://cloudfunctions.googleapis.com/v2/projects/popchatv002/locations/us-central1/functions/testSnapshotCycling {"name":"projects/popchatv002/locations/us-central1/functions/testSnapshotCycling","buildConfig":{"runtime":"nodejs22","entryPoint":"testSnapshotCycling","source":{"storageSource":{"bucket":"gcf-v2-uploads-296369449480.us-central1.cloudfunctions.appspot.com","object":"cfae441d-6691-411a-bab1-d2f8da2a0273.zip"}},"environmentVariables":{"GOOGLE_NODE_RUN_SCRIPTS":""},"sourceToken":"Cldwcm9qZWN0cy8yOTYzNjk0NDk0ODAvbG9jYXRpb25zL3VzLWNlbnRyYWwxL2J1aWxkcy9kM2FhZjdlNS1hMWRkLTRjMWYtOGY0MC0xN2RmNDhlMTM1MzQSbHVzLWNlbnRyYWwxLWRvY2tlci5wa2cuZGV2L3BvcGNoYXR2MDAyL2djZi1hcnRpZmFjdHMvcG9wY2hhdHYwMDJfX3VzLS1jZW50cmFsMV9fdGVzdF9odHRwX2Z1bmN0aW9uOnZlcnNpb25fMRiI1PuH0AgiRXByb2plY3RzL3BvcGNoYXR2MDAyL2xvY2F0aW9ucy91cy1jZW50cmFsMS9mdW5jdGlvbnMvdGVzdEh0dHBGdW5jdGlvbioMCPOkiMMGENCd2b8BMghub2RlanMyMjp2CiNnY3IuaW8vZ2FlLXJ1bnRpbWVzL25vZGVqczIyOnN0YWJsZRJPdXMtY2VudHJhbDEtZG9ja2VyLnBrZy5kZXYvc2VydmVybGVzcy1ydW50aW1lcy9nb29nbGUtMjItZnVsbC9ydW50aW1lcy9ub2RlanMyMkAB"},"serviceConfig":{"environmentVariables":{"FIREBASE_CONFIG":"{\"projectId\":\"popchatv002\",\"databaseURL\":\"https://popchatv002-default-rtdb.firebaseio.com\",\"storageBucket\":\"popchatv002.firebasestorage.app\"}","GCLOUD_PROJECT":"popchatv002","EVENTARC_CLOUD_EVENT_SOURCE":"projects/popchatv002/locations/us-central1/services/testSnapshotCycling","FUNCTION_TARGET":"testSnapshotCycling","LOG_EXECUTION_ID":"true","FUNCTION_SIGNATURE_TYPE":"http"},"ingressSettings":null,"timeoutSeconds":null,"serviceAccountEmail":null,"availableMemory":"256Mi","minInstanceCount":null,"maxInstanceCount":null,"maxInstanceRequestConcurrency":80,"availableCpu":"1","vpcConnector":null,"vpcConnectorEgressSettings":null},"labels":{"deployment-tool":"cli-firebase","firebase-functions-hash":"4fb95acf971fd44e46da4433b3dd2209ba159cb9"}}
[debug] [2025-06-30T04:28:39.218Z] >>> [apiv2][query] PATCH https://cloudfunctions.googleapis.com/v2/projects/popchatv002/locations/us-central1/functions/sendHostToGroup updateMask=name%2CbuildConfig.runtime%2CbuildConfig.entryPoint%2CbuildConfig.source.storageSource.bucket%2CbuildConfig.source.storageSource.object%2CbuildConfig.environmentVariables%2CbuildConfig.sourceToken%2CserviceConfig.environmentVariables%2CserviceConfig.ingressSettings%2CserviceConfig.timeoutSeconds%2CserviceConfig.serviceAccountEmail%2CserviceConfig.availableMemory%2CserviceConfig.minInstanceCount%2CserviceConfig.maxInstanceCount%2CserviceConfig.maxInstanceRequestConcurrency%2CserviceConfig.availableCpu%2CserviceConfig.vpcConnector%2CserviceConfig.vpcConnectorEgressSettings%2Clabels
[debug] [2025-06-30T04:28:39.218Z] >>> [apiv2][body] PATCH https://cloudfunctions.googleapis.com/v2/projects/popchatv002/locations/us-central1/functions/sendHostToGroup {"name":"projects/popchatv002/locations/us-central1/functions/sendHostToGroup","buildConfig":{"runtime":"nodejs22","entryPoint":"sendHostToGroup","source":{"storageSource":{"bucket":"gcf-v2-uploads-296369449480.us-central1.cloudfunctions.appspot.com","object":"cfae441d-6691-411a-bab1-d2f8da2a0273.zip"}},"environmentVariables":{"GOOGLE_NODE_RUN_SCRIPTS":""},"sourceToken":"Cldwcm9qZWN0cy8yOTYzNjk0NDk0ODAvbG9jYXRpb25zL3VzLWNlbnRyYWwxL2J1aWxkcy9kM2FhZjdlNS1hMWRkLTRjMWYtOGY0MC0xN2RmNDhlMTM1MzQSbHVzLWNlbnRyYWwxLWRvY2tlci5wa2cuZGV2L3BvcGNoYXR2MDAyL2djZi1hcnRpZmFjdHMvcG9wY2hhdHYwMDJfX3VzLS1jZW50cmFsMV9fdGVzdF9odHRwX2Z1bmN0aW9uOnZlcnNpb25fMRiI1PuH0AgiRXByb2plY3RzL3BvcGNoYXR2MDAyL2xvY2F0aW9ucy91cy1jZW50cmFsMS9mdW5jdGlvbnMvdGVzdEh0dHBGdW5jdGlvbioMCPOkiMMGENCd2b8BMghub2RlanMyMjp2CiNnY3IuaW8vZ2FlLXJ1bnRpbWVzL25vZGVqczIyOnN0YWJsZRJPdXMtY2VudHJhbDEtZG9ja2VyLnBrZy5kZXYvc2VydmVybGVzcy1ydW50aW1lcy9nb29nbGUtMjItZnVsbC9ydW50aW1lcy9ub2RlanMyMkAB"},"serviceConfig":{"environmentVariables":{"FIREBASE_CONFIG":"{\"projectId\":\"popchatv002\",\"databaseURL\":\"https://popchatv002-default-rtdb.firebaseio.com\",\"storageBucket\":\"popchatv002.firebasestorage.app\"}","GCLOUD_PROJECT":"popchatv002","EVENTARC_CLOUD_EVENT_SOURCE":"projects/popchatv002/locations/us-central1/services/sendHostToGroup","FUNCTION_TARGET":"sendHostToGroup","LOG_EXECUTION_ID":"true","FUNCTION_SIGNATURE_TYPE":"http"},"ingressSettings":null,"timeoutSeconds":null,"serviceAccountEmail":null,"availableMemory":"256Mi","minInstanceCount":null,"maxInstanceCount":null,"maxInstanceRequestConcurrency":80,"availableCpu":"1","vpcConnector":null,"vpcConnectorEgressSettings":null},"labels":{"deployment-tool":"cli-firebase","firebase-functions-hash":"4fb95acf971fd44e46da4433b3dd2209ba159cb9"}}
[debug] [2025-06-30T04:28:40.510Z] <<< [apiv2][status] PATCH https://cloudfunctions.googleapis.com/v2/projects/popchatv002/locations/us-central1/functions/writeToDatabase 200
[debug] [2025-06-30T04:28:40.510Z] <<< [apiv2][body] PATCH https://cloudfunctions.googleapis.com/v2/projects/popchatv002/locations/us-central1/functions/writeToDatabase {"name":"projects/popchatv002/locations/us-central1/operations/operation-1751257719121-638c276422519-e7852deb-4cd8f505","metadata":{"@type":"type.googleapis.com/google.cloud.functions.v2.OperationMetadata","createTime":"2025-06-30T04:28:39.856390040Z","target":"projects/popchatv002/locations/us-central1/functions/writeToDatabase","verb":"update","cancelRequested":false,"apiVersion":"v2"},"done":false}
[debug] [2025-06-30T04:28:40.511Z] Checked if tokens are valid: true, expires at: 1751260621805
[debug] [2025-06-30T04:28:40.511Z] Checked if tokens are valid: true, expires at: 1751260621805
[debug] [2025-06-30T04:28:40.511Z] >>> [apiv2][query] GET https://cloudfunctions.googleapis.com/v2/projects/popchatv002/locations/us-central1/operations/operation-1751257719121-638c276422519-e7852deb-4cd8f505 [none]
[debug] [2025-06-30T04:28:40.745Z] <<< [apiv2][status] GET https://cloudfunctions.googleapis.com/v2/projects/popchatv002/locations/us-central1/operations/operation-1751257719121-638c276422519-e7852deb-4cd8f505 200
[debug] [2025-06-30T04:28:40.746Z] <<< [apiv2][body] GET https://cloudfunctions.googleapis.com/v2/projects/popchatv002/locations/us-central1/operations/operation-1751257719121-638c276422519-e7852deb-4cd8f505 {"name":"projects/popchatv002/locations/us-central1/operations/operation-1751257719121-638c276422519-e7852deb-4cd8f505","metadata":{"@type":"type.googleapis.com/google.cloud.functions.v2.OperationMetadata","createTime":"2025-06-30T04:28:39.856390040Z","target":"projects/popchatv002/locations/us-central1/functions/writeToDatabase","verb":"update","cancelRequested":false,"apiVersion":"v2","requestResource":{"@type":"type.googleapis.com/google.cloud.functions.v2.Function","name":"projects/popchatv002/locations/us-central1/functions/writeToDatabase","buildConfig":{"runtime":"nodejs22","entryPoint":"writeToDatabase","source":{"storageSource":{"bucket":"gcf-v2-sources-296369449480-us-central1","object":"writeToDatabase/function-source.zip","generation":"1751257719808189"}},"environmentVariables":{"GOOGLE_NODE_RUN_SCRIPTS":""},"dockerRepository":"projects/popchatv002/locations/us-central1/repositories/gcf-artifacts","sourceProvenance":{"resolvedStorageSource":{"bucket":"gcf-v2-sources-296369449480-us-central1","object":"writeToDatabase/function-source.zip","generation":"1751257098219640"}},"dockerRegistry":"ARTIFACT_REGISTRY","sourceToken":"Cldwcm9qZWN0cy8yOTYzNjk0NDk0ODAvbG9jYXRpb25zL3VzLWNlbnRyYWwxL2J1aWxkcy9kM2FhZjdlNS1hMWRkLTRjMWYtOGY0MC0xN2RmNDhlMTM1MzQSbHVzLWNlbnRyYWwxLWRvY2tlci5wa2cuZGV2L3BvcGNoYXR2MDAyL2djZi1hcnRpZmFjdHMvcG9wY2hhdHYwMDJfX3VzLS1jZW50cmFsMV9fdGVzdF9odHRwX2Z1bmN0aW9uOnZlcnNpb25fMRiI1PuH0AgiRXByb2plY3RzL3BvcGNoYXR2MDAyL2xvY2F0aW9ucy91cy1jZW50cmFsMS9mdW5jdGlvbnMvdGVzdEh0dHBGdW5jdGlvbioMCPOkiMMGENCd2b8BMghub2RlanMyMjp2CiNnY3IuaW8vZ2FlLXJ1bnRpbWVzL25vZGVqczIyOnN0YWJsZRJPdXMtY2VudHJhbDEtZG9ja2VyLnBrZy5kZXYvc2VydmVybGVzcy1ydW50aW1lcy9nb29nbGUtMjItZnVsbC9ydW50aW1lcy9ub2RlanMyMkAB","serviceAccount":"projects/popchatv002/serviceAccounts/296369449480-compute@developer.gserviceaccount.com","automaticUpdatePolicy":{}},"serviceConfig":{"service":"projects/popchatv002/locations/us-central1/services/writetodatabase","timeoutSeconds":60,"environmentVariables":{"FIREBASE_CONFIG":"{\"projectId\":\"popchatv002\",\"databaseURL\":\"https://popchatv002-default-rtdb.firebaseio.com\",\"storageBucket\":\"popchatv002.firebasestorage.app\"}","GCLOUD_PROJECT":"popchatv002","EVENTARC_CLOUD_EVENT_SOURCE":"projects/popchatv002/locations/us-central1/services/writeToDatabase","FUNCTION_TARGET":"writeToDatabase","LOG_EXECUTION_ID":"true","FUNCTION_SIGNATURE_TYPE":"http"},"ingressSettings":"ALLOW_ALL","uri":"https://writetodatabase-2zjil5azfa-uc.a.run.app","serviceAccountEmail":"296369449480-compute@developer.gserviceaccount.com","availableMemory":"256Mi","allTrafficOnLatestRevision":true,"revision":"writetodatabase-00025-lad","maxInstanceRequestConcurrency":80,"availableCpu":"1"},"state":"ACTIVE","labels":{"deployment-tool":"cli-firebase","firebase-functions-hash":"4fb95acf971fd44e46da4433b3dd2209ba159cb9"},"environment":"GEN_2","url":"https://us-central1-popchatv002.cloudfunctions.net/writeToDatabase","satisfiesPzi":true},"stages":[{"name":"BUILD","message":"Reusing build","state":"COMPLETE","resource":"projects/296369449480/locations/us-central1/builds/d3aaf7e5-a1dd-4c1f-8f40-17df48e13534"},{"name":"SERVICE","state":"NOT_STARTED"}],"sourceToken":"Cldwcm9qZWN0cy8yOTYzNjk0NDk0ODAvbG9jYXRpb25zL3VzLWNlbnRyYWwxL2J1aWxkcy9kM2FhZjdlNS1hMWRkLTRjMWYtOGY0MC0xN2RmNDhlMTM1MzQSbHVzLWNlbnRyYWwxLWRvY2tlci5wa2cuZGV2L3BvcGNoYXR2MDAyL2djZi1hcnRpZmFjdHMvcG9wY2hhdHYwMDJfX3VzLS1jZW50cmFsMV9fdGVzdF9odHRwX2Z1bmN0aW9uOnZlcnNpb25fMRiI1PuH0AgiRXByb2plY3RzL3BvcGNoYXR2MDAyL2xvY2F0aW9ucy91cy1jZW50cmFsMS9mdW5jdGlvbnMvdGVzdEh0dHBGdW5jdGlvbioMCPOkiMMGENCd2b8BMghub2RlanMyMjp2CiNnY3IuaW8vZ2FlLXJ1bnRpbWVzL25vZGVqczIyOnN0YWJsZRJPdXMtY2VudHJhbDEtZG9ja2VyLnBrZy5kZXYvc2VydmVybGVzcy1ydW50aW1lcy9nb29nbGUtMjItZnVsbC9ydW50aW1lcy9ub2RlanMyMkAB","operationType":"UPDATE_FUNCTION","buildName":"projects/296369449480/locations/us-central1/builds/d3aaf7e5-a1dd-4c1f-8f40-17df48e13534"},"done":false}
[debug] [2025-06-30T04:28:40.746Z] Got source token Cldwcm9qZWN0cy8yOTYzNjk0NDk0ODAvbG9jYXRpb25zL3VzLWNlbnRyYWwxL2J1aWxkcy9kM2FhZjdlNS1hMWRkLTRjMWYtOGY0MC0xN2RmNDhlMTM1MzQSbHVzLWNlbnRyYWwxLWRvY2tlci5wa2cuZGV2L3BvcGNoYXR2MDAyL2djZi1hcnRpZmFjdHMvcG9wY2hhdHYwMDJfX3VzLS1jZW50cmFsMV9fdGVzdF9odHRwX2Z1bmN0aW9uOnZlcnNpb25fMRiI1PuH0AgiRXByb2plY3RzL3BvcGNoYXR2MDAyL2xvY2F0aW9ucy91cy1jZW50cmFsMS9mdW5jdGlvbnMvdGVzdEh0dHBGdW5jdGlvbioMCPOkiMMGENCd2b8BMghub2RlanMyMjp2CiNnY3IuaW8vZ2FlLXJ1bnRpbWVzL25vZGVqczIyOnN0YWJsZRJPdXMtY2VudHJhbDEtZG9ja2VyLnBrZy5kZXYvc2VydmVybGVzcy1ydW50aW1lcy9nb29nbGUtMjItZnVsbC9ydW50aW1lcy9ub2RlanMyMkAB for region us-central1
[debug] [2025-06-30T04:28:41.248Z] [update-default-us-central1-writeToDatabase] Retrying task index 0
[debug] [2025-06-30T04:28:41.248Z] Checked if tokens are valid: true, expires at: 1751260621805
[debug] [2025-06-30T04:28:41.248Z] Checked if tokens are valid: true, expires at: 1751260621805
[debug] [2025-06-30T04:28:41.249Z] >>> [apiv2][query] GET https://cloudfunctions.googleapis.com/v2/projects/popchatv002/locations/us-central1/operations/operation-1751257719121-638c276422519-e7852deb-4cd8f505 [none]
[debug] [2025-06-30T04:28:41.417Z] <<< [apiv2][status] PATCH https://cloudfunctions.googleapis.com/v2/projects/popchatv002/locations/us-central1/functions/testSendAd 200
[debug] [2025-06-30T04:28:41.417Z] <<< [apiv2][body] PATCH https://cloudfunctions.googleapis.com/v2/projects/popchatv002/locations/us-central1/functions/testSendAd {"name":"projects/popchatv002/locations/us-central1/operations/operation-1751257720430-638c276561ea2-189f244a-e33d5a7a","metadata":{"@type":"type.googleapis.com/google.cloud.functions.v2.OperationMetadata","createTime":"2025-06-30T04:28:41.056253777Z","target":"projects/popchatv002/locations/us-central1/functions/testSendAd","verb":"update","cancelRequested":false,"apiVersion":"v2"},"done":false}
[debug] [2025-06-30T04:28:41.417Z] Checked if tokens are valid: true, expires at: 1751260621805
[debug] [2025-06-30T04:28:41.417Z] Checked if tokens are valid: true, expires at: 1751260621805
[debug] [2025-06-30T04:28:41.417Z] >>> [apiv2][query] GET https://cloudfunctions.googleapis.com/v2/projects/popchatv002/locations/us-central1/operations/operation-1751257720430-638c276561ea2-189f244a-e33d5a7a [none]
[debug] [2025-06-30T04:28:41.447Z] <<< [apiv2][status] PATCH https://cloudfunctions.googleapis.com/v2/projects/popchatv002/locations/us-central1/functions/scheduledSendAd 200
[debug] [2025-06-30T04:28:41.447Z] <<< [apiv2][body] PATCH https://cloudfunctions.googleapis.com/v2/projects/popchatv002/locations/us-central1/functions/scheduledSendAd {"name":"projects/popchatv002/locations/us-central1/operations/operation-1751257720429-638c2765619c9-aa1c1132-72ed2591","metadata":{"@type":"type.googleapis.com/google.cloud.functions.v2.OperationMetadata","createTime":"2025-06-30T04:28:41.087145853Z","target":"projects/popchatv002/locations/us-central1/functions/scheduledSendAd","verb":"update","cancelRequested":false,"apiVersion":"v2"},"done":false}
[debug] [2025-06-30T04:28:41.447Z] Checked if tokens are valid: true, expires at: 1751260621805
[debug] [2025-06-30T04:28:41.447Z] Checked if tokens are valid: true, expires at: 1751260621805
[debug] [2025-06-30T04:28:41.447Z] >>> [apiv2][query] GET https://cloudfunctions.googleapis.com/v2/projects/popchatv002/locations/us-central1/operations/operation-1751257720429-638c2765619c9-aa1c1132-72ed2591 [none]
[debug] [2025-06-30T04:28:41.451Z] <<< [apiv2][status] PATCH https://cloudfunctions.googleapis.com/v2/projects/popchatv002/locations/us-central1/functions/telegramWebhook 200
[debug] [2025-06-30T04:28:41.452Z] <<< [apiv2][body] PATCH https://cloudfunctions.googleapis.com/v2/projects/popchatv002/locations/us-central1/functions/telegramWebhook {"name":"projects/popchatv002/locations/us-central1/operations/operation-1751257720430-638c276561e9d-1191d8e0-ebf1a17f","metadata":{"@type":"type.googleapis.com/google.cloud.functions.v2.OperationMetadata","createTime":"2025-06-30T04:28:41.091952358Z","target":"projects/popchatv002/locations/us-central1/functions/telegramWebhook","verb":"update","cancelRequested":false,"apiVersion":"v2"},"done":false}
[debug] [2025-06-30T04:28:41.452Z] Checked if tokens are valid: true, expires at: 1751260621805
[debug] [2025-06-30T04:28:41.452Z] Checked if tokens are valid: true, expires at: 1751260621805
[debug] [2025-06-30T04:28:41.452Z] >>> [apiv2][query] GET https://cloudfunctions.googleapis.com/v2/projects/popchatv002/locations/us-central1/operations/operation-1751257720430-638c276561e9d-1191d8e0-ebf1a17f [none]
[debug] [2025-06-30T04:28:41.455Z] <<< [apiv2][status] PATCH https://cloudfunctions.googleapis.com/v2/projects/popchatv002/locations/us-central1/functions/resetUserCounter 200
[debug] [2025-06-30T04:28:41.456Z] <<< [apiv2][body] PATCH https://cloudfunctions.googleapis.com/v2/projects/popchatv002/locations/us-central1/functions/resetUserCounter {"name":"projects/popchatv002/locations/us-central1/operations/operation-1751257720413-638c27655de89-6698e35a-8f465e0a","metadata":{"@type":"type.googleapis.com/google.cloud.functions.v2.OperationMetadata","createTime":"2025-06-30T04:28:41.095424257Z","target":"projects/popchatv002/locations/us-central1/functions/resetUserCounter","verb":"update","cancelRequested":false,"apiVersion":"v2"},"done":false}
[debug] [2025-06-30T04:28:41.456Z] Checked if tokens are valid: true, expires at: 1751260621805
[debug] [2025-06-30T04:28:41.456Z] Checked if tokens are valid: true, expires at: 1751260621805
[debug] [2025-06-30T04:28:41.456Z] >>> [apiv2][query] GET https://cloudfunctions.googleapis.com/v2/projects/popchatv002/locations/us-central1/operations/operation-1751257720413-638c27655de89-6698e35a-8f465e0a [none]
[debug] [2025-06-30T04:28:41.509Z] <<< [apiv2][status] GET https://cloudfunctions.googleapis.com/v2/projects/popchatv002/locations/us-central1/operations/operation-1751257719121-638c276422519-e7852deb-4cd8f505 200
[debug] [2025-06-30T04:28:41.509Z] <<< [apiv2][body] GET https://cloudfunctions.googleapis.com/v2/projects/popchatv002/locations/us-central1/operations/operation-1751257719121-638c276422519-e7852deb-4cd8f505 {"name":"projects/popchatv002/locations/us-central1/operations/operation-1751257719121-638c276422519-e7852deb-4cd8f505","metadata":{"@type":"type.googleapis.com/google.cloud.functions.v2.OperationMetadata","createTime":"2025-06-30T04:28:39.856390040Z","target":"projects/popchatv002/locations/us-central1/functions/writeToDatabase","verb":"update","cancelRequested":false,"apiVersion":"v2","requestResource":{"@type":"type.googleapis.com/google.cloud.functions.v2.Function","name":"projects/popchatv002/locations/us-central1/functions/writeToDatabase","buildConfig":{"runtime":"nodejs22","entryPoint":"writeToDatabase","source":{"storageSource":{"bucket":"gcf-v2-sources-296369449480-us-central1","object":"writeToDatabase/function-source.zip","generation":"1751257719808189"}},"environmentVariables":{"GOOGLE_NODE_RUN_SCRIPTS":""},"dockerRepository":"projects/popchatv002/locations/us-central1/repositories/gcf-artifacts","sourceProvenance":{"resolvedStorageSource":{"bucket":"gcf-v2-sources-296369449480-us-central1","object":"writeToDatabase/function-source.zip","generation":"1751257098219640"}},"dockerRegistry":"ARTIFACT_REGISTRY","sourceToken":"Cldwcm9qZWN0cy8yOTYzNjk0NDk0ODAvbG9jYXRpb25zL3VzLWNlbnRyYWwxL2J1aWxkcy9kM2FhZjdlNS1hMWRkLTRjMWYtOGY0MC0xN2RmNDhlMTM1MzQSbHVzLWNlbnRyYWwxLWRvY2tlci5wa2cuZGV2L3BvcGNoYXR2MDAyL2djZi1hcnRpZmFjdHMvcG9wY2hhdHYwMDJfX3VzLS1jZW50cmFsMV9fdGVzdF9odHRwX2Z1bmN0aW9uOnZlcnNpb25fMRiI1PuH0AgiRXByb2plY3RzL3BvcGNoYXR2MDAyL2xvY2F0aW9ucy91cy1jZW50cmFsMS9mdW5jdGlvbnMvdGVzdEh0dHBGdW5jdGlvbioMCPOkiMMGENCd2b8BMghub2RlanMyMjp2CiNnY3IuaW8vZ2FlLXJ1bnRpbWVzL25vZGVqczIyOnN0YWJsZRJPdXMtY2VudHJhbDEtZG9ja2VyLnBrZy5kZXYvc2VydmVybGVzcy1ydW50aW1lcy9nb29nbGUtMjItZnVsbC9ydW50aW1lcy9ub2RlanMyMkAB","serviceAccount":"projects/popchatv002/serviceAccounts/296369449480-compute@developer.gserviceaccount.com","automaticUpdatePolicy":{}},"serviceConfig":{"service":"projects/popchatv002/locations/us-central1/services/writetodatabase","timeoutSeconds":60,"environmentVariables":{"FIREBASE_CONFIG":"{\"projectId\":\"popchatv002\",\"databaseURL\":\"https://popchatv002-default-rtdb.firebaseio.com\",\"storageBucket\":\"popchatv002.firebasestorage.app\"}","GCLOUD_PROJECT":"popchatv002","EVENTARC_CLOUD_EVENT_SOURCE":"projects/popchatv002/locations/us-central1/services/writeToDatabase","FUNCTION_TARGET":"writeToDatabase","LOG_EXECUTION_ID":"true","FUNCTION_SIGNATURE_TYPE":"http"},"ingressSettings":"ALLOW_ALL","uri":"https://writetodatabase-2zjil5azfa-uc.a.run.app","serviceAccountEmail":"296369449480-compute@developer.gserviceaccount.com","availableMemory":"256Mi","allTrafficOnLatestRevision":true,"revision":"writetodatabase-00025-lad","maxInstanceRequestConcurrency":80,"availableCpu":"1"},"state":"ACTIVE","labels":{"deployment-tool":"cli-firebase","firebase-functions-hash":"4fb95acf971fd44e46da4433b3dd2209ba159cb9"},"environment":"GEN_2","url":"https://us-central1-popchatv002.cloudfunctions.net/writeToDatabase","satisfiesPzi":true},"stages":[{"name":"BUILD","message":"Reusing build","state":"COMPLETE","resource":"projects/296369449480/locations/us-central1/builds/d3aaf7e5-a1dd-4c1f-8f40-17df48e13534"},{"name":"SERVICE","message":"Updating Cloud Run service","state":"IN_PROGRESS","resource":"projects/popchatv002/locations/us-central1/services/writetodatabase","resourceUri":"https://console.cloud.google.com/run/detail/us-central1/writetodatabase?project=popchatv002","stateMessages":[{"severity":"INFO","type":"CloudRunServiceNewRevisionTrafficInfo","message":"A new revision will be deployed serving with 100% traffic."}]}],"sourceToken":"Cldwcm9qZWN0cy8yOTYzNjk0NDk0ODAvbG9jYXRpb25zL3VzLWNlbnRyYWwxL2J1aWxkcy9kM2FhZjdlNS1hMWRkLTRjMWYtOGY0MC0xN2RmNDhlMTM1MzQSbHVzLWNlbnRyYWwxLWRvY2tlci5wa2cuZGV2L3BvcGNoYXR2MDAyL2djZi1hcnRpZmFjdHMvcG9wY2hhdHYwMDJfX3VzLS1jZW50cmFsMV9fdGVzdF9odHRwX2Z1bmN0aW9uOnZlcnNpb25fMRiI1PuH0AgiRXByb2plY3RzL3BvcGNoYXR2MDAyL2xvY2F0aW9ucy91cy1jZW50cmFsMS9mdW5jdGlvbnMvdGVzdEh0dHBGdW5jdGlvbioMCPOkiMMGENCd2b8BMghub2RlanMyMjp2CiNnY3IuaW8vZ2FlLXJ1bnRpbWVzL25vZGVqczIyOnN0YWJsZRJPdXMtY2VudHJhbDEtZG9ja2VyLnBrZy5kZXYvc2VydmVybGVzcy1ydW50aW1lcy9nb29nbGUtMjItZnVsbC9ydW50aW1lcy9ub2RlanMyMkAB","operationType":"UPDATE_FUNCTION","buildName":"projects/296369449480/locations/us-central1/builds/d3aaf7e5-a1dd-4c1f-8f40-17df48e13534"},"done":false}
[debug] [2025-06-30T04:28:41.509Z] Got source token Cldwcm9qZWN0cy8yOTYzNjk0NDk0ODAvbG9jYXRpb25zL3VzLWNlbnRyYWwxL2J1aWxkcy9kM2FhZjdlNS1hMWRkLTRjMWYtOGY0MC0xN2RmNDhlMTM1MzQSbHVzLWNlbnRyYWwxLWRvY2tlci5wa2cuZGV2L3BvcGNoYXR2MDAyL2djZi1hcnRpZmFjdHMvcG9wY2hhdHYwMDJfX3VzLS1jZW50cmFsMV9fdGVzdF9odHRwX2Z1bmN0aW9uOnZlcnNpb25fMRiI1PuH0AgiRXByb2plY3RzL3BvcGNoYXR2MDAyL2xvY2F0aW9ucy91cy1jZW50cmFsMS9mdW5jdGlvbnMvdGVzdEh0dHBGdW5jdGlvbioMCPOkiMMGENCd2b8BMghub2RlanMyMjp2CiNnY3IuaW8vZ2FlLXJ1bnRpbWVzL25vZGVqczIyOnN0YWJsZRJPdXMtY2VudHJhbDEtZG9ja2VyLnBrZy5kZXYvc2VydmVybGVzcy1ydW50aW1lcy9nb29nbGUtMjItZnVsbC9ydW50aW1lcy9ub2RlanMyMkAB for region us-central1
[debug] [2025-06-30T04:28:41.520Z] <<< [apiv2][status] PATCH https://cloudfunctions.googleapis.com/v2/projects/popchatv002/locations/us-central1/functions/sendHostToGroup 200
[debug] [2025-06-30T04:28:41.520Z] <<< [apiv2][body] PATCH https://cloudfunctions.googleapis.com/v2/projects/popchatv002/locations/us-central1/functions/sendHostToGroup {"name":"projects/popchatv002/locations/us-central1/operations/operation-1751257720469-638c27656b729-c899d5b1-c4413bff","metadata":{"@type":"type.googleapis.com/google.cloud.functions.v2.OperationMetadata","createTime":"2025-06-30T04:28:41.149278176Z","target":"projects/popchatv002/locations/us-central1/functions/sendHostToGroup","verb":"update","cancelRequested":false,"apiVersion":"v2"},"done":false}
[debug] [2025-06-30T04:28:41.520Z] Checked if tokens are valid: true, expires at: 1751260621805
[debug] [2025-06-30T04:28:41.520Z] Checked if tokens are valid: true, expires at: 1751260621805
[debug] [2025-06-30T04:28:41.520Z] >>> [apiv2][query] GET https://cloudfunctions.googleapis.com/v2/projects/popchatv002/locations/us-central1/operations/operation-1751257720469-638c27656b729-c899d5b1-c4413bff [none]
[debug] [2025-06-30T04:28:41.530Z] <<< [apiv2][status] PATCH https://cloudfunctions.googleapis.com/v2/projects/popchatv002/locations/us-central1/functions/testScheduledFunction 200
[debug] [2025-06-30T04:28:41.530Z] <<< [apiv2][body] PATCH https://cloudfunctions.googleapis.com/v2/projects/popchatv002/locations/us-central1/functions/testScheduledFunction {"name":"projects/popchatv002/locations/us-central1/operations/operation-1751257720466-638c27656aac6-c7a788ed-f3b01150","metadata":{"@type":"type.googleapis.com/google.cloud.functions.v2.OperationMetadata","createTime":"2025-06-30T04:28:41.164815608Z","target":"projects/popchatv002/locations/us-central1/functions/testScheduledFunction","verb":"update","cancelRequested":false,"apiVersion":"v2"},"done":false}
[debug] [2025-06-30T04:28:41.531Z] Checked if tokens are valid: true, expires at: 1751260621805
[debug] [2025-06-30T04:28:41.531Z] Checked if tokens are valid: true, expires at: 1751260621805
[debug] [2025-06-30T04:28:41.531Z] >>> [apiv2][query] GET https://cloudfunctions.googleapis.com/v2/projects/popchatv002/locations/us-central1/operations/operation-1751257720466-638c27656aac6-c7a788ed-f3b01150 [none]
[debug] [2025-06-30T04:28:41.559Z] <<< [apiv2][status] PATCH https://cloudfunctions.googleapis.com/v2/projects/popchatv002/locations/us-central1/functions/testSnapshotCycling 200
[debug] [2025-06-30T04:28:41.559Z] <<< [apiv2][body] PATCH https://cloudfunctions.googleapis.com/v2/projects/popchatv002/locations/us-central1/functions/testSnapshotCycling {"name":"projects/popchatv002/locations/us-central1/operations/operation-1751257720468-638c27656b5fa-dbf4e1f2-487d5abc","metadata":{"@type":"type.googleapis.com/google.cloud.functions.v2.OperationMetadata","createTime":"2025-06-30T04:28:41.195718500Z","target":"projects/popchatv002/locations/us-central1/functions/testSnapshotCycling","verb":"update","cancelRequested":false,"apiVersion":"v2"},"done":false}
[debug] [2025-06-30T04:28:41.559Z] Checked if tokens are valid: true, expires at: 1751260621805
[debug] [2025-06-30T04:28:41.559Z] Checked if tokens are valid: true, expires at: 1751260621805
[debug] [2025-06-30T04:28:41.559Z] >>> [apiv2][query] GET https://cloudfunctions.googleapis.com/v2/projects/popchatv002/locations/us-central1/operations/operation-1751257720468-638c27656b5fa-dbf4e1f2-487d5abc [none]
[debug] [2025-06-30T04:28:41.561Z] <<< [apiv2][status] PATCH https://cloudfunctions.googleapis.com/v2/projects/popchatv002/locations/us-central1/functions/trackUserSessionCreate 200
[debug] [2025-06-30T04:28:41.561Z] <<< [apiv2][body] PATCH https://cloudfunctions.googleapis.com/v2/projects/popchatv002/locations/us-central1/functions/trackUserSessionCreate {"name":"projects/popchatv002/locations/us-central1/operations/operation-1751257720430-638c276561e9c-985cfb27-d7e3892a","metadata":{"@type":"type.googleapis.com/google.cloud.functions.v2.OperationMetadata","createTime":"2025-06-30T04:28:41.200534349Z","target":"projects/popchatv002/locations/us-central1/functions/trackUserSessionCreate","verb":"update","cancelRequested":false,"apiVersion":"v2"},"done":false}
[debug] [2025-06-30T04:28:41.561Z] Checked if tokens are valid: true, expires at: 1751260621805
[debug] [2025-06-30T04:28:41.561Z] Checked if tokens are valid: true, expires at: 1751260621805
[debug] [2025-06-30T04:28:41.561Z] >>> [apiv2][query] GET https://cloudfunctions.googleapis.com/v2/projects/popchatv002/locations/us-central1/operations/operation-1751257720430-638c276561e9c-985cfb27-d7e3892a [none]
[debug] [2025-06-30T04:28:41.569Z] <<< [apiv2][status] PATCH https://cloudfunctions.googleapis.com/v2/projects/popchatv002/locations/us-central1/functions/trackUserSessionDelete 200
[debug] [2025-06-30T04:28:41.569Z] <<< [apiv2][body] PATCH https://cloudfunctions.googleapis.com/v2/projects/popchatv002/locations/us-central1/functions/trackUserSessionDelete {"name":"projects/popchatv002/locations/us-central1/operations/operation-1751257720431-638c2765623ef-1d50ed9e-7f2e316b","metadata":{"@type":"type.googleapis.com/google.cloud.functions.v2.OperationMetadata","createTime":"2025-06-30T04:28:41.206328431Z","target":"projects/popchatv002/locations/us-central1/functions/trackUserSessionDelete","verb":"update","cancelRequested":false,"apiVersion":"v2"},"done":false}
[debug] [2025-06-30T04:28:41.569Z] Checked if tokens are valid: true, expires at: 1751260621805
[debug] [2025-06-30T04:28:41.569Z] Checked if tokens are valid: true, expires at: 1751260621805
[debug] [2025-06-30T04:28:41.569Z] >>> [apiv2][query] GET https://cloudfunctions.googleapis.com/v2/projects/popchatv002/locations/us-central1/operations/operation-1751257720431-638c2765623ef-1d50ed9e-7f2e316b [none]
[debug] [2025-06-30T04:28:41.574Z] <<< [apiv2][status] PATCH https://cloudfunctions.googleapis.com/v2/projects/popchatv002/locations/us-central1/functions/addUserStatus 200
[debug] [2025-06-30T04:28:41.575Z] <<< [apiv2][body] PATCH https://cloudfunctions.googleapis.com/v2/projects/popchatv002/locations/us-central1/functions/addUserStatus {"name":"projects/popchatv002/locations/us-central1/operations/operation-1751257720432-638c276562868-2f15351f-4544f374","metadata":{"@type":"type.googleapis.com/google.cloud.functions.v2.OperationMetadata","createTime":"2025-06-30T04:28:41.212843466Z","target":"projects/popchatv002/locations/us-central1/functions/addUserStatus","verb":"update","cancelRequested":false,"apiVersion":"v2"},"done":false}
[debug] [2025-06-30T04:28:41.575Z] Checked if tokens are valid: true, expires at: 1751260621805
[debug] [2025-06-30T04:28:41.575Z] Checked if tokens are valid: true, expires at: 1751260621805
[debug] [2025-06-30T04:28:41.575Z] >>> [apiv2][query] GET https://cloudfunctions.googleapis.com/v2/projects/popchatv002/locations/us-central1/operations/operation-1751257720432-638c276562868-2f15351f-4544f374 [none]
[debug] [2025-06-30T04:28:41.678Z] <<< [apiv2][status] GET https://cloudfunctions.googleapis.com/v2/projects/popchatv002/locations/us-central1/operations/operation-1751257720430-638c276561ea2-189f244a-e33d5a7a 200
[debug] [2025-06-30T04:28:41.678Z] <<< [apiv2][body] GET https://cloudfunctions.googleapis.com/v2/projects/popchatv002/locations/us-central1/operations/operation-1751257720430-638c276561ea2-189f244a-e33d5a7a {"name":"projects/popchatv002/locations/us-central1/operations/operation-1751257720430-638c276561ea2-189f244a-e33d5a7a","metadata":{"@type":"type.googleapis.com/google.cloud.functions.v2.OperationMetadata","createTime":"2025-06-30T04:28:41.056253777Z","target":"projects/popchatv002/locations/us-central1/functions/testSendAd","verb":"update","cancelRequested":false,"apiVersion":"v2","requestResource":{"@type":"type.googleapis.com/google.cloud.functions.v2.Function","name":"projects/popchatv002/locations/us-central1/functions/testSendAd","buildConfig":{"runtime":"nodejs22","entryPoint":"testSendAd","source":{"storageSource":{"bucket":"gcf-v2-sources-296369449480-us-central1","object":"testSendAd/function-source.zip","generation":"1751257721014420"}},"environmentVariables":{"GOOGLE_NODE_RUN_SCRIPTS":""},"dockerRepository":"projects/popchatv002/locations/us-central1/repositories/gcf-artifacts","sourceProvenance":{"resolvedStorageSource":{"bucket":"gcf-v2-sources-296369449480-us-central1","object":"testSendAd/function-source.zip","generation":"1751257099645799"}},"dockerRegistry":"ARTIFACT_REGISTRY","sourceToken":"Cldwcm9qZWN0cy8yOTYzNjk0NDk0ODAvbG9jYXRpb25zL3VzLWNlbnRyYWwxL2J1aWxkcy9kM2FhZjdlNS1hMWRkLTRjMWYtOGY0MC0xN2RmNDhlMTM1MzQSbHVzLWNlbnRyYWwxLWRvY2tlci5wa2cuZGV2L3BvcGNoYXR2MDAyL2djZi1hcnRpZmFjdHMvcG9wY2hhdHYwMDJfX3VzLS1jZW50cmFsMV9fdGVzdF9odHRwX2Z1bmN0aW9uOnZlcnNpb25fMRiI1PuH0AgiRXByb2plY3RzL3BvcGNoYXR2MDAyL2xvY2F0aW9ucy91cy1jZW50cmFsMS9mdW5jdGlvbnMvdGVzdEh0dHBGdW5jdGlvbioMCPOkiMMGENCd2b8BMghub2RlanMyMjp2CiNnY3IuaW8vZ2FlLXJ1bnRpbWVzL25vZGVqczIyOnN0YWJsZRJPdXMtY2VudHJhbDEtZG9ja2VyLnBrZy5kZXYvc2VydmVybGVzcy1ydW50aW1lcy9nb29nbGUtMjItZnVsbC9ydW50aW1lcy9ub2RlanMyMkAB","serviceAccount":"projects/popchatv002/serviceAccounts/296369449480-compute@developer.gserviceaccount.com","automaticUpdatePolicy":{}},"serviceConfig":{"service":"projects/popchatv002/locations/us-central1/services/testsendad","timeoutSeconds":60,"environmentVariables":{"FIREBASE_CONFIG":"{\"projectId\":\"popchatv002\",\"databaseURL\":\"https://popchatv002-default-rtdb.firebaseio.com\",\"storageBucket\":\"popchatv002.firebasestorage.app\"}","GCLOUD_PROJECT":"popchatv002","EVENTARC_CLOUD_EVENT_SOURCE":"projects/popchatv002/locations/us-central1/services/testSendAd","FUNCTION_TARGET":"testSendAd","LOG_EXECUTION_ID":"true","FUNCTION_SIGNATURE_TYPE":"http"},"ingressSettings":"ALLOW_ALL","uri":"https://testsendad-2zjil5azfa-uc.a.run.app","serviceAccountEmail":"296369449480-compute@developer.gserviceaccount.com","availableMemory":"256Mi","allTrafficOnLatestRevision":true,"revision":"testsendad-00017-viq","maxInstanceRequestConcurrency":80,"availableCpu":"1"},"state":"ACTIVE","labels":{"deployment-tool":"cli-firebase","firebase-functions-hash":"4fb95acf971fd44e46da4433b3dd2209ba159cb9"},"environment":"GEN_2","url":"https://us-central1-popchatv002.cloudfunctions.net/testSendAd","satisfiesPzi":true},"stages":[{"name":"BUILD","message":"Reusing build","state":"COMPLETE","resource":"projects/296369449480/locations/us-central1/builds/d3aaf7e5-a1dd-4c1f-8f40-17df48e13534"},{"name":"SERVICE","state":"NOT_STARTED"}],"sourceToken":"Cldwcm9qZWN0cy8yOTYzNjk0NDk0ODAvbG9jYXRpb25zL3VzLWNlbnRyYWwxL2J1aWxkcy9kM2FhZjdlNS1hMWRkLTRjMWYtOGY0MC0xN2RmNDhlMTM1MzQSbHVzLWNlbnRyYWwxLWRvY2tlci5wa2cuZGV2L3BvcGNoYXR2MDAyL2djZi1hcnRpZmFjdHMvcG9wY2hhdHYwMDJfX3VzLS1jZW50cmFsMV9fdGVzdF9odHRwX2Z1bmN0aW9uOnZlcnNpb25fMRiI1PuH0AgiRXByb2plY3RzL3BvcGNoYXR2MDAyL2xvY2F0aW9ucy91cy1jZW50cmFsMS9mdW5jdGlvbnMvdGVzdEh0dHBGdW5jdGlvbioMCPOkiMMGENCd2b8BMghub2RlanMyMjp2CiNnY3IuaW8vZ2FlLXJ1bnRpbWVzL25vZGVqczIyOnN0YWJsZRJPdXMtY2VudHJhbDEtZG9ja2VyLnBrZy5kZXYvc2VydmVybGVzcy1ydW50aW1lcy9nb29nbGUtMjItZnVsbC9ydW50aW1lcy9ub2RlanMyMkAB","operationType":"UPDATE_FUNCTION","buildName":"projects/296369449480/locations/us-central1/builds/d3aaf7e5-a1dd-4c1f-8f40-17df48e13534"},"done":false}
[debug] [2025-06-30T04:28:41.678Z] Got source token Cldwcm9qZWN0cy8yOTYzNjk0NDk0ODAvbG9jYXRpb25zL3VzLWNlbnRyYWwxL2J1aWxkcy9kM2FhZjdlNS1hMWRkLTRjMWYtOGY0MC0xN2RmNDhlMTM1MzQSbHVzLWNlbnRyYWwxLWRvY2tlci5wa2cuZGV2L3BvcGNoYXR2MDAyL2djZi1hcnRpZmFjdHMvcG9wY2hhdHYwMDJfX3VzLS1jZW50cmFsMV9fdGVzdF9odHRwX2Z1bmN0aW9uOnZlcnNpb25fMRiI1PuH0AgiRXByb2plY3RzL3BvcGNoYXR2MDAyL2xvY2F0aW9ucy91cy1jZW50cmFsMS9mdW5jdGlvbnMvdGVzdEh0dHBGdW5jdGlvbioMCPOkiMMGENCd2b8BMghub2RlanMyMjp2CiNnY3IuaW8vZ2FlLXJ1bnRpbWVzL25vZGVqczIyOnN0YWJsZRJPdXMtY2VudHJhbDEtZG9ja2VyLnBrZy5kZXYvc2VydmVybGVzcy1ydW50aW1lcy9nb29nbGUtMjItZnVsbC9ydW50aW1lcy9ub2RlanMyMkAB for region us-central1
[debug] [2025-06-30T04:28:41.684Z] <<< [apiv2][status] PATCH https://cloudfunctions.googleapis.com/v2/projects/popchatv002/locations/us-central1/functions/scheduledRandomUserMedia 200
[debug] [2025-06-30T04:28:41.684Z] <<< [apiv2][body] PATCH https://cloudfunctions.googleapis.com/v2/projects/popchatv002/locations/us-central1/functions/scheduledRandomUserMedia {"name":"projects/popchatv002/locations/us-central1/operations/operation-1751257720468-638c27656b449-f90f96cc-332f62ae","metadata":{"@type":"type.googleapis.com/google.cloud.functions.v2.OperationMetadata","createTime":"2025-06-30T04:28:41.321902137Z","target":"projects/popchatv002/locations/us-central1/functions/scheduledRandomUserMedia","verb":"update","cancelRequested":false,"apiVersion":"v2"},"done":false}
[debug] [2025-06-30T04:28:41.684Z] Checked if tokens are valid: true, expires at: 1751260621805
[debug] [2025-06-30T04:28:41.684Z] Checked if tokens are valid: true, expires at: 1751260621805
[debug] [2025-06-30T04:28:41.684Z] >>> [apiv2][query] GET https://cloudfunctions.googleapis.com/v2/projects/popchatv002/locations/us-central1/operations/operation-1751257720468-638c27656b449-f90f96cc-332f62ae [none]
[debug] [2025-06-30T04:28:41.709Z] <<< [apiv2][status] GET https://cloudfunctions.googleapis.com/v2/projects/popchatv002/locations/us-central1/operations/operation-1751257720430-638c276561e9d-1191d8e0-ebf1a17f 200
[debug] [2025-06-30T04:28:41.709Z] <<< [apiv2][body] GET https://cloudfunctions.googleapis.com/v2/projects/popchatv002/locations/us-central1/operations/operation-1751257720430-638c276561e9d-1191d8e0-ebf1a17f {"name":"projects/popchatv002/locations/us-central1/operations/operation-1751257720430-638c276561e9d-1191d8e0-ebf1a17f","metadata":{"@type":"type.googleapis.com/google.cloud.functions.v2.OperationMetadata","createTime":"2025-06-30T04:28:41.091952358Z","target":"projects/popchatv002/locations/us-central1/functions/telegramWebhook","verb":"update","cancelRequested":false,"apiVersion":"v2","requestResource":{"@type":"type.googleapis.com/google.cloud.functions.v2.Function","name":"projects/popchatv002/locations/us-central1/functions/telegramWebhook","buildConfig":{"runtime":"nodejs22","entryPoint":"telegramWebhook","source":{"storageSource":{"bucket":"gcf-v2-sources-296369449480-us-central1","object":"telegramWebhook/function-source.zip","generation":"1751257721051170"}},"environmentVariables":{"GOOGLE_NODE_RUN_SCRIPTS":""},"dockerRepository":"projects/popchatv002/locations/us-central1/repositories/gcf-artifacts","sourceProvenance":{"resolvedStorageSource":{"bucket":"gcf-v2-sources-296369449480-us-central1","object":"telegramWebhook/function-source.zip","generation":"1751257099563488"}},"dockerRegistry":"ARTIFACT_REGISTRY","sourceToken":"Cldwcm9qZWN0cy8yOTYzNjk0NDk0ODAvbG9jYXRpb25zL3VzLWNlbnRyYWwxL2J1aWxkcy9kM2FhZjdlNS1hMWRkLTRjMWYtOGY0MC0xN2RmNDhlMTM1MzQSbHVzLWNlbnRyYWwxLWRvY2tlci5wa2cuZGV2L3BvcGNoYXR2MDAyL2djZi1hcnRpZmFjdHMvcG9wY2hhdHYwMDJfX3VzLS1jZW50cmFsMV9fdGVzdF9odHRwX2Z1bmN0aW9uOnZlcnNpb25fMRiI1PuH0AgiRXByb2plY3RzL3BvcGNoYXR2MDAyL2xvY2F0aW9ucy91cy1jZW50cmFsMS9mdW5jdGlvbnMvdGVzdEh0dHBGdW5jdGlvbioMCPOkiMMGENCd2b8BMghub2RlanMyMjp2CiNnY3IuaW8vZ2FlLXJ1bnRpbWVzL25vZGVqczIyOnN0YWJsZRJPdXMtY2VudHJhbDEtZG9ja2VyLnBrZy5kZXYvc2VydmVybGVzcy1ydW50aW1lcy9nb29nbGUtMjItZnVsbC9ydW50aW1lcy9ub2RlanMyMkAB","serviceAccount":"projects/popchatv002/serviceAccounts/296369449480-compute@developer.gserviceaccount.com","automaticUpdatePolicy":{}},"serviceConfig":{"service":"projects/popchatv002/locations/us-central1/services/telegramwebhook","timeoutSeconds":60,"environmentVariables":{"FIREBASE_CONFIG":"{\"projectId\":\"popchatv002\",\"databaseURL\":\"https://popchatv002-default-rtdb.firebaseio.com\",\"storageBucket\":\"popchatv002.firebasestorage.app\"}","GCLOUD_PROJECT":"popchatv002","EVENTARC_CLOUD_EVENT_SOURCE":"projects/popchatv002/locations/us-central1/services/telegramWebhook","FUNCTION_TARGET":"telegramWebhook","LOG_EXECUTION_ID":"true","FUNCTION_SIGNATURE_TYPE":"http"},"ingressSettings":"ALLOW_ALL","uri":"https://telegramwebhook-2zjil5azfa-uc.a.run.app","serviceAccountEmail":"296369449480-compute@developer.gserviceaccount.com","availableMemory":"256Mi","allTrafficOnLatestRevision":true,"revision":"telegramwebhook-00012-rig","maxInstanceRequestConcurrency":80,"availableCpu":"1"},"state":"ACTIVE","labels":{"deployment-tool":"cli-firebase","firebase-functions-hash":"4fb95acf971fd44e46da4433b3dd2209ba159cb9"},"environment":"GEN_2","url":"https://us-central1-popchatv002.cloudfunctions.net/telegramWebhook","satisfiesPzi":true},"stages":[{"name":"BUILD","message":"Reusing build","state":"COMPLETE","resource":"projects/296369449480/locations/us-central1/builds/d3aaf7e5-a1dd-4c1f-8f40-17df48e13534"},{"name":"SERVICE","state":"NOT_STARTED"}],"sourceToken":"Cldwcm9qZWN0cy8yOTYzNjk0NDk0ODAvbG9jYXRpb25zL3VzLWNlbnRyYWwxL2J1aWxkcy9kM2FhZjdlNS1hMWRkLTRjMWYtOGY0MC0xN2RmNDhlMTM1MzQSbHVzLWNlbnRyYWwxLWRvY2tlci5wa2cuZGV2L3BvcGNoYXR2MDAyL2djZi1hcnRpZmFjdHMvcG9wY2hhdHYwMDJfX3VzLS1jZW50cmFsMV9fdGVzdF9odHRwX2Z1bmN0aW9uOnZlcnNpb25fMRiI1PuH0AgiRXByb2plY3RzL3BvcGNoYXR2MDAyL2xvY2F0aW9ucy91cy1jZW50cmFsMS9mdW5jdGlvbnMvdGVzdEh0dHBGdW5jdGlvbioMCPOkiMMGENCd2b8BMghub2RlanMyMjp2CiNnY3IuaW8vZ2FlLXJ1bnRpbWVzL25vZGVqczIyOnN0YWJsZRJPdXMtY2VudHJhbDEtZG9ja2VyLnBrZy5kZXYvc2VydmVybGVzcy1ydW50aW1lcy9nb29nbGUtMjItZnVsbC9ydW50aW1lcy9ub2RlanMyMkAB","operationType":"UPDATE_FUNCTION","buildName":"projects/296369449480/locations/us-central1/builds/d3aaf7e5-a1dd-4c1f-8f40-17df48e13534"},"done":false}
[debug] [2025-06-30T04:28:41.709Z] Got source token Cldwcm9qZWN0cy8yOTYzNjk0NDk0ODAvbG9jYXRpb25zL3VzLWNlbnRyYWwxL2J1aWxkcy9kM2FhZjdlNS1hMWRkLTRjMWYtOGY0MC0xN2RmNDhlMTM1MzQSbHVzLWNlbnRyYWwxLWRvY2tlci5wa2cuZGV2L3BvcGNoYXR2MDAyL2djZi1hcnRpZmFjdHMvcG9wY2hhdHYwMDJfX3VzLS1jZW50cmFsMV9fdGVzdF9odHRwX2Z1bmN0aW9uOnZlcnNpb25fMRiI1PuH0AgiRXByb2plY3RzL3BvcGNoYXR2MDAyL2xvY2F0aW9ucy91cy1jZW50cmFsMS9mdW5jdGlvbnMvdGVzdEh0dHBGdW5jdGlvbioMCPOkiMMGENCd2b8BMghub2RlanMyMjp2CiNnY3IuaW8vZ2FlLXJ1bnRpbWVzL25vZGVqczIyOnN0YWJsZRJPdXMtY2VudHJhbDEtZG9ja2VyLnBrZy5kZXYvc2VydmVybGVzcy1ydW50aW1lcy9nb29nbGUtMjItZnVsbC9ydW50aW1lcy9ub2RlanMyMkAB for region us-central1
[debug] [2025-06-30T04:28:41.710Z] <<< [apiv2][status] GET https://cloudfunctions.googleapis.com/v2/projects/popchatv002/locations/us-central1/operations/operation-1751257720413-638c27655de89-6698e35a-8f465e0a 200
[debug] [2025-06-30T04:28:41.710Z] <<< [apiv2][body] GET https://cloudfunctions.googleapis.com/v2/projects/popchatv002/locations/us-central1/operations/operation-1751257720413-638c27655de89-6698e35a-8f465e0a {"name":"projects/popchatv002/locations/us-central1/operations/operation-1751257720413-638c27655de89-6698e35a-8f465e0a","metadata":{"@type":"type.googleapis.com/google.cloud.functions.v2.OperationMetadata","createTime":"2025-06-30T04:28:41.095424257Z","target":"projects/popchatv002/locations/us-central1/functions/resetUserCounter","verb":"update","cancelRequested":false,"apiVersion":"v2","requestResource":{"@type":"type.googleapis.com/google.cloud.functions.v2.Function","name":"projects/popchatv002/locations/us-central1/functions/resetUserCounter","buildConfig":{"runtime":"nodejs22","entryPoint":"resetUserCounter","source":{"storageSource":{"bucket":"gcf-v2-sources-296369449480-us-central1","object":"resetUserCounter/function-source.zip","generation":"1751257721056668"}},"environmentVariables":{"GOOGLE_NODE_RUN_SCRIPTS":""},"dockerRepository":"projects/popchatv002/locations/us-central1/repositories/gcf-artifacts","sourceProvenance":{"resolvedStorageSource":{"bucket":"gcf-v2-sources-296369449480-us-central1","object":"resetUserCounter/function-source.zip","generation":"1751257099518160"}},"dockerRegistry":"ARTIFACT_REGISTRY","sourceToken":"Cldwcm9qZWN0cy8yOTYzNjk0NDk0ODAvbG9jYXRpb25zL3VzLWNlbnRyYWwxL2J1aWxkcy9kM2FhZjdlNS1hMWRkLTRjMWYtOGY0MC0xN2RmNDhlMTM1MzQSbHVzLWNlbnRyYWwxLWRvY2tlci5wa2cuZGV2L3BvcGNoYXR2MDAyL2djZi1hcnRpZmFjdHMvcG9wY2hhdHYwMDJfX3VzLS1jZW50cmFsMV9fdGVzdF9odHRwX2Z1bmN0aW9uOnZlcnNpb25fMRiI1PuH0AgiRXByb2plY3RzL3BvcGNoYXR2MDAyL2xvY2F0aW9ucy91cy1jZW50cmFsMS9mdW5jdGlvbnMvdGVzdEh0dHBGdW5jdGlvbioMCPOkiMMGENCd2b8BMghub2RlanMyMjp2CiNnY3IuaW8vZ2FlLXJ1bnRpbWVzL25vZGVqczIyOnN0YWJsZRJPdXMtY2VudHJhbDEtZG9ja2VyLnBrZy5kZXYvc2VydmVybGVzcy1ydW50aW1lcy9nb29nbGUtMjItZnVsbC9ydW50aW1lcy9ub2RlanMyMkAB","serviceAccount":"projects/popchatv002/serviceAccounts/296369449480-compute@developer.gserviceaccount.com","automaticUpdatePolicy":{}},"serviceConfig":{"service":"projects/popchatv002/locations/us-central1/services/resetusercounter","timeoutSeconds":60,"environmentVariables":{"FIREBASE_CONFIG":"{\"projectId\":\"popchatv002\",\"databaseURL\":\"https://popchatv002-default-rtdb.firebaseio.com\",\"storageBucket\":\"popchatv002.firebasestorage.app\"}","GCLOUD_PROJECT":"popchatv002","EVENTARC_CLOUD_EVENT_SOURCE":"projects/popchatv002/locations/us-central1/services/resetUserCounter","FUNCTION_TARGET":"resetUserCounter","LOG_EXECUTION_ID":"true","FUNCTION_SIGNATURE_TYPE":"http"},"ingressSettings":"ALLOW_ALL","uri":"https://resetusercounter-2zjil5azfa-uc.a.run.app","serviceAccountEmail":"296369449480-compute@developer.gserviceaccount.com","availableMemory":"256Mi","allTrafficOnLatestRevision":true,"revision":"resetusercounter-00014-cef","maxInstanceRequestConcurrency":80,"availableCpu":"1"},"state":"ACTIVE","labels":{"deployment-tool":"cli-firebase","firebase-functions-hash":"4fb95acf971fd44e46da4433b3dd2209ba159cb9"},"environment":"GEN_2","url":"https://us-central1-popchatv002.cloudfunctions.net/resetUserCounter","satisfiesPzi":true},"stages":[{"name":"BUILD","message":"Reusing build","state":"COMPLETE","resource":"projects/296369449480/locations/us-central1/builds/d3aaf7e5-a1dd-4c1f-8f40-17df48e13534"},{"name":"SERVICE","state":"NOT_STARTED"}],"sourceToken":"Cldwcm9qZWN0cy8yOTYzNjk0NDk0ODAvbG9jYXRpb25zL3VzLWNlbnRyYWwxL2J1aWxkcy9kM2FhZjdlNS1hMWRkLTRjMWYtOGY0MC0xN2RmNDhlMTM1MzQSbHVzLWNlbnRyYWwxLWRvY2tlci5wa2cuZGV2L3BvcGNoYXR2MDAyL2djZi1hcnRpZmFjdHMvcG9wY2hhdHYwMDJfX3VzLS1jZW50cmFsMV9fdGVzdF9odHRwX2Z1bmN0aW9uOnZlcnNpb25fMRiI1PuH0AgiRXByb2plY3RzL3BvcGNoYXR2MDAyL2xvY2F0aW9ucy91cy1jZW50cmFsMS9mdW5jdGlvbnMvdGVzdEh0dHBGdW5jdGlvbioMCPOkiMMGENCd2b8BMghub2RlanMyMjp2CiNnY3IuaW8vZ2FlLXJ1bnRpbWVzL25vZGVqczIyOnN0YWJsZRJPdXMtY2VudHJhbDEtZG9ja2VyLnBrZy5kZXYvc2VydmVybGVzcy1ydW50aW1lcy9nb29nbGUtMjItZnVsbC9ydW50aW1lcy9ub2RlanMyMkAB","operationType":"UPDATE_FUNCTION","buildName":"projects/296369449480/locations/us-central1/builds/d3aaf7e5-a1dd-4c1f-8f40-17df48e13534"},"done":false}
[debug] [2025-06-30T04:28:41.710Z] Got source token Cldwcm9qZWN0cy8yOTYzNjk0NDk0ODAvbG9jYXRpb25zL3VzLWNlbnRyYWwxL2J1aWxkcy9kM2FhZjdlNS1hMWRkLTRjMWYtOGY0MC0xN2RmNDhlMTM1MzQSbHVzLWNlbnRyYWwxLWRvY2tlci5wa2cuZGV2L3BvcGNoYXR2MDAyL2djZi1hcnRpZmFjdHMvcG9wY2hhdHYwMDJfX3VzLS1jZW50cmFsMV9fdGVzdF9odHRwX2Z1bmN0aW9uOnZlcnNpb25fMRiI1PuH0AgiRXByb2plY3RzL3BvcGNoYXR2MDAyL2xvY2F0aW9ucy91cy1jZW50cmFsMS9mdW5jdGlvbnMvdGVzdEh0dHBGdW5jdGlvbioMCPOkiMMGENCd2b8BMghub2RlanMyMjp2CiNnY3IuaW8vZ2FlLXJ1bnRpbWVzL25vZGVqczIyOnN0YWJsZRJPdXMtY2VudHJhbDEtZG9ja2VyLnBrZy5kZXYvc2VydmVybGVzcy1ydW50aW1lcy9nb29nbGUtMjItZnVsbC9ydW50aW1lcy9ub2RlanMyMkAB for region us-central1
[debug] [2025-06-30T04:28:41.710Z] <<< [apiv2][status] GET https://cloudfunctions.googleapis.com/v2/projects/popchatv002/locations/us-central1/operations/operation-1751257720429-638c2765619c9-aa1c1132-72ed2591 200
[debug] [2025-06-30T04:28:41.710Z] <<< [apiv2][body] GET https://cloudfunctions.googleapis.com/v2/projects/popchatv002/locations/us-central1/operations/operation-1751257720429-638c2765619c9-aa1c1132-72ed2591 {"name":"projects/popchatv002/locations/us-central1/operations/operation-1751257720429-638c2765619c9-aa1c1132-72ed2591","metadata":{"@type":"type.googleapis.com/google.cloud.functions.v2.OperationMetadata","createTime":"2025-06-30T04:28:41.087145853Z","target":"projects/popchatv002/locations/us-central1/functions/scheduledSendAd","verb":"update","cancelRequested":false,"apiVersion":"v2","requestResource":{"@type":"type.googleapis.com/google.cloud.functions.v2.Function","name":"projects/popchatv002/locations/us-central1/functions/scheduledSendAd","buildConfig":{"runtime":"nodejs22","entryPoint":"scheduledSendAd","source":{"storageSource":{"bucket":"gcf-v2-sources-296369449480-us-central1","object":"scheduledSendAd/function-source.zip","generation":"1751257721047016"}},"environmentVariables":{"GOOGLE_NODE_RUN_SCRIPTS":""},"dockerRepository":"projects/popchatv002/locations/us-central1/repositories/gcf-artifacts","sourceProvenance":{"resolvedStorageSource":{"bucket":"gcf-v2-sources-296369449480-us-central1","object":"scheduledSendAd/function-source.zip","generation":"1751257504667326"}},"dockerRegistry":"ARTIFACT_REGISTRY","sourceToken":"Cldwcm9qZWN0cy8yOTYzNjk0NDk0ODAvbG9jYXRpb25zL3VzLWNlbnRyYWwxL2J1aWxkcy9kM2FhZjdlNS1hMWRkLTRjMWYtOGY0MC0xN2RmNDhlMTM1MzQSbHVzLWNlbnRyYWwxLWRvY2tlci5wa2cuZGV2L3BvcGNoYXR2MDAyL2djZi1hcnRpZmFjdHMvcG9wY2hhdHYwMDJfX3VzLS1jZW50cmFsMV9fdGVzdF9odHRwX2Z1bmN0aW9uOnZlcnNpb25fMRiI1PuH0AgiRXByb2plY3RzL3BvcGNoYXR2MDAyL2xvY2F0aW9ucy91cy1jZW50cmFsMS9mdW5jdGlvbnMvdGVzdEh0dHBGdW5jdGlvbioMCPOkiMMGENCd2b8BMghub2RlanMyMjp2CiNnY3IuaW8vZ2FlLXJ1bnRpbWVzL25vZGVqczIyOnN0YWJsZRJPdXMtY2VudHJhbDEtZG9ja2VyLnBrZy5kZXYvc2VydmVybGVzcy1ydW50aW1lcy9nb29nbGUtMjItZnVsbC9ydW50aW1lcy9ub2RlanMyMkAB","serviceAccount":"projects/popchatv002/serviceAccounts/296369449480-compute@developer.gserviceaccount.com","automaticUpdatePolicy":{}},"serviceConfig":{"service":"projects/popchatv002/locations/us-central1/services/scheduledsendad","timeoutSeconds":60,"environmentVariables":{"FIREBASE_CONFIG":"{\"projectId\":\"popchatv002\",\"databaseURL\":\"https://popchatv002-default-rtdb.firebaseio.com\",\"storageBucket\":\"popchatv002.firebasestorage.app\"}","GCLOUD_PROJECT":"popchatv002","EVENTARC_CLOUD_EVENT_SOURCE":"projects/popchatv002/locations/us-central1/services/scheduledSendAd","FUNCTION_TARGET":"scheduledSendAd","LOG_EXECUTION_ID":"true","FUNCTION_SIGNATURE_TYPE":"http"},"ingressSettings":"ALLOW_ALL","uri":"https://scheduledsendad-2zjil5azfa-uc.a.run.app","serviceAccountEmail":"296369449480-compute@developer.gserviceaccount.com","availableMemory":"256Mi","allTrafficOnLatestRevision":true,"revision":"scheduledsendad-00019-jep","maxInstanceRequestConcurrency":80,"availableCpu":"1"},"state":"ACTIVE","labels":{"deployment-tool":"cli-firebase","deployment-scheduled":"true","firebase-functions-hash":"4fb95acf971fd44e46da4433b3dd2209ba159cb9"},"environment":"GEN_2","url":"https://us-central1-popchatv002.cloudfunctions.net/scheduledSendAd","satisfiesPzi":true},"stages":[{"name":"BUILD","message":"Reusing build","state":"COMPLETE","resource":"projects/296369449480/locations/us-central1/builds/d3aaf7e5-a1dd-4c1f-8f40-17df48e13534"},{"name":"SERVICE","state":"NOT_STARTED"}],"sourceToken":"Cldwcm9qZWN0cy8yOTYzNjk0NDk0ODAvbG9jYXRpb25zL3VzLWNlbnRyYWwxL2J1aWxkcy9kM2FhZjdlNS1hMWRkLTRjMWYtOGY0MC0xN2RmNDhlMTM1MzQSbHVzLWNlbnRyYWwxLWRvY2tlci5wa2cuZGV2L3BvcGNoYXR2MDAyL2djZi1hcnRpZmFjdHMvcG9wY2hhdHYwMDJfX3VzLS1jZW50cmFsMV9fdGVzdF9odHRwX2Z1bmN0aW9uOnZlcnNpb25fMRiI1PuH0AgiRXByb2plY3RzL3BvcGNoYXR2MDAyL2xvY2F0aW9ucy91cy1jZW50cmFsMS9mdW5jdGlvbnMvdGVzdEh0dHBGdW5jdGlvbioMCPOkiMMGENCd2b8BMghub2RlanMyMjp2CiNnY3IuaW8vZ2FlLXJ1bnRpbWVzL25vZGVqczIyOnN0YWJsZRJPdXMtY2VudHJhbDEtZG9ja2VyLnBrZy5kZXYvc2VydmVybGVzcy1ydW50aW1lcy9nb29nbGUtMjItZnVsbC9ydW50aW1lcy9ub2RlanMyMkAB","operationType":"UPDATE_FUNCTION","buildName":"projects/296369449480/locations/us-central1/builds/d3aaf7e5-a1dd-4c1f-8f40-17df48e13534"},"done":false}
[debug] [2025-06-30T04:28:41.710Z] Got source token Cldwcm9qZWN0cy8yOTYzNjk0NDk0ODAvbG9jYXRpb25zL3VzLWNlbnRyYWwxL2J1aWxkcy9kM2FhZjdlNS1hMWRkLTRjMWYtOGY0MC0xN2RmNDhlMTM1MzQSbHVzLWNlbnRyYWwxLWRvY2tlci5wa2cuZGV2L3BvcGNoYXR2MDAyL2djZi1hcnRpZmFjdHMvcG9wY2hhdHYwMDJfX3VzLS1jZW50cmFsMV9fdGVzdF9odHRwX2Z1bmN0aW9uOnZlcnNpb25fMRiI1PuH0AgiRXByb2plY3RzL3BvcGNoYXR2MDAyL2xvY2F0aW9ucy91cy1jZW50cmFsMS9mdW5jdGlvbnMvdGVzdEh0dHBGdW5jdGlvbioMCPOkiMMGENCd2b8BMghub2RlanMyMjp2CiNnY3IuaW8vZ2FlLXJ1bnRpbWVzL25vZGVqczIyOnN0YWJsZRJPdXMtY2VudHJhbDEtZG9ja2VyLnBrZy5kZXYvc2VydmVybGVzcy1ydW50aW1lcy9nb29nbGUtMjItZnVsbC9ydW50aW1lcy9ub2RlanMyMkAB for region us-central1
[debug] [2025-06-30T04:28:41.766Z] <<< [apiv2][status] GET https://cloudfunctions.googleapis.com/v2/projects/popchatv002/locations/us-central1/operations/operation-1751257720469-638c27656b729-c899d5b1-c4413bff 200
[debug] [2025-06-30T04:28:41.767Z] <<< [apiv2][body] GET https://cloudfunctions.googleapis.com/v2/projects/popchatv002/locations/us-central1/operations/operation-1751257720469-638c27656b729-c899d5b1-c4413bff {"name":"projects/popchatv002/locations/us-central1/operations/operation-1751257720469-638c27656b729-c899d5b1-c4413bff","metadata":{"@type":"type.googleapis.com/google.cloud.functions.v2.OperationMetadata","createTime":"2025-06-30T04:28:41.149278176Z","target":"projects/popchatv002/locations/us-central1/functions/sendHostToGroup","verb":"update","cancelRequested":false,"apiVersion":"v2","requestResource":{"@type":"type.googleapis.com/google.cloud.functions.v2.Function","name":"projects/popchatv002/locations/us-central1/functions/sendHostToGroup","buildConfig":{"runtime":"nodejs22","entryPoint":"sendHostToGroup","source":{"storageSource":{"bucket":"gcf-v2-sources-296369449480-us-central1","object":"sendHostToGroup/function-source.zip","generation":"1751257721098329"}},"environmentVariables":{"GOOGLE_NODE_RUN_SCRIPTS":""},"dockerRepository":"projects/popchatv002/locations/us-central1/repositories/gcf-artifacts","sourceProvenance":{"resolvedStorageSource":{"bucket":"gcf-v2-sources-296369449480-us-central1","object":"sendHostToGroup/function-source.zip","generation":"1751257099576409"}},"dockerRegistry":"ARTIFACT_REGISTRY","sourceToken":"Cldwcm9qZWN0cy8yOTYzNjk0NDk0ODAvbG9jYXRpb25zL3VzLWNlbnRyYWwxL2J1aWxkcy9kM2FhZjdlNS1hMWRkLTRjMWYtOGY0MC0xN2RmNDhlMTM1MzQSbHVzLWNlbnRyYWwxLWRvY2tlci5wa2cuZGV2L3BvcGNoYXR2MDAyL2djZi1hcnRpZmFjdHMvcG9wY2hhdHYwMDJfX3VzLS1jZW50cmFsMV9fdGVzdF9odHRwX2Z1bmN0aW9uOnZlcnNpb25fMRiI1PuH0AgiRXByb2plY3RzL3BvcGNoYXR2MDAyL2xvY2F0aW9ucy91cy1jZW50cmFsMS9mdW5jdGlvbnMvdGVzdEh0dHBGdW5jdGlvbioMCPOkiMMGENCd2b8BMghub2RlanMyMjp2CiNnY3IuaW8vZ2FlLXJ1bnRpbWVzL25vZGVqczIyOnN0YWJsZRJPdXMtY2VudHJhbDEtZG9ja2VyLnBrZy5kZXYvc2VydmVybGVzcy1ydW50aW1lcy9nb29nbGUtMjItZnVsbC9ydW50aW1lcy9ub2RlanMyMkAB","serviceAccount":"projects/popchatv002/serviceAccounts/296369449480-compute@developer.gserviceaccount.com","automaticUpdatePolicy":{}},"serviceConfig":{"service":"projects/popchatv002/locations/us-central1/services/sendhosttogroup","timeoutSeconds":60,"environmentVariables":{"FIREBASE_CONFIG":"{\"projectId\":\"popchatv002\",\"databaseURL\":\"https://popchatv002-default-rtdb.firebaseio.com\",\"storageBucket\":\"popchatv002.firebasestorage.app\"}","GCLOUD_PROJECT":"popchatv002","EVENTARC_CLOUD_EVENT_SOURCE":"projects/popchatv002/locations/us-central1/services/sendHostToGroup","FUNCTION_TARGET":"sendHostToGroup","LOG_EXECUTION_ID":"true","FUNCTION_SIGNATURE_TYPE":"http"},"ingressSettings":"ALLOW_ALL","uri":"https://sendhosttogroup-2zjil5azfa-uc.a.run.app","serviceAccountEmail":"296369449480-compute@developer.gserviceaccount.com","availableMemory":"256Mi","allTrafficOnLatestRevision":true,"revision":"sendhosttogroup-00023-viy","maxInstanceRequestConcurrency":80,"availableCpu":"1"},"state":"ACTIVE","labels":{"deployment-tool":"cli-firebase","firebase-functions-hash":"4fb95acf971fd44e46da4433b3dd2209ba159cb9"},"environment":"GEN_2","url":"https://us-central1-popchatv002.cloudfunctions.net/sendHostToGroup","satisfiesPzi":true},"stages":[{"name":"BUILD","message":"Reusing build","state":"COMPLETE","resource":"projects/296369449480/locations/us-central1/builds/d3aaf7e5-a1dd-4c1f-8f40-17df48e13534"},{"name":"SERVICE","state":"NOT_STARTED"}],"sourceToken":"Cldwcm9qZWN0cy8yOTYzNjk0NDk0ODAvbG9jYXRpb25zL3VzLWNlbnRyYWwxL2J1aWxkcy9kM2FhZjdlNS1hMWRkLTRjMWYtOGY0MC0xN2RmNDhlMTM1MzQSbHVzLWNlbnRyYWwxLWRvY2tlci5wa2cuZGV2L3BvcGNoYXR2MDAyL2djZi1hcnRpZmFjdHMvcG9wY2hhdHYwMDJfX3VzLS1jZW50cmFsMV9fdGVzdF9odHRwX2Z1bmN0aW9uOnZlcnNpb25fMRiI1PuH0AgiRXByb2plY3RzL3BvcGNoYXR2MDAyL2xvY2F0aW9ucy91cy1jZW50cmFsMS9mdW5jdGlvbnMvdGVzdEh0dHBGdW5jdGlvbioMCPOkiMMGENCd2b8BMghub2RlanMyMjp2CiNnY3IuaW8vZ2FlLXJ1bnRpbWVzL25vZGVqczIyOnN0YWJsZRJPdXMtY2VudHJhbDEtZG9ja2VyLnBrZy5kZXYvc2VydmVybGVzcy1ydW50aW1lcy9nb29nbGUtMjItZnVsbC9ydW50aW1lcy9ub2RlanMyMkAB","operationType":"UPDATE_FUNCTION","buildName":"projects/296369449480/locations/us-central1/builds/d3aaf7e5-a1dd-4c1f-8f40-17df48e13534"},"done":false}
[debug] [2025-06-30T04:28:41.767Z] Got source token Cldwcm9qZWN0cy8yOTYzNjk0NDk0ODAvbG9jYXRpb25zL3VzLWNlbnRyYWwxL2J1aWxkcy9kM2FhZjdlNS1hMWRkLTRjMWYtOGY0MC0xN2RmNDhlMTM1MzQSbHVzLWNlbnRyYWwxLWRvY2tlci5wa2cuZGV2L3BvcGNoYXR2MDAyL2djZi1hcnRpZmFjdHMvcG9wY2hhdHYwMDJfX3VzLS1jZW50cmFsMV9fdGVzdF9odHRwX2Z1bmN0aW9uOnZlcnNpb25fMRiI1PuH0AgiRXByb2plY3RzL3BvcGNoYXR2MDAyL2xvY2F0aW9ucy91cy1jZW50cmFsMS9mdW5jdGlvbnMvdGVzdEh0dHBGdW5jdGlvbioMCPOkiMMGENCd2b8BMghub2RlanMyMjp2CiNnY3IuaW8vZ2FlLXJ1bnRpbWVzL25vZGVqczIyOnN0YWJsZRJPdXMtY2VudHJhbDEtZG9ja2VyLnBrZy5kZXYvc2VydmVybGVzcy1ydW50aW1lcy9nb29nbGUtMjItZnVsbC9ydW50aW1lcy9ub2RlanMyMkAB for region us-central1
[debug] [2025-06-30T04:28:41.794Z] <<< [apiv2][status] GET https://cloudfunctions.googleapis.com/v2/projects/popchatv002/locations/us-central1/operations/operation-1751257720466-638c27656aac6-c7a788ed-f3b01150 200
[debug] [2025-06-30T04:28:41.794Z] <<< [apiv2][body] GET https://cloudfunctions.googleapis.com/v2/projects/popchatv002/locations/us-central1/operations/operation-1751257720466-638c27656aac6-c7a788ed-f3b01150 {"name":"projects/popchatv002/locations/us-central1/operations/operation-1751257720466-638c27656aac6-c7a788ed-f3b01150","metadata":{"@type":"type.googleapis.com/google.cloud.functions.v2.OperationMetadata","createTime":"2025-06-30T04:28:41.164815608Z","target":"projects/popchatv002/locations/us-central1/functions/testScheduledFunction","verb":"update","cancelRequested":false,"apiVersion":"v2","requestResource":{"@type":"type.googleapis.com/google.cloud.functions.v2.Function","name":"projects/popchatv002/locations/us-central1/functions/testScheduledFunction","buildConfig":{"runtime":"nodejs22","entryPoint":"testScheduledFunction","source":{"storageSource":{"bucket":"gcf-v2-sources-296369449480-us-central1","object":"testScheduledFunction/function-source.zip","generation":"1751257721123130"}},"environmentVariables":{"GOOGLE_NODE_RUN_SCRIPTS":""},"dockerRepository":"projects/popchatv002/locations/us-central1/repositories/gcf-artifacts","sourceProvenance":{"resolvedStorageSource":{"bucket":"gcf-v2-sources-296369449480-us-central1","object":"testScheduledFunction/function-source.zip","generation":"1751257099559976"}},"dockerRegistry":"ARTIFACT_REGISTRY","sourceToken":"Cldwcm9qZWN0cy8yOTYzNjk0NDk0ODAvbG9jYXRpb25zL3VzLWNlbnRyYWwxL2J1aWxkcy9kM2FhZjdlNS1hMWRkLTRjMWYtOGY0MC0xN2RmNDhlMTM1MzQSbHVzLWNlbnRyYWwxLWRvY2tlci5wa2cuZGV2L3BvcGNoYXR2MDAyL2djZi1hcnRpZmFjdHMvcG9wY2hhdHYwMDJfX3VzLS1jZW50cmFsMV9fdGVzdF9odHRwX2Z1bmN0aW9uOnZlcnNpb25fMRiI1PuH0AgiRXByb2plY3RzL3BvcGNoYXR2MDAyL2xvY2F0aW9ucy91cy1jZW50cmFsMS9mdW5jdGlvbnMvdGVzdEh0dHBGdW5jdGlvbioMCPOkiMMGENCd2b8BMghub2RlanMyMjp2CiNnY3IuaW8vZ2FlLXJ1bnRpbWVzL25vZGVqczIyOnN0YWJsZRJPdXMtY2VudHJhbDEtZG9ja2VyLnBrZy5kZXYvc2VydmVybGVzcy1ydW50aW1lcy9nb29nbGUtMjItZnVsbC9ydW50aW1lcy9ub2RlanMyMkAB","serviceAccount":"projects/popchatv002/serviceAccounts/296369449480-compute@developer.gserviceaccount.com","automaticUpdatePolicy":{}},"serviceConfig":{"service":"projects/popchatv002/locations/us-central1/services/testscheduledfunction","timeoutSeconds":60,"environmentVariables":{"FIREBASE_CONFIG":"{\"projectId\":\"popchatv002\",\"databaseURL\":\"https://popchatv002-default-rtdb.firebaseio.com\",\"storageBucket\":\"popchatv002.firebasestorage.app\"}","GCLOUD_PROJECT":"popchatv002","EVENTARC_CLOUD_EVENT_SOURCE":"projects/popchatv002/locations/us-central1/services/testScheduledFunction","FUNCTION_TARGET":"testScheduledFunction","LOG_EXECUTION_ID":"true","FUNCTION_SIGNATURE_TYPE":"http"},"ingressSettings":"ALLOW_ALL","uri":"https://testscheduledfunction-2zjil5azfa-uc.a.run.app","serviceAccountEmail":"296369449480-compute@developer.gserviceaccount.com","availableMemory":"256Mi","allTrafficOnLatestRevision":true,"revision":"testscheduledfunction-00024-xin","maxInstanceRequestConcurrency":80,"availableCpu":"1"},"state":"ACTIVE","labels":{"deployment-tool":"cli-firebase","firebase-functions-hash":"4fb95acf971fd44e46da4433b3dd2209ba159cb9"},"environment":"GEN_2","url":"https://us-central1-popchatv002.cloudfunctions.net/testScheduledFunction","satisfiesPzi":true},"stages":[{"name":"BUILD","message":"Reusing build","state":"COMPLETE","resource":"projects/296369449480/locations/us-central1/builds/d3aaf7e5-a1dd-4c1f-8f40-17df48e13534"},{"name":"SERVICE","state":"NOT_STARTED"}],"sourceToken":"Cldwcm9qZWN0cy8yOTYzNjk0NDk0ODAvbG9jYXRpb25zL3VzLWNlbnRyYWwxL2J1aWxkcy9kM2FhZjdlNS1hMWRkLTRjMWYtOGY0MC0xN2RmNDhlMTM1MzQSbHVzLWNlbnRyYWwxLWRvY2tlci5wa2cuZGV2L3BvcGNoYXR2MDAyL2djZi1hcnRpZmFjdHMvcG9wY2hhdHYwMDJfX3VzLS1jZW50cmFsMV9fdGVzdF9odHRwX2Z1bmN0aW9uOnZlcnNpb25fMRiI1PuH0AgiRXByb2plY3RzL3BvcGNoYXR2MDAyL2xvY2F0aW9ucy91cy1jZW50cmFsMS9mdW5jdGlvbnMvdGVzdEh0dHBGdW5jdGlvbioMCPOkiMMGENCd2b8BMghub2RlanMyMjp2CiNnY3IuaW8vZ2FlLXJ1bnRpbWVzL25vZGVqczIyOnN0YWJsZRJPdXMtY2VudHJhbDEtZG9ja2VyLnBrZy5kZXYvc2VydmVybGVzcy1ydW50aW1lcy9nb29nbGUtMjItZnVsbC9ydW50aW1lcy9ub2RlanMyMkAB","operationType":"UPDATE_FUNCTION","buildName":"projects/296369449480/locations/us-central1/builds/d3aaf7e5-a1dd-4c1f-8f40-17df48e13534"},"done":false}
[debug] [2025-06-30T04:28:41.794Z] Got source token Cldwcm9qZWN0cy8yOTYzNjk0NDk0ODAvbG9jYXRpb25zL3VzLWNlbnRyYWwxL2J1aWxkcy9kM2FhZjdlNS1hMWRkLTRjMWYtOGY0MC0xN2RmNDhlMTM1MzQSbHVzLWNlbnRyYWwxLWRvY2tlci5wa2cuZGV2L3BvcGNoYXR2MDAyL2djZi1hcnRpZmFjdHMvcG9wY2hhdHYwMDJfX3VzLS1jZW50cmFsMV9fdGVzdF9odHRwX2Z1bmN0aW9uOnZlcnNpb25fMRiI1PuH0AgiRXByb2plY3RzL3BvcGNoYXR2MDAyL2xvY2F0aW9ucy91cy1jZW50cmFsMS9mdW5jdGlvbnMvdGVzdEh0dHBGdW5jdGlvbioMCPOkiMMGENCd2b8BMghub2RlanMyMjp2CiNnY3IuaW8vZ2FlLXJ1bnRpbWVzL25vZGVqczIyOnN0YWJsZRJPdXMtY2VudHJhbDEtZG9ja2VyLnBrZy5kZXYvc2VydmVybGVzcy1ydW50aW1lcy9nb29nbGUtMjItZnVsbC9ydW50aW1lcy9ub2RlanMyMkAB for region us-central1
[debug] [2025-06-30T04:28:41.795Z] <<< [apiv2][status] GET https://cloudfunctions.googleapis.com/v2/projects/popchatv002/locations/us-central1/operations/operation-1751257720468-638c27656b5fa-dbf4e1f2-487d5abc 200
[debug] [2025-06-30T04:28:41.795Z] <<< [apiv2][body] GET https://cloudfunctions.googleapis.com/v2/projects/popchatv002/locations/us-central1/operations/operation-1751257720468-638c27656b5fa-dbf4e1f2-487d5abc {"name":"projects/popchatv002/locations/us-central1/operations/operation-1751257720468-638c27656b5fa-dbf4e1f2-487d5abc","metadata":{"@type":"type.googleapis.com/google.cloud.functions.v2.OperationMetadata","createTime":"2025-06-30T04:28:41.195718500Z","target":"projects/popchatv002/locations/us-central1/functions/testSnapshotCycling","verb":"update","cancelRequested":false,"apiVersion":"v2","requestResource":{"@type":"type.googleapis.com/google.cloud.functions.v2.Function","name":"projects/popchatv002/locations/us-central1/functions/testSnapshotCycling","buildConfig":{"runtime":"nodejs22","entryPoint":"testSnapshotCycling","source":{"storageSource":{"bucket":"gcf-v2-sources-296369449480-us-central1","object":"testSnapshotCycling/function-source.zip","generation":"1751257721146154"}},"environmentVariables":{"GOOGLE_NODE_RUN_SCRIPTS":""},"dockerRepository":"projects/popchatv002/locations/us-central1/repositories/gcf-artifacts","sourceProvenance":{"resolvedStorageSource":{"bucket":"gcf-v2-sources-296369449480-us-central1","object":"testSnapshotCycling/function-source.zip","generation":"1751257099513117"}},"dockerRegistry":"ARTIFACT_REGISTRY","sourceToken":"Cldwcm9qZWN0cy8yOTYzNjk0NDk0ODAvbG9jYXRpb25zL3VzLWNlbnRyYWwxL2J1aWxkcy9kM2FhZjdlNS1hMWRkLTRjMWYtOGY0MC0xN2RmNDhlMTM1MzQSbHVzLWNlbnRyYWwxLWRvY2tlci5wa2cuZGV2L3BvcGNoYXR2MDAyL2djZi1hcnRpZmFjdHMvcG9wY2hhdHYwMDJfX3VzLS1jZW50cmFsMV9fdGVzdF9odHRwX2Z1bmN0aW9uOnZlcnNpb25fMRiI1PuH0AgiRXByb2plY3RzL3BvcGNoYXR2MDAyL2xvY2F0aW9ucy91cy1jZW50cmFsMS9mdW5jdGlvbnMvdGVzdEh0dHBGdW5jdGlvbioMCPOkiMMGENCd2b8BMghub2RlanMyMjp2CiNnY3IuaW8vZ2FlLXJ1bnRpbWVzL25vZGVqczIyOnN0YWJsZRJPdXMtY2VudHJhbDEtZG9ja2VyLnBrZy5kZXYvc2VydmVybGVzcy1ydW50aW1lcy9nb29nbGUtMjItZnVsbC9ydW50aW1lcy9ub2RlanMyMkAB","serviceAccount":"projects/popchatv002/serviceAccounts/296369449480-compute@developer.gserviceaccount.com","automaticUpdatePolicy":{}},"serviceConfig":{"service":"projects/popchatv002/locations/us-central1/services/testsnapshotcycling","timeoutSeconds":60,"environmentVariables":{"FIREBASE_CONFIG":"{\"projectId\":\"popchatv002\",\"databaseURL\":\"https://popchatv002-default-rtdb.firebaseio.com\",\"storageBucket\":\"popchatv002.firebasestorage.app\"}","GCLOUD_PROJECT":"popchatv002","EVENTARC_CLOUD_EVENT_SOURCE":"projects/popchatv002/locations/us-central1/services/testSnapshotCycling","FUNCTION_TARGET":"testSnapshotCycling","LOG_EXECUTION_ID":"true","FUNCTION_SIGNATURE_TYPE":"http"},"ingressSettings":"ALLOW_ALL","uri":"https://testsnapshotcycling-2zjil5azfa-uc.a.run.app","serviceAccountEmail":"296369449480-compute@developer.gserviceaccount.com","availableMemory":"256Mi","allTrafficOnLatestRevision":true,"revision":"testsnapshotcycling-00013-ses","maxInstanceRequestConcurrency":80,"availableCpu":"1"},"state":"ACTIVE","labels":{"deployment-tool":"cli-firebase","firebase-functions-hash":"4fb95acf971fd44e46da4433b3dd2209ba159cb9"},"environment":"GEN_2","url":"https://us-central1-popchatv002.cloudfunctions.net/testSnapshotCycling","satisfiesPzi":true},"stages":[{"name":"BUILD","message":"Reusing build","state":"COMPLETE","resource":"projects/296369449480/locations/us-central1/builds/d3aaf7e5-a1dd-4c1f-8f40-17df48e13534"},{"name":"SERVICE","state":"NOT_STARTED"}],"sourceToken":"Cldwcm9qZWN0cy8yOTYzNjk0NDk0ODAvbG9jYXRpb25zL3VzLWNlbnRyYWwxL2J1aWxkcy9kM2FhZjdlNS1hMWRkLTRjMWYtOGY0MC0xN2RmNDhlMTM1MzQSbHVzLWNlbnRyYWwxLWRvY2tlci5wa2cuZGV2L3BvcGNoYXR2MDAyL2djZi1hcnRpZmFjdHMvcG9wY2hhdHYwMDJfX3VzLS1jZW50cmFsMV9fdGVzdF9odHRwX2Z1bmN0aW9uOnZlcnNpb25fMRiI1PuH0AgiRXByb2plY3RzL3BvcGNoYXR2MDAyL2xvY2F0aW9ucy91cy1jZW50cmFsMS9mdW5jdGlvbnMvdGVzdEh0dHBGdW5jdGlvbioMCPOkiMMGENCd2b8BMghub2RlanMyMjp2CiNnY3IuaW8vZ2FlLXJ1bnRpbWVzL25vZGVqczIyOnN0YWJsZRJPdXMtY2VudHJhbDEtZG9ja2VyLnBrZy5kZXYvc2VydmVybGVzcy1ydW50aW1lcy9nb29nbGUtMjItZnVsbC9ydW50aW1lcy9ub2RlanMyMkAB","operationType":"UPDATE_FUNCTION","buildName":"projects/296369449480/locations/us-central1/builds/d3aaf7e5-a1dd-4c1f-8f40-17df48e13534"},"done":false}
[debug] [2025-06-30T04:28:41.795Z] Got source token Cldwcm9qZWN0cy8yOTYzNjk0NDk0ODAvbG9jYXRpb25zL3VzLWNlbnRyYWwxL2J1aWxkcy9kM2FhZjdlNS1hMWRkLTRjMWYtOGY0MC0xN2RmNDhlMTM1MzQSbHVzLWNlbnRyYWwxLWRvY2tlci5wa2cuZGV2L3BvcGNoYXR2MDAyL2djZi1hcnRpZmFjdHMvcG9wY2hhdHYwMDJfX3VzLS1jZW50cmFsMV9fdGVzdF9odHRwX2Z1bmN0aW9uOnZlcnNpb25fMRiI1PuH0AgiRXByb2plY3RzL3BvcGNoYXR2MDAyL2xvY2F0aW9ucy91cy1jZW50cmFsMS9mdW5jdGlvbnMvdGVzdEh0dHBGdW5jdGlvbioMCPOkiMMGENCd2b8BMghub2RlanMyMjp2CiNnY3IuaW8vZ2FlLXJ1bnRpbWVzL25vZGVqczIyOnN0YWJsZRJPdXMtY2VudHJhbDEtZG9ja2VyLnBrZy5kZXYvc2VydmVybGVzcy1ydW50aW1lcy9nb29nbGUtMjItZnVsbC9ydW50aW1lcy9ub2RlanMyMkAB for region us-central1
[debug] [2025-06-30T04:28:41.795Z] <<< [apiv2][status] GET https://cloudfunctions.googleapis.com/v2/projects/popchatv002/locations/us-central1/operations/operation-1751257720430-638c276561e9c-985cfb27-d7e3892a 200
[debug] [2025-06-30T04:28:41.795Z] <<< [apiv2][body] GET https://cloudfunctions.googleapis.com/v2/projects/popchatv002/locations/us-central1/operations/operation-1751257720430-638c276561e9c-985cfb27-d7e3892a {"name":"projects/popchatv002/locations/us-central1/operations/operation-1751257720430-638c276561e9c-985cfb27-d7e3892a","metadata":{"@type":"type.googleapis.com/google.cloud.functions.v2.OperationMetadata","createTime":"2025-06-30T04:28:41.200534349Z","target":"projects/popchatv002/locations/us-central1/functions/trackUserSessionCreate","verb":"update","cancelRequested":false,"apiVersion":"v2","requestResource":{"@type":"type.googleapis.com/google.cloud.functions.v2.Function","name":"projects/popchatv002/locations/us-central1/functions/trackUserSessionCreate","buildConfig":{"runtime":"nodejs22","entryPoint":"trackUserSessionCreate","source":{"storageSource":{"bucket":"gcf-v2-sources-296369449480-us-central1","object":"trackUserSessionCreate/function-source.zip","generation":"1751257721148371"}},"environmentVariables":{"GOOGLE_NODE_RUN_SCRIPTS":""},"dockerRepository":"projects/popchatv002/locations/us-central1/repositories/gcf-artifacts","sourceProvenance":{"resolvedStorageSource":{"bucket":"gcf-v2-sources-296369449480-us-central1","object":"trackUserSessionCreate/function-source.zip","generation":"1751257099505409"}},"dockerRegistry":"ARTIFACT_REGISTRY","sourceToken":"Cldwcm9qZWN0cy8yOTYzNjk0NDk0ODAvbG9jYXRpb25zL3VzLWNlbnRyYWwxL2J1aWxkcy9kM2FhZjdlNS1hMWRkLTRjMWYtOGY0MC0xN2RmNDhlMTM1MzQSbHVzLWNlbnRyYWwxLWRvY2tlci5wa2cuZGV2L3BvcGNoYXR2MDAyL2djZi1hcnRpZmFjdHMvcG9wY2hhdHYwMDJfX3VzLS1jZW50cmFsMV9fdGVzdF9odHRwX2Z1bmN0aW9uOnZlcnNpb25fMRiI1PuH0AgiRXByb2plY3RzL3BvcGNoYXR2MDAyL2xvY2F0aW9ucy91cy1jZW50cmFsMS9mdW5jdGlvbnMvdGVzdEh0dHBGdW5jdGlvbioMCPOkiMMGENCd2b8BMghub2RlanMyMjp2CiNnY3IuaW8vZ2FlLXJ1bnRpbWVzL25vZGVqczIyOnN0YWJsZRJPdXMtY2VudHJhbDEtZG9ja2VyLnBrZy5kZXYvc2VydmVybGVzcy1ydW50aW1lcy9nb29nbGUtMjItZnVsbC9ydW50aW1lcy9ub2RlanMyMkAB","serviceAccount":"projects/popchatv002/serviceAccounts/296369449480-compute@developer.gserviceaccount.com","automaticUpdatePolicy":{}},"serviceConfig":{"service":"projects/popchatv002/locations/us-central1/services/trackusersessioncreate","timeoutSeconds":60,"environmentVariables":{"FIREBASE_CONFIG":"{\"projectId\":\"popchatv002\",\"databaseURL\":\"https://popchatv002-default-rtdb.firebaseio.com\",\"storageBucket\":\"popchatv002.firebasestorage.app\"}","GCLOUD_PROJECT":"popchatv002","EVENTARC_CLOUD_EVENT_SOURCE":"projects/popchatv002/locations/us-central1/services/trackUserSessionCreate","FUNCTION_SIGNATURE_TYPE":"cloudevent","FUNCTION_TARGET":"trackUserSessionCreate","LOG_EXECUTION_ID":"true"},"ingressSettings":"ALLOW_ALL","uri":"https://trackusersessioncreate-2zjil5azfa-uc.a.run.app","serviceAccountEmail":"296369449480-compute@developer.gserviceaccount.com","availableMemory":"256Mi","allTrafficOnLatestRevision":true,"revision":"trackusersessioncreate-00028-bey","maxInstanceRequestConcurrency":80,"availableCpu":"1"},"eventTrigger":{"trigger":"projects/popchatv002/locations/us-central1/triggers/trackusersessioncreate-981783","triggerRegion":"us-central1","eventType":"google.firebase.database.ref.v1.created","eventFilters":[{"attribute":"ref","value":"status/{userId}","operator":"match-path-pattern"},{"attribute":"instance","value":"*","operator":"match-path-pattern"}],"pubsubTopic":"projects/popchatv002/topics/eventarc-us-central1-trackusersessioncreate-981783-499","serviceAccountEmail":"296369449480-compute@developer.gserviceaccount.com","retryPolicy":"RETRY_POLICY_DO_NOT_RETRY"},"state":"ACTIVE","labels":{"deployment-tool":"cli-firebase","firebase-functions-hash":"4fb95acf971fd44e46da4433b3dd2209ba159cb9"},"environment":"GEN_2","url":"https://us-central1-popchatv002.cloudfunctions.net/trackUserSessionCreate","satisfiesPzi":true},"stages":[{"name":"BUILD","message":"Reusing build","state":"COMPLETE","resource":"projects/296369449480/locations/us-central1/builds/d3aaf7e5-a1dd-4c1f-8f40-17df48e13534"},{"name":"SERVICE","state":"NOT_STARTED"},{"name":"TRIGGER","state":"NOT_STARTED"}],"sourceToken":"Cldwcm9qZWN0cy8yOTYzNjk0NDk0ODAvbG9jYXRpb25zL3VzLWNlbnRyYWwxL2J1aWxkcy9kM2FhZjdlNS1hMWRkLTRjMWYtOGY0MC0xN2RmNDhlMTM1MzQSbHVzLWNlbnRyYWwxLWRvY2tlci5wa2cuZGV2L3BvcGNoYXR2MDAyL2djZi1hcnRpZmFjdHMvcG9wY2hhdHYwMDJfX3VzLS1jZW50cmFsMV9fdGVzdF9odHRwX2Z1bmN0aW9uOnZlcnNpb25fMRiI1PuH0AgiRXByb2plY3RzL3BvcGNoYXR2MDAyL2xvY2F0aW9ucy91cy1jZW50cmFsMS9mdW5jdGlvbnMvdGVzdEh0dHBGdW5jdGlvbioMCPOkiMMGENCd2b8BMghub2RlanMyMjp2CiNnY3IuaW8vZ2FlLXJ1bnRpbWVzL25vZGVqczIyOnN0YWJsZRJPdXMtY2VudHJhbDEtZG9ja2VyLnBrZy5kZXYvc2VydmVybGVzcy1ydW50aW1lcy9nb29nbGUtMjItZnVsbC9ydW50aW1lcy9ub2RlanMyMkAB","operationType":"UPDATE_FUNCTION","buildName":"projects/296369449480/locations/us-central1/builds/d3aaf7e5-a1dd-4c1f-8f40-17df48e13534"},"done":false}
[debug] [2025-06-30T04:28:41.795Z] Got source token Cldwcm9qZWN0cy8yOTYzNjk0NDk0ODAvbG9jYXRpb25zL3VzLWNlbnRyYWwxL2J1aWxkcy9kM2FhZjdlNS1hMWRkLTRjMWYtOGY0MC0xN2RmNDhlMTM1MzQSbHVzLWNlbnRyYWwxLWRvY2tlci5wa2cuZGV2L3BvcGNoYXR2MDAyL2djZi1hcnRpZmFjdHMvcG9wY2hhdHYwMDJfX3VzLS1jZW50cmFsMV9fdGVzdF9odHRwX2Z1bmN0aW9uOnZlcnNpb25fMRiI1PuH0AgiRXByb2plY3RzL3BvcGNoYXR2MDAyL2xvY2F0aW9ucy91cy1jZW50cmFsMS9mdW5jdGlvbnMvdGVzdEh0dHBGdW5jdGlvbioMCPOkiMMGENCd2b8BMghub2RlanMyMjp2CiNnY3IuaW8vZ2FlLXJ1bnRpbWVzL25vZGVqczIyOnN0YWJsZRJPdXMtY2VudHJhbDEtZG9ja2VyLnBrZy5kZXYvc2VydmVybGVzcy1ydW50aW1lcy9nb29nbGUtMjItZnVsbC9ydW50aW1lcy9ub2RlanMyMkAB for region us-central1
[debug] [2025-06-30T04:28:41.817Z] <<< [apiv2][status] GET https://cloudfunctions.googleapis.com/v2/projects/popchatv002/locations/us-central1/operations/operation-1751257720431-638c2765623ef-1d50ed9e-7f2e316b 200
[debug] [2025-06-30T04:28:41.817Z] <<< [apiv2][body] GET https://cloudfunctions.googleapis.com/v2/projects/popchatv002/locations/us-central1/operations/operation-1751257720431-638c2765623ef-1d50ed9e-7f2e316b {"name":"projects/popchatv002/locations/us-central1/operations/operation-1751257720431-638c2765623ef-1d50ed9e-7f2e316b","metadata":{"@type":"type.googleapis.com/google.cloud.functions.v2.OperationMetadata","createTime":"2025-06-30T04:28:41.206328431Z","target":"projects/popchatv002/locations/us-central1/functions/trackUserSessionDelete","verb":"update","cancelRequested":false,"apiVersion":"v2","requestResource":{"@type":"type.googleapis.com/google.cloud.functions.v2.Function","name":"projects/popchatv002/locations/us-central1/functions/trackUserSessionDelete","buildConfig":{"runtime":"nodejs22","entryPoint":"trackUserSessionDelete","source":{"storageSource":{"bucket":"gcf-v2-sources-296369449480-us-central1","object":"trackUserSessionDelete/function-source.zip","generation":"1751257721149279"}},"environmentVariables":{"GOOGLE_NODE_RUN_SCRIPTS":""},"dockerRepository":"projects/popchatv002/locations/us-central1/repositories/gcf-artifacts","sourceProvenance":{"resolvedStorageSource":{"bucket":"gcf-v2-sources-296369449480-us-central1","object":"trackUserSessionDelete/function-source.zip","generation":"1751257099512193"}},"dockerRegistry":"ARTIFACT_REGISTRY","sourceToken":"Cldwcm9qZWN0cy8yOTYzNjk0NDk0ODAvbG9jYXRpb25zL3VzLWNlbnRyYWwxL2J1aWxkcy9kM2FhZjdlNS1hMWRkLTRjMWYtOGY0MC0xN2RmNDhlMTM1MzQSbHVzLWNlbnRyYWwxLWRvY2tlci5wa2cuZGV2L3BvcGNoYXR2MDAyL2djZi1hcnRpZmFjdHMvcG9wY2hhdHYwMDJfX3VzLS1jZW50cmFsMV9fdGVzdF9odHRwX2Z1bmN0aW9uOnZlcnNpb25fMRiI1PuH0AgiRXByb2plY3RzL3BvcGNoYXR2MDAyL2xvY2F0aW9ucy91cy1jZW50cmFsMS9mdW5jdGlvbnMvdGVzdEh0dHBGdW5jdGlvbioMCPOkiMMGENCd2b8BMghub2RlanMyMjp2CiNnY3IuaW8vZ2FlLXJ1bnRpbWVzL25vZGVqczIyOnN0YWJsZRJPdXMtY2VudHJhbDEtZG9ja2VyLnBrZy5kZXYvc2VydmVybGVzcy1ydW50aW1lcy9nb29nbGUtMjItZnVsbC9ydW50aW1lcy9ub2RlanMyMkAB","serviceAccount":"projects/popchatv002/serviceAccounts/296369449480-compute@developer.gserviceaccount.com","automaticUpdatePolicy":{}},"serviceConfig":{"service":"projects/popchatv002/locations/us-central1/services/trackusersessiondelete","timeoutSeconds":60,"environmentVariables":{"FIREBASE_CONFIG":"{\"projectId\":\"popchatv002\",\"databaseURL\":\"https://popchatv002-default-rtdb.firebaseio.com\",\"storageBucket\":\"popchatv002.firebasestorage.app\"}","GCLOUD_PROJECT":"popchatv002","EVENTARC_CLOUD_EVENT_SOURCE":"projects/popchatv002/locations/us-central1/services/trackUserSessionDelete","FUNCTION_SIGNATURE_TYPE":"cloudevent","FUNCTION_TARGET":"trackUserSessionDelete","LOG_EXECUTION_ID":"true"},"ingressSettings":"ALLOW_ALL","uri":"https://trackusersessiondelete-2zjil5azfa-uc.a.run.app","serviceAccountEmail":"296369449480-compute@developer.gserviceaccount.com","availableMemory":"256Mi","allTrafficOnLatestRevision":true,"revision":"trackusersessiondelete-00029-boj","maxInstanceRequestConcurrency":80,"availableCpu":"1"},"eventTrigger":{"trigger":"projects/popchatv002/locations/us-central1/triggers/trackusersessiondelete-166122","triggerRegion":"us-central1","eventType":"google.firebase.database.ref.v1.deleted","eventFilters":[{"attribute":"ref","value":"status/{userId}","operator":"match-path-pattern"},{"attribute":"instance","value":"*","operator":"match-path-pattern"}],"pubsubTopic":"projects/popchatv002/topics/eventarc-us-central1-trackusersessiondelete-166122-935","serviceAccountEmail":"296369449480-compute@developer.gserviceaccount.com","retryPolicy":"RETRY_POLICY_DO_NOT_RETRY"},"state":"ACTIVE","labels":{"deployment-tool":"cli-firebase","firebase-functions-hash":"4fb95acf971fd44e46da4433b3dd2209ba159cb9"},"environment":"GEN_2","url":"https://us-central1-popchatv002.cloudfunctions.net/trackUserSessionDelete","satisfiesPzi":true},"stages":[{"name":"BUILD","message":"Reusing build","state":"COMPLETE","resource":"projects/296369449480/locations/us-central1/builds/d3aaf7e5-a1dd-4c1f-8f40-17df48e13534"},{"name":"SERVICE","state":"NOT_STARTED"},{"name":"TRIGGER","state":"NOT_STARTED"}],"sourceToken":"Cldwcm9qZWN0cy8yOTYzNjk0NDk0ODAvbG9jYXRpb25zL3VzLWNlbnRyYWwxL2J1aWxkcy9kM2FhZjdlNS1hMWRkLTRjMWYtOGY0MC0xN2RmNDhlMTM1MzQSbHVzLWNlbnRyYWwxLWRvY2tlci5wa2cuZGV2L3BvcGNoYXR2MDAyL2djZi1hcnRpZmFjdHMvcG9wY2hhdHYwMDJfX3VzLS1jZW50cmFsMV9fdGVzdF9odHRwX2Z1bmN0aW9uOnZlcnNpb25fMRiI1PuH0AgiRXByb2plY3RzL3BvcGNoYXR2MDAyL2xvY2F0aW9ucy91cy1jZW50cmFsMS9mdW5jdGlvbnMvdGVzdEh0dHBGdW5jdGlvbioMCPOkiMMGENCd2b8BMghub2RlanMyMjp2CiNnY3IuaW8vZ2FlLXJ1bnRpbWVzL25vZGVqczIyOnN0YWJsZRJPdXMtY2VudHJhbDEtZG9ja2VyLnBrZy5kZXYvc2VydmVybGVzcy1ydW50aW1lcy9nb29nbGUtMjItZnVsbC9ydW50aW1lcy9ub2RlanMyMkAB","operationType":"UPDATE_FUNCTION","buildName":"projects/296369449480/locations/us-central1/builds/d3aaf7e5-a1dd-4c1f-8f40-17df48e13534"},"done":false}
[debug] [2025-06-30T04:28:41.817Z] Got source token Cldwcm9qZWN0cy8yOTYzNjk0NDk0ODAvbG9jYXRpb25zL3VzLWNlbnRyYWwxL2J1aWxkcy9kM2FhZjdlNS1hMWRkLTRjMWYtOGY0MC0xN2RmNDhlMTM1MzQSbHVzLWNlbnRyYWwxLWRvY2tlci5wa2cuZGV2L3BvcGNoYXR2MDAyL2djZi1hcnRpZmFjdHMvcG9wY2hhdHYwMDJfX3VzLS1jZW50cmFsMV9fdGVzdF9odHRwX2Z1bmN0aW9uOnZlcnNpb25fMRiI1PuH0AgiRXByb2plY3RzL3BvcGNoYXR2MDAyL2xvY2F0aW9ucy91cy1jZW50cmFsMS9mdW5jdGlvbnMvdGVzdEh0dHBGdW5jdGlvbioMCPOkiMMGENCd2b8BMghub2RlanMyMjp2CiNnY3IuaW8vZ2FlLXJ1bnRpbWVzL25vZGVqczIyOnN0YWJsZRJPdXMtY2VudHJhbDEtZG9ja2VyLnBrZy5kZXYvc2VydmVybGVzcy1ydW50aW1lcy9nb29nbGUtMjItZnVsbC9ydW50aW1lcy9ub2RlanMyMkAB for region us-central1
[debug] [2025-06-30T04:28:41.833Z] <<< [apiv2][status] GET https://cloudfunctions.googleapis.com/v2/projects/popchatv002/locations/us-central1/operations/operation-1751257720432-638c276562868-2f15351f-4544f374 200
[debug] [2025-06-30T04:28:41.834Z] <<< [apiv2][body] GET https://cloudfunctions.googleapis.com/v2/projects/popchatv002/locations/us-central1/operations/operation-1751257720432-638c276562868-2f15351f-4544f374 {"name":"projects/popchatv002/locations/us-central1/operations/operation-1751257720432-638c276562868-2f15351f-4544f374","metadata":{"@type":"type.googleapis.com/google.cloud.functions.v2.OperationMetadata","createTime":"2025-06-30T04:28:41.212843466Z","target":"projects/popchatv002/locations/us-central1/functions/addUserStatus","verb":"update","cancelRequested":false,"apiVersion":"v2","requestResource":{"@type":"type.googleapis.com/google.cloud.functions.v2.Function","name":"projects/popchatv002/locations/us-central1/functions/addUserStatus","buildConfig":{"runtime":"nodejs22","entryPoint":"addUserStatus","source":{"storageSource":{"bucket":"gcf-v2-sources-296369449480-us-central1","object":"addUserStatus/function-source.zip","generation":"1751257721123503"}},"environmentVariables":{"GOOGLE_NODE_RUN_SCRIPTS":""},"dockerRepository":"projects/popchatv002/locations/us-central1/repositories/gcf-artifacts","sourceProvenance":{"resolvedStorageSource":{"bucket":"gcf-v2-sources-296369449480-us-central1","object":"addUserStatus/function-source.zip","generation":"1751257099523851"}},"dockerRegistry":"ARTIFACT_REGISTRY","sourceToken":"Cldwcm9qZWN0cy8yOTYzNjk0NDk0ODAvbG9jYXRpb25zL3VzLWNlbnRyYWwxL2J1aWxkcy9kM2FhZjdlNS1hMWRkLTRjMWYtOGY0MC0xN2RmNDhlMTM1MzQSbHVzLWNlbnRyYWwxLWRvY2tlci5wa2cuZGV2L3BvcGNoYXR2MDAyL2djZi1hcnRpZmFjdHMvcG9wY2hhdHYwMDJfX3VzLS1jZW50cmFsMV9fdGVzdF9odHRwX2Z1bmN0aW9uOnZlcnNpb25fMRiI1PuH0AgiRXByb2plY3RzL3BvcGNoYXR2MDAyL2xvY2F0aW9ucy91cy1jZW50cmFsMS9mdW5jdGlvbnMvdGVzdEh0dHBGdW5jdGlvbioMCPOkiMMGENCd2b8BMghub2RlanMyMjp2CiNnY3IuaW8vZ2FlLXJ1bnRpbWVzL25vZGVqczIyOnN0YWJsZRJPdXMtY2VudHJhbDEtZG9ja2VyLnBrZy5kZXYvc2VydmVybGVzcy1ydW50aW1lcy9nb29nbGUtMjItZnVsbC9ydW50aW1lcy9ub2RlanMyMkAB","serviceAccount":"projects/popchatv002/serviceAccounts/296369449480-compute@developer.gserviceaccount.com","automaticUpdatePolicy":{}},"serviceConfig":{"service":"projects/popchatv002/locations/us-central1/services/adduserstatus","timeoutSeconds":60,"environmentVariables":{"FIREBASE_CONFIG":"{\"projectId\":\"popchatv002\",\"databaseURL\":\"https://popchatv002-default-rtdb.firebaseio.com\",\"storageBucket\":\"popchatv002.firebasestorage.app\"}","GCLOUD_PROJECT":"popchatv002","EVENTARC_CLOUD_EVENT_SOURCE":"projects/popchatv002/locations/us-central1/services/addUserStatus","FUNCTION_TARGET":"addUserStatus","LOG_EXECUTION_ID":"true","FUNCTION_SIGNATURE_TYPE":"http"},"ingressSettings":"ALLOW_ALL","uri":"https://adduserstatus-2zjil5azfa-uc.a.run.app","serviceAccountEmail":"296369449480-compute@developer.gserviceaccount.com","availableMemory":"256Mi","allTrafficOnLatestRevision":true,"revision":"adduserstatus-00026-fix","maxInstanceRequestConcurrency":80,"availableCpu":"1"},"state":"ACTIVE","labels":{"deployment-tool":"cli-firebase","firebase-functions-hash":"4fb95acf971fd44e46da4433b3dd2209ba159cb9"},"environment":"GEN_2","url":"https://us-central1-popchatv002.cloudfunctions.net/addUserStatus","satisfiesPzi":true},"stages":[{"name":"BUILD","message":"Reusing build","state":"COMPLETE","resource":"projects/296369449480/locations/us-central1/builds/d3aaf7e5-a1dd-4c1f-8f40-17df48e13534"},{"name":"SERVICE","state":"NOT_STARTED"}],"sourceToken":"Cldwcm9qZWN0cy8yOTYzNjk0NDk0ODAvbG9jYXRpb25zL3VzLWNlbnRyYWwxL2J1aWxkcy9kM2FhZjdlNS1hMWRkLTRjMWYtOGY0MC0xN2RmNDhlMTM1MzQSbHVzLWNlbnRyYWwxLWRvY2tlci5wa2cuZGV2L3BvcGNoYXR2MDAyL2djZi1hcnRpZmFjdHMvcG9wY2hhdHYwMDJfX3VzLS1jZW50cmFsMV9fdGVzdF9odHRwX2Z1bmN0aW9uOnZlcnNpb25fMRiI1PuH0AgiRXByb2plY3RzL3BvcGNoYXR2MDAyL2xvY2F0aW9ucy91cy1jZW50cmFsMS9mdW5jdGlvbnMvdGVzdEh0dHBGdW5jdGlvbioMCPOkiMMGENCd2b8BMghub2RlanMyMjp2CiNnY3IuaW8vZ2FlLXJ1bnRpbWVzL25vZGVqczIyOnN0YWJsZRJPdXMtY2VudHJhbDEtZG9ja2VyLnBrZy5kZXYvc2VydmVybGVzcy1ydW50aW1lcy9nb29nbGUtMjItZnVsbC9ydW50aW1lcy9ub2RlanMyMkAB","operationType":"UPDATE_FUNCTION","buildName":"projects/296369449480/locations/us-central1/builds/d3aaf7e5-a1dd-4c1f-8f40-17df48e13534"},"done":false}
[debug] [2025-06-30T04:28:41.834Z] Got source token Cldwcm9qZWN0cy8yOTYzNjk0NDk0ODAvbG9jYXRpb25zL3VzLWNlbnRyYWwxL2J1aWxkcy9kM2FhZjdlNS1hMWRkLTRjMWYtOGY0MC0xN2RmNDhlMTM1MzQSbHVzLWNlbnRyYWwxLWRvY2tlci5wa2cuZGV2L3BvcGNoYXR2MDAyL2djZi1hcnRpZmFjdHMvcG9wY2hhdHYwMDJfX3VzLS1jZW50cmFsMV9fdGVzdF9odHRwX2Z1bmN0aW9uOnZlcnNpb25fMRiI1PuH0AgiRXByb2plY3RzL3BvcGNoYXR2MDAyL2xvY2F0aW9ucy91cy1jZW50cmFsMS9mdW5jdGlvbnMvdGVzdEh0dHBGdW5jdGlvbioMCPOkiMMGENCd2b8BMghub2RlanMyMjp2CiNnY3IuaW8vZ2FlLXJ1bnRpbWVzL25vZGVqczIyOnN0YWJsZRJPdXMtY2VudHJhbDEtZG9ja2VyLnBrZy5kZXYvc2VydmVybGVzcy1ydW50aW1lcy9nb29nbGUtMjItZnVsbC9ydW50aW1lcy9ub2RlanMyMkAB for region us-central1
[debug] [2025-06-30T04:28:41.965Z] <<< [apiv2][status] GET https://cloudfunctions.googleapis.com/v2/projects/popchatv002/locations/us-central1/operations/operation-1751257720468-638c27656b449-f90f96cc-332f62ae 200
[debug] [2025-06-30T04:28:41.965Z] <<< [apiv2][body] GET https://cloudfunctions.googleapis.com/v2/projects/popchatv002/locations/us-central1/operations/operation-1751257720468-638c27656b449-f90f96cc-332f62ae {"name":"projects/popchatv002/locations/us-central1/operations/operation-1751257720468-638c27656b449-f90f96cc-332f62ae","metadata":{"@type":"type.googleapis.com/google.cloud.functions.v2.OperationMetadata","createTime":"2025-06-30T04:28:41.321902137Z","target":"projects/popchatv002/locations/us-central1/functions/scheduledRandomUserMedia","verb":"update","cancelRequested":false,"apiVersion":"v2","requestResource":{"@type":"type.googleapis.com/google.cloud.functions.v2.Function","name":"projects/popchatv002/locations/us-central1/functions/scheduledRandomUserMedia","buildConfig":{"runtime":"nodejs22","entryPoint":"scheduledRandomUserMedia","source":{"storageSource":{"bucket":"gcf-v2-sources-296369449480-us-central1","object":"scheduledRandomUserMedia/function-source.zip","generation":"1751257721266112"}},"environmentVariables":{"GOOGLE_NODE_RUN_SCRIPTS":""},"dockerRepository":"projects/popchatv002/locations/us-central1/repositories/gcf-artifacts","sourceProvenance":{"resolvedStorageSource":{"bucket":"gcf-v2-sources-296369449480-us-central1","object":"scheduledRandomUserMedia/function-source.zip","generation":"1751257099544726"}},"dockerRegistry":"ARTIFACT_REGISTRY","sourceToken":"Cldwcm9qZWN0cy8yOTYzNjk0NDk0ODAvbG9jYXRpb25zL3VzLWNlbnRyYWwxL2J1aWxkcy9kM2FhZjdlNS1hMWRkLTRjMWYtOGY0MC0xN2RmNDhlMTM1MzQSbHVzLWNlbnRyYWwxLWRvY2tlci5wa2cuZGV2L3BvcGNoYXR2MDAyL2djZi1hcnRpZmFjdHMvcG9wY2hhdHYwMDJfX3VzLS1jZW50cmFsMV9fdGVzdF9odHRwX2Z1bmN0aW9uOnZlcnNpb25fMRiI1PuH0AgiRXByb2plY3RzL3BvcGNoYXR2MDAyL2xvY2F0aW9ucy91cy1jZW50cmFsMS9mdW5jdGlvbnMvdGVzdEh0dHBGdW5jdGlvbioMCPOkiMMGENCd2b8BMghub2RlanMyMjp2CiNnY3IuaW8vZ2FlLXJ1bnRpbWVzL25vZGVqczIyOnN0YWJsZRJPdXMtY2VudHJhbDEtZG9ja2VyLnBrZy5kZXYvc2VydmVybGVzcy1ydW50aW1lcy9nb29nbGUtMjItZnVsbC9ydW50aW1lcy9ub2RlanMyMkAB","serviceAccount":"projects/popchatv002/serviceAccounts/296369449480-compute@developer.gserviceaccount.com","automaticUpdatePolicy":{}},"serviceConfig":{"service":"projects/popchatv002/locations/us-central1/services/scheduledrandomusermedia","timeoutSeconds":60,"environmentVariables":{"FIREBASE_CONFIG":"{\"projectId\":\"popchatv002\",\"databaseURL\":\"https://popchatv002-default-rtdb.firebaseio.com\",\"storageBucket\":\"popchatv002.firebasestorage.app\"}","GCLOUD_PROJECT":"popchatv002","EVENTARC_CLOUD_EVENT_SOURCE":"projects/popchatv002/locations/us-central1/services/scheduledRandomUserMedia","FUNCTION_TARGET":"scheduledRandomUserMedia","LOG_EXECUTION_ID":"true","FUNCTION_SIGNATURE_TYPE":"http"},"ingressSettings":"ALLOW_ALL","uri":"https://scheduledrandomusermedia-2zjil5azfa-uc.a.run.app","serviceAccountEmail":"296369449480-compute@developer.gserviceaccount.com","availableMemory":"256Mi","allTrafficOnLatestRevision":true,"revision":"scheduledrandomusermedia-00026-jex","maxInstanceRequestConcurrency":80,"availableCpu":"1"},"state":"ACTIVE","labels":{"deployment-tool":"cli-firebase","deployment-scheduled":"true","firebase-functions-hash":"4fb95acf971fd44e46da4433b3dd2209ba159cb9"},"environment":"GEN_2","url":"https://us-central1-popchatv002.cloudfunctions.net/scheduledRandomUserMedia","satisfiesPzi":true},"stages":[{"name":"BUILD","message":"Reusing build","state":"COMPLETE","resource":"projects/296369449480/locations/us-central1/builds/d3aaf7e5-a1dd-4c1f-8f40-17df48e13534"},{"name":"SERVICE","state":"NOT_STARTED"}],"sourceToken":"Cldwcm9qZWN0cy8yOTYzNjk0NDk0ODAvbG9jYXRpb25zL3VzLWNlbnRyYWwxL2J1aWxkcy9kM2FhZjdlNS1hMWRkLTRjMWYtOGY0MC0xN2RmNDhlMTM1MzQSbHVzLWNlbnRyYWwxLWRvY2tlci5wa2cuZGV2L3BvcGNoYXR2MDAyL2djZi1hcnRpZmFjdHMvcG9wY2hhdHYwMDJfX3VzLS1jZW50cmFsMV9fdGVzdF9odHRwX2Z1bmN0aW9uOnZlcnNpb25fMRiI1PuH0AgiRXByb2plY3RzL3BvcGNoYXR2MDAyL2xvY2F0aW9ucy91cy1jZW50cmFsMS9mdW5jdGlvbnMvdGVzdEh0dHBGdW5jdGlvbioMCPOkiMMGENCd2b8BMghub2RlanMyMjp2CiNnY3IuaW8vZ2FlLXJ1bnRpbWVzL25vZGVqczIyOnN0YWJsZRJPdXMtY2VudHJhbDEtZG9ja2VyLnBrZy5kZXYvc2VydmVybGVzcy1ydW50aW1lcy9nb29nbGUtMjItZnVsbC9ydW50aW1lcy9ub2RlanMyMkAB","operationType":"UPDATE_FUNCTION","buildName":"projects/296369449480/locations/us-central1/builds/d3aaf7e5-a1dd-4c1f-8f40-17df48e13534"},"done":false}
[debug] [2025-06-30T04:28:41.966Z] Got source token Cldwcm9qZWN0cy8yOTYzNjk0NDk0ODAvbG9jYXRpb25zL3VzLWNlbnRyYWwxL2J1aWxkcy9kM2FhZjdlNS1hMWRkLTRjMWYtOGY0MC0xN2RmNDhlMTM1MzQSbHVzLWNlbnRyYWwxLWRvY2tlci5wa2cuZGV2L3BvcGNoYXR2MDAyL2djZi1hcnRpZmFjdHMvcG9wY2hhdHYwMDJfX3VzLS1jZW50cmFsMV9fdGVzdF9odHRwX2Z1bmN0aW9uOnZlcnNpb25fMRiI1PuH0AgiRXByb2plY3RzL3BvcGNoYXR2MDAyL2xvY2F0aW9ucy91cy1jZW50cmFsMS9mdW5jdGlvbnMvdGVzdEh0dHBGdW5jdGlvbioMCPOkiMMGENCd2b8BMghub2RlanMyMjp2CiNnY3IuaW8vZ2FlLXJ1bnRpbWVzL25vZGVqczIyOnN0YWJsZRJPdXMtY2VudHJhbDEtZG9ja2VyLnBrZy5kZXYvc2VydmVybGVzcy1ydW50aW1lcy9nb29nbGUtMjItZnVsbC9ydW50aW1lcy9ub2RlanMyMkAB for region us-central1
[debug] [2025-06-30T04:28:42.182Z] [update-default-us-central1-testSendAd] Retrying task index 0
[debug] [2025-06-30T04:28:42.182Z] Checked if tokens are valid: true, expires at: 1751260621805
[debug] [2025-06-30T04:28:42.182Z] Checked if tokens are valid: true, expires at: 1751260621805
[debug] [2025-06-30T04:28:42.182Z] >>> [apiv2][query] GET https://cloudfunctions.googleapis.com/v2/projects/popchatv002/locations/us-central1/operations/operation-1751257720430-638c276561ea2-189f244a-e33d5a7a [none]
[debug] [2025-06-30T04:28:42.212Z] [update-default-us-central1-telegramWebhook] Retrying task index 0
[debug] [2025-06-30T04:28:42.213Z] Checked if tokens are valid: true, expires at: 1751260621805
[debug] [2025-06-30T04:28:42.213Z] Checked if tokens are valid: true, expires at: 1751260621805
[debug] [2025-06-30T04:28:42.213Z] >>> [apiv2][query] GET https://cloudfunctions.googleapis.com/v2/projects/popchatv002/locations/us-central1/operations/operation-1751257720430-638c276561e9d-1191d8e0-ebf1a17f [none]
[debug] [2025-06-30T04:28:42.213Z] [update-default-us-central1-resetUserCounter] Retrying task index 0
[debug] [2025-06-30T04:28:42.213Z] Checked if tokens are valid: true, expires at: 1751260621805
[debug] [2025-06-30T04:28:42.213Z] Checked if tokens are valid: true, expires at: 1751260621805
[debug] [2025-06-30T04:28:42.213Z] >>> [apiv2][query] GET https://cloudfunctions.googleapis.com/v2/projects/popchatv002/locations/us-central1/operations/operation-1751257720413-638c27655de89-6698e35a-8f465e0a [none]
[debug] [2025-06-30T04:28:42.214Z] [update-default-us-central1-scheduledSendAd] Retrying task index 0
[debug] [2025-06-30T04:28:42.214Z] Checked if tokens are valid: true, expires at: 1751260621805
[debug] [2025-06-30T04:28:42.214Z] Checked if tokens are valid: true, expires at: 1751260621805
[debug] [2025-06-30T04:28:42.214Z] >>> [apiv2][query] GET https://cloudfunctions.googleapis.com/v2/projects/popchatv002/locations/us-central1/operations/operation-1751257720429-638c2765619c9-aa1c1132-72ed2591 [none]
[debug] [2025-06-30T04:28:42.274Z] [update-default-us-central1-sendHostToGroup] Retrying task index 0
[debug] [2025-06-30T04:28:42.274Z] Checked if tokens are valid: true, expires at: 1751260621805
[debug] [2025-06-30T04:28:42.274Z] Checked if tokens are valid: true, expires at: 1751260621805
[debug] [2025-06-30T04:28:42.274Z] >>> [apiv2][query] GET https://cloudfunctions.googleapis.com/v2/projects/popchatv002/locations/us-central1/operations/operation-1751257720469-638c27656b729-c899d5b1-c4413bff [none]
[debug] [2025-06-30T04:28:42.305Z] [update-default-us-central1-testScheduledFunction] Retrying task index 0
[debug] [2025-06-30T04:28:42.305Z] Checked if tokens are valid: true, expires at: 1751260621805
[debug] [2025-06-30T04:28:42.305Z] Checked if tokens are valid: true, expires at: 1751260621805
[debug] [2025-06-30T04:28:42.305Z] >>> [apiv2][query] GET https://cloudfunctions.googleapis.com/v2/projects/popchatv002/locations/us-central1/operations/operation-1751257720466-638c27656aac6-c7a788ed-f3b01150 [none]
[debug] [2025-06-30T04:28:42.306Z] [update-default-us-central1-testSnapshotCycling] Retrying task index 0
[debug] [2025-06-30T04:28:42.306Z] Checked if tokens are valid: true, expires at: 1751260621805
[debug] [2025-06-30T04:28:42.306Z] Checked if tokens are valid: true, expires at: 1751260621805
[debug] [2025-06-30T04:28:42.306Z] >>> [apiv2][query] GET https://cloudfunctions.googleapis.com/v2/projects/popchatv002/locations/us-central1/operations/operation-1751257720468-638c27656b5fa-dbf4e1f2-487d5abc [none]
[debug] [2025-06-30T04:28:42.306Z] [update-default-us-central1-trackUserSessionCreate] Retrying task index 0
[debug] [2025-06-30T04:28:42.306Z] Checked if tokens are valid: true, expires at: 1751260621805
[debug] [2025-06-30T04:28:42.306Z] Checked if tokens are valid: true, expires at: 1751260621805
[debug] [2025-06-30T04:28:42.307Z] >>> [apiv2][query] GET https://cloudfunctions.googleapis.com/v2/projects/popchatv002/locations/us-central1/operations/operation-1751257720430-638c276561e9c-985cfb27-d7e3892a [none]
[debug] [2025-06-30T04:28:42.320Z] [update-default-us-central1-trackUserSessionDelete] Retrying task index 0
[debug] [2025-06-30T04:28:42.320Z] Checked if tokens are valid: true, expires at: 1751260621805
[debug] [2025-06-30T04:28:42.320Z] Checked if tokens are valid: true, expires at: 1751260621805
[debug] [2025-06-30T04:28:42.320Z] >>> [apiv2][query] GET https://cloudfunctions.googleapis.com/v2/projects/popchatv002/locations/us-central1/operations/operation-1751257720431-638c2765623ef-1d50ed9e-7f2e316b [none]
[debug] [2025-06-30T04:28:42.335Z] [update-default-us-central1-addUserStatus] Retrying task index 0
[debug] [2025-06-30T04:28:42.335Z] Checked if tokens are valid: true, expires at: 1751260621805
[debug] [2025-06-30T04:28:42.335Z] Checked if tokens are valid: true, expires at: 1751260621805
[debug] [2025-06-30T04:28:42.335Z] >>> [apiv2][query] GET https://cloudfunctions.googleapis.com/v2/projects/popchatv002/locations/us-central1/operations/operation-1751257720432-638c276562868-2f15351f-4544f374 [none]
[debug] [2025-06-30T04:28:42.396Z] <<< [apiv2][status] GET https://cloudfunctions.googleapis.com/v2/projects/popchatv002/locations/us-central1/operations/operation-1751257720468-638c27656b5fa-dbf4e1f2-487d5abc 200
[debug] [2025-06-30T04:28:42.396Z] <<< [apiv2][body] GET https://cloudfunctions.googleapis.com/v2/projects/popchatv002/locations/us-central1/operations/operation-1751257720468-638c27656b5fa-dbf4e1f2-487d5abc {"name":"projects/popchatv002/locations/us-central1/operations/operation-1751257720468-638c27656b5fa-dbf4e1f2-487d5abc","metadata":{"@type":"type.googleapis.com/google.cloud.functions.v2.OperationMetadata","createTime":"2025-06-30T04:28:41.195718500Z","target":"projects/popchatv002/locations/us-central1/functions/testSnapshotCycling","verb":"update","cancelRequested":false,"apiVersion":"v2","requestResource":{"@type":"type.googleapis.com/google.cloud.functions.v2.Function","name":"projects/popchatv002/locations/us-central1/functions/testSnapshotCycling","buildConfig":{"runtime":"nodejs22","entryPoint":"testSnapshotCycling","source":{"storageSource":{"bucket":"gcf-v2-sources-296369449480-us-central1","object":"testSnapshotCycling/function-source.zip","generation":"1751257721146154"}},"environmentVariables":{"GOOGLE_NODE_RUN_SCRIPTS":""},"dockerRepository":"projects/popchatv002/locations/us-central1/repositories/gcf-artifacts","sourceProvenance":{"resolvedStorageSource":{"bucket":"gcf-v2-sources-296369449480-us-central1","object":"testSnapshotCycling/function-source.zip","generation":"1751257099513117"}},"dockerRegistry":"ARTIFACT_REGISTRY","sourceToken":"Cldwcm9qZWN0cy8yOTYzNjk0NDk0ODAvbG9jYXRpb25zL3VzLWNlbnRyYWwxL2J1aWxkcy9kM2FhZjdlNS1hMWRkLTRjMWYtOGY0MC0xN2RmNDhlMTM1MzQSbHVzLWNlbnRyYWwxLWRvY2tlci5wa2cuZGV2L3BvcGNoYXR2MDAyL2djZi1hcnRpZmFjdHMvcG9wY2hhdHYwMDJfX3VzLS1jZW50cmFsMV9fdGVzdF9odHRwX2Z1bmN0aW9uOnZlcnNpb25fMRiI1PuH0AgiRXByb2plY3RzL3BvcGNoYXR2MDAyL2xvY2F0aW9ucy91cy1jZW50cmFsMS9mdW5jdGlvbnMvdGVzdEh0dHBGdW5jdGlvbioMCPOkiMMGENCd2b8BMghub2RlanMyMjp2CiNnY3IuaW8vZ2FlLXJ1bnRpbWVzL25vZGVqczIyOnN0YWJsZRJPdXMtY2VudHJhbDEtZG9ja2VyLnBrZy5kZXYvc2VydmVybGVzcy1ydW50aW1lcy9nb29nbGUtMjItZnVsbC9ydW50aW1lcy9ub2RlanMyMkAB","serviceAccount":"projects/popchatv002/serviceAccounts/296369449480-compute@developer.gserviceaccount.com","automaticUpdatePolicy":{}},"serviceConfig":{"service":"projects/popchatv002/locations/us-central1/services/testsnapshotcycling","timeoutSeconds":60,"environmentVariables":{"FIREBASE_CONFIG":"{\"projectId\":\"popchatv002\",\"databaseURL\":\"https://popchatv002-default-rtdb.firebaseio.com\",\"storageBucket\":\"popchatv002.firebasestorage.app\"}","GCLOUD_PROJECT":"popchatv002","EVENTARC_CLOUD_EVENT_SOURCE":"projects/popchatv002/locations/us-central1/services/testSnapshotCycling","FUNCTION_TARGET":"testSnapshotCycling","LOG_EXECUTION_ID":"true","FUNCTION_SIGNATURE_TYPE":"http"},"ingressSettings":"ALLOW_ALL","uri":"https://testsnapshotcycling-2zjil5azfa-uc.a.run.app","serviceAccountEmail":"296369449480-compute@developer.gserviceaccount.com","availableMemory":"256Mi","allTrafficOnLatestRevision":true,"revision":"testsnapshotcycling-00013-ses","maxInstanceRequestConcurrency":80,"availableCpu":"1"},"state":"ACTIVE","labels":{"deployment-tool":"cli-firebase","firebase-functions-hash":"4fb95acf971fd44e46da4433b3dd2209ba159cb9"},"environment":"GEN_2","url":"https://us-central1-popchatv002.cloudfunctions.net/testSnapshotCycling","satisfiesPzi":true},"stages":[{"name":"BUILD","message":"Reusing build","state":"COMPLETE","resource":"projects/296369449480/locations/us-central1/builds/d3aaf7e5-a1dd-4c1f-8f40-17df48e13534"},{"name":"SERVICE","message":"Updating Cloud Run service","state":"IN_PROGRESS","resource":"projects/popchatv002/locations/us-central1/services/testsnapshotcycling","resourceUri":"https://console.cloud.google.com/run/detail/us-central1/testsnapshotcycling?project=popchatv002","stateMessages":[{"severity":"INFO","type":"CloudRunServiceNewRevisionTrafficInfo","message":"A new revision will be deployed serving with 100% traffic."}]}],"sourceToken":"Cldwcm9qZWN0cy8yOTYzNjk0NDk0ODAvbG9jYXRpb25zL3VzLWNlbnRyYWwxL2J1aWxkcy9kM2FhZjdlNS1hMWRkLTRjMWYtOGY0MC0xN2RmNDhlMTM1MzQSbHVzLWNlbnRyYWwxLWRvY2tlci5wa2cuZGV2L3BvcGNoYXR2MDAyL2djZi1hcnRpZmFjdHMvcG9wY2hhdHYwMDJfX3VzLS1jZW50cmFsMV9fdGVzdF9odHRwX2Z1bmN0aW9uOnZlcnNpb25fMRiI1PuH0AgiRXByb2plY3RzL3BvcGNoYXR2MDAyL2xvY2F0aW9ucy91cy1jZW50cmFsMS9mdW5jdGlvbnMvdGVzdEh0dHBGdW5jdGlvbioMCPOkiMMGENCd2b8BMghub2RlanMyMjp2CiNnY3IuaW8vZ2FlLXJ1bnRpbWVzL25vZGVqczIyOnN0YWJsZRJPdXMtY2VudHJhbDEtZG9ja2VyLnBrZy5kZXYvc2VydmVybGVzcy1ydW50aW1lcy9nb29nbGUtMjItZnVsbC9ydW50aW1lcy9ub2RlanMyMkAB","operationType":"UPDATE_FUNCTION","buildName":"projects/296369449480/locations/us-central1/builds/d3aaf7e5-a1dd-4c1f-8f40-17df48e13534"},"done":false}
[debug] [2025-06-30T04:28:42.396Z] Got source token Cldwcm9qZWN0cy8yOTYzNjk0NDk0ODAvbG9jYXRpb25zL3VzLWNlbnRyYWwxL2J1aWxkcy9kM2FhZjdlNS1hMWRkLTRjMWYtOGY0MC0xN2RmNDhlMTM1MzQSbHVzLWNlbnRyYWwxLWRvY2tlci5wa2cuZGV2L3BvcGNoYXR2MDAyL2djZi1hcnRpZmFjdHMvcG9wY2hhdHYwMDJfX3VzLS1jZW50cmFsMV9fdGVzdF9odHRwX2Z1bmN0aW9uOnZlcnNpb25fMRiI1PuH0AgiRXByb2plY3RzL3BvcGNoYXR2MDAyL2xvY2F0aW9ucy91cy1jZW50cmFsMS9mdW5jdGlvbnMvdGVzdEh0dHBGdW5jdGlvbioMCPOkiMMGENCd2b8BMghub2RlanMyMjp2CiNnY3IuaW8vZ2FlLXJ1bnRpbWVzL25vZGVqczIyOnN0YWJsZRJPdXMtY2VudHJhbDEtZG9ja2VyLnBrZy5kZXYvc2VydmVybGVzcy1ydW50aW1lcy9nb29nbGUtMjItZnVsbC9ydW50aW1lcy9ub2RlanMyMkAB for region us-central1
[debug] [2025-06-30T04:28:42.420Z] <<< [apiv2][status] GET https://cloudfunctions.googleapis.com/v2/projects/popchatv002/locations/us-central1/operations/operation-1751257720430-638c276561ea2-189f244a-e33d5a7a 200
[debug] [2025-06-30T04:28:42.420Z] <<< [apiv2][body] GET https://cloudfunctions.googleapis.com/v2/projects/popchatv002/locations/us-central1/operations/operation-1751257720430-638c276561ea2-189f244a-e33d5a7a {"name":"projects/popchatv002/locations/us-central1/operations/operation-1751257720430-638c276561ea2-189f244a-e33d5a7a","metadata":{"@type":"type.googleapis.com/google.cloud.functions.v2.OperationMetadata","createTime":"2025-06-30T04:28:41.056253777Z","target":"projects/popchatv002/locations/us-central1/functions/testSendAd","verb":"update","cancelRequested":false,"apiVersion":"v2","requestResource":{"@type":"type.googleapis.com/google.cloud.functions.v2.Function","name":"projects/popchatv002/locations/us-central1/functions/testSendAd","buildConfig":{"runtime":"nodejs22","entryPoint":"testSendAd","source":{"storageSource":{"bucket":"gcf-v2-sources-296369449480-us-central1","object":"testSendAd/function-source.zip","generation":"1751257721014420"}},"environmentVariables":{"GOOGLE_NODE_RUN_SCRIPTS":""},"dockerRepository":"projects/popchatv002/locations/us-central1/repositories/gcf-artifacts","sourceProvenance":{"resolvedStorageSource":{"bucket":"gcf-v2-sources-296369449480-us-central1","object":"testSendAd/function-source.zip","generation":"1751257099645799"}},"dockerRegistry":"ARTIFACT_REGISTRY","sourceToken":"Cldwcm9qZWN0cy8yOTYzNjk0NDk0ODAvbG9jYXRpb25zL3VzLWNlbnRyYWwxL2J1aWxkcy9kM2FhZjdlNS1hMWRkLTRjMWYtOGY0MC0xN2RmNDhlMTM1MzQSbHVzLWNlbnRyYWwxLWRvY2tlci5wa2cuZGV2L3BvcGNoYXR2MDAyL2djZi1hcnRpZmFjdHMvcG9wY2hhdHYwMDJfX3VzLS1jZW50cmFsMV9fdGVzdF9odHRwX2Z1bmN0aW9uOnZlcnNpb25fMRiI1PuH0AgiRXByb2plY3RzL3BvcGNoYXR2MDAyL2xvY2F0aW9ucy91cy1jZW50cmFsMS9mdW5jdGlvbnMvdGVzdEh0dHBGdW5jdGlvbioMCPOkiMMGENCd2b8BMghub2RlanMyMjp2CiNnY3IuaW8vZ2FlLXJ1bnRpbWVzL25vZGVqczIyOnN0YWJsZRJPdXMtY2VudHJhbDEtZG9ja2VyLnBrZy5kZXYvc2VydmVybGVzcy1ydW50aW1lcy9nb29nbGUtMjItZnVsbC9ydW50aW1lcy9ub2RlanMyMkAB","serviceAccount":"projects/popchatv002/serviceAccounts/296369449480-compute@developer.gserviceaccount.com","automaticUpdatePolicy":{}},"serviceConfig":{"service":"projects/popchatv002/locations/us-central1/services/testsendad","timeoutSeconds":60,"environmentVariables":{"FIREBASE_CONFIG":"{\"projectId\":\"popchatv002\",\"databaseURL\":\"https://popchatv002-default-rtdb.firebaseio.com\",\"storageBucket\":\"popchatv002.firebasestorage.app\"}","GCLOUD_PROJECT":"popchatv002","EVENTARC_CLOUD_EVENT_SOURCE":"projects/popchatv002/locations/us-central1/services/testSendAd","FUNCTION_TARGET":"testSendAd","LOG_EXECUTION_ID":"true","FUNCTION_SIGNATURE_TYPE":"http"},"ingressSettings":"ALLOW_ALL","uri":"https://testsendad-2zjil5azfa-uc.a.run.app","serviceAccountEmail":"296369449480-compute@developer.gserviceaccount.com","availableMemory":"256Mi","allTrafficOnLatestRevision":true,"revision":"testsendad-00017-viq","maxInstanceRequestConcurrency":80,"availableCpu":"1"},"state":"ACTIVE","labels":{"deployment-tool":"cli-firebase","firebase-functions-hash":"4fb95acf971fd44e46da4433b3dd2209ba159cb9"},"environment":"GEN_2","url":"https://us-central1-popchatv002.cloudfunctions.net/testSendAd","satisfiesPzi":true},"stages":[{"name":"BUILD","message":"Reusing build","state":"COMPLETE","resource":"projects/296369449480/locations/us-central1/builds/d3aaf7e5-a1dd-4c1f-8f40-17df48e13534"},{"name":"SERVICE","message":"Updating Cloud Run service","state":"IN_PROGRESS","resource":"projects/popchatv002/locations/us-central1/services/testsendad","resourceUri":"https://console.cloud.google.com/run/detail/us-central1/testsendad?project=popchatv002","stateMessages":[{"severity":"INFO","type":"CloudRunServiceNewRevisionTrafficInfo","message":"A new revision will be deployed serving with 100% traffic."}]}],"sourceToken":"Cldwcm9qZWN0cy8yOTYzNjk0NDk0ODAvbG9jYXRpb25zL3VzLWNlbnRyYWwxL2J1aWxkcy9kM2FhZjdlNS1hMWRkLTRjMWYtOGY0MC0xN2RmNDhlMTM1MzQSbHVzLWNlbnRyYWwxLWRvY2tlci5wa2cuZGV2L3BvcGNoYXR2MDAyL2djZi1hcnRpZmFjdHMvcG9wY2hhdHYwMDJfX3VzLS1jZW50cmFsMV9fdGVzdF9odHRwX2Z1bmN0aW9uOnZlcnNpb25fMRiI1PuH0AgiRXByb2plY3RzL3BvcGNoYXR2MDAyL2xvY2F0aW9ucy91cy1jZW50cmFsMS9mdW5jdGlvbnMvdGVzdEh0dHBGdW5jdGlvbioMCPOkiMMGENCd2b8BMghub2RlanMyMjp2CiNnY3IuaW8vZ2FlLXJ1bnRpbWVzL25vZGVqczIyOnN0YWJsZRJPdXMtY2VudHJhbDEtZG9ja2VyLnBrZy5kZXYvc2VydmVybGVzcy1ydW50aW1lcy9nb29nbGUtMjItZnVsbC9ydW50aW1lcy9ub2RlanMyMkAB","operationType":"UPDATE_FUNCTION","buildName":"projects/296369449480/locations/us-central1/builds/d3aaf7e5-a1dd-4c1f-8f40-17df48e13534"},"done":false}
[debug] [2025-06-30T04:28:42.420Z] Got source token Cldwcm9qZWN0cy8yOTYzNjk0NDk0ODAvbG9jYXRpb25zL3VzLWNlbnRyYWwxL2J1aWxkcy9kM2FhZjdlNS1hMWRkLTRjMWYtOGY0MC0xN2RmNDhlMTM1MzQSbHVzLWNlbnRyYWwxLWRvY2tlci5wa2cuZGV2L3BvcGNoYXR2MDAyL2djZi1hcnRpZmFjdHMvcG9wY2hhdHYwMDJfX3VzLS1jZW50cmFsMV9fdGVzdF9odHRwX2Z1bmN0aW9uOnZlcnNpb25fMRiI1PuH0AgiRXByb2plY3RzL3BvcGNoYXR2MDAyL2xvY2F0aW9ucy91cy1jZW50cmFsMS9mdW5jdGlvbnMvdGVzdEh0dHBGdW5jdGlvbioMCPOkiMMGENCd2b8BMghub2RlanMyMjp2CiNnY3IuaW8vZ2FlLXJ1bnRpbWVzL25vZGVqczIyOnN0YWJsZRJPdXMtY2VudHJhbDEtZG9ja2VyLnBrZy5kZXYvc2VydmVybGVzcy1ydW50aW1lcy9nb29nbGUtMjItZnVsbC9ydW50aW1lcy9ub2RlanMyMkAB for region us-central1
[debug] [2025-06-30T04:28:42.465Z] <<< [apiv2][status] GET https://cloudfunctions.googleapis.com/v2/projects/popchatv002/locations/us-central1/operations/operation-1751257720413-638c27655de89-6698e35a-8f465e0a 200
[debug] [2025-06-30T04:28:42.465Z] <<< [apiv2][body] GET https://cloudfunctions.googleapis.com/v2/projects/popchatv002/locations/us-central1/operations/operation-1751257720413-638c27655de89-6698e35a-8f465e0a {"name":"projects/popchatv002/locations/us-central1/operations/operation-1751257720413-638c27655de89-6698e35a-8f465e0a","metadata":{"@type":"type.googleapis.com/google.cloud.functions.v2.OperationMetadata","createTime":"2025-06-30T04:28:41.095424257Z","target":"projects/popchatv002/locations/us-central1/functions/resetUserCounter","verb":"update","cancelRequested":false,"apiVersion":"v2","requestResource":{"@type":"type.googleapis.com/google.cloud.functions.v2.Function","name":"projects/popchatv002/locations/us-central1/functions/resetUserCounter","buildConfig":{"runtime":"nodejs22","entryPoint":"resetUserCounter","source":{"storageSource":{"bucket":"gcf-v2-sources-296369449480-us-central1","object":"resetUserCounter/function-source.zip","generation":"1751257721056668"}},"environmentVariables":{"GOOGLE_NODE_RUN_SCRIPTS":""},"dockerRepository":"projects/popchatv002/locations/us-central1/repositories/gcf-artifacts","sourceProvenance":{"resolvedStorageSource":{"bucket":"gcf-v2-sources-296369449480-us-central1","object":"resetUserCounter/function-source.zip","generation":"1751257099518160"}},"dockerRegistry":"ARTIFACT_REGISTRY","sourceToken":"Cldwcm9qZWN0cy8yOTYzNjk0NDk0ODAvbG9jYXRpb25zL3VzLWNlbnRyYWwxL2J1aWxkcy9kM2FhZjdlNS1hMWRkLTRjMWYtOGY0MC0xN2RmNDhlMTM1MzQSbHVzLWNlbnRyYWwxLWRvY2tlci5wa2cuZGV2L3BvcGNoYXR2MDAyL2djZi1hcnRpZmFjdHMvcG9wY2hhdHYwMDJfX3VzLS1jZW50cmFsMV9fdGVzdF9odHRwX2Z1bmN0aW9uOnZlcnNpb25fMRiI1PuH0AgiRXByb2plY3RzL3BvcGNoYXR2MDAyL2xvY2F0aW9ucy91cy1jZW50cmFsMS9mdW5jdGlvbnMvdGVzdEh0dHBGdW5jdGlvbioMCPOkiMMGENCd2b8BMghub2RlanMyMjp2CiNnY3IuaW8vZ2FlLXJ1bnRpbWVzL25vZGVqczIyOnN0YWJsZRJPdXMtY2VudHJhbDEtZG9ja2VyLnBrZy5kZXYvc2VydmVybGVzcy1ydW50aW1lcy9nb29nbGUtMjItZnVsbC9ydW50aW1lcy9ub2RlanMyMkAB","serviceAccount":"projects/popchatv002/serviceAccounts/296369449480-compute@developer.gserviceaccount.com","automaticUpdatePolicy":{}},"serviceConfig":{"service":"projects/popchatv002/locations/us-central1/services/resetusercounter","timeoutSeconds":60,"environmentVariables":{"FIREBASE_CONFIG":"{\"projectId\":\"popchatv002\",\"databaseURL\":\"https://popchatv002-default-rtdb.firebaseio.com\",\"storageBucket\":\"popchatv002.firebasestorage.app\"}","GCLOUD_PROJECT":"popchatv002","EVENTARC_CLOUD_EVENT_SOURCE":"projects/popchatv002/locations/us-central1/services/resetUserCounter","FUNCTION_TARGET":"resetUserCounter","LOG_EXECUTION_ID":"true","FUNCTION_SIGNATURE_TYPE":"http"},"ingressSettings":"ALLOW_ALL","uri":"https://resetusercounter-2zjil5azfa-uc.a.run.app","serviceAccountEmail":"296369449480-compute@developer.gserviceaccount.com","availableMemory":"256Mi","allTrafficOnLatestRevision":true,"revision":"resetusercounter-00014-cef","maxInstanceRequestConcurrency":80,"availableCpu":"1"},"state":"ACTIVE","labels":{"deployment-tool":"cli-firebase","firebase-functions-hash":"4fb95acf971fd44e46da4433b3dd2209ba159cb9"},"environment":"GEN_2","url":"https://us-central1-popchatv002.cloudfunctions.net/resetUserCounter","satisfiesPzi":true},"stages":[{"name":"BUILD","message":"Reusing build","state":"COMPLETE","resource":"projects/296369449480/locations/us-central1/builds/d3aaf7e5-a1dd-4c1f-8f40-17df48e13534"},{"name":"SERVICE","message":"Updating Cloud Run service","state":"IN_PROGRESS","resource":"projects/popchatv002/locations/us-central1/services/resetusercounter","resourceUri":"https://console.cloud.google.com/run/detail/us-central1/resetusercounter?project=popchatv002","stateMessages":[{"severity":"INFO","type":"CloudRunServiceNewRevisionTrafficInfo","message":"A new revision will be deployed serving with 100% traffic."}]}],"sourceToken":"Cldwcm9qZWN0cy8yOTYzNjk0NDk0ODAvbG9jYXRpb25zL3VzLWNlbnRyYWwxL2J1aWxkcy9kM2FhZjdlNS1hMWRkLTRjMWYtOGY0MC0xN2RmNDhlMTM1MzQSbHVzLWNlbnRyYWwxLWRvY2tlci5wa2cuZGV2L3BvcGNoYXR2MDAyL2djZi1hcnRpZmFjdHMvcG9wY2hhdHYwMDJfX3VzLS1jZW50cmFsMV9fdGVzdF9odHRwX2Z1bmN0aW9uOnZlcnNpb25fMRiI1PuH0AgiRXByb2plY3RzL3BvcGNoYXR2MDAyL2xvY2F0aW9ucy91cy1jZW50cmFsMS9mdW5jdGlvbnMvdGVzdEh0dHBGdW5jdGlvbioMCPOkiMMGENCd2b8BMghub2RlanMyMjp2CiNnY3IuaW8vZ2FlLXJ1bnRpbWVzL25vZGVqczIyOnN0YWJsZRJPdXMtY2VudHJhbDEtZG9ja2VyLnBrZy5kZXYvc2VydmVybGVzcy1ydW50aW1lcy9nb29nbGUtMjItZnVsbC9ydW50aW1lcy9ub2RlanMyMkAB","operationType":"UPDATE_FUNCTION","buildName":"projects/296369449480/locations/us-central1/builds/d3aaf7e5-a1dd-4c1f-8f40-17df48e13534"},"done":false}
[debug] [2025-06-30T04:28:42.466Z] Got source token Cldwcm9qZWN0cy8yOTYzNjk0NDk0ODAvbG9jYXRpb25zL3VzLWNlbnRyYWwxL2J1aWxkcy9kM2FhZjdlNS1hMWRkLTRjMWYtOGY0MC0xN2RmNDhlMTM1MzQSbHVzLWNlbnRyYWwxLWRvY2tlci5wa2cuZGV2L3BvcGNoYXR2MDAyL2djZi1hcnRpZmFjdHMvcG9wY2hhdHYwMDJfX3VzLS1jZW50cmFsMV9fdGVzdF9odHRwX2Z1bmN0aW9uOnZlcnNpb25fMRiI1PuH0AgiRXByb2plY3RzL3BvcGNoYXR2MDAyL2xvY2F0aW9ucy91cy1jZW50cmFsMS9mdW5jdGlvbnMvdGVzdEh0dHBGdW5jdGlvbioMCPOkiMMGENCd2b8BMghub2RlanMyMjp2CiNnY3IuaW8vZ2FlLXJ1bnRpbWVzL25vZGVqczIyOnN0YWJsZRJPdXMtY2VudHJhbDEtZG9ja2VyLnBrZy5kZXYvc2VydmVybGVzcy1ydW50aW1lcy9nb29nbGUtMjItZnVsbC9ydW50aW1lcy9ub2RlanMyMkAB for region us-central1
[debug] [2025-06-30T04:28:42.466Z] [update-default-us-central1-scheduledRandomUserMedia] Retrying task index 0
[debug] [2025-06-30T04:28:42.466Z] Checked if tokens are valid: true, expires at: 1751260621805
[debug] [2025-06-30T04:28:42.466Z] Checked if tokens are valid: true, expires at: 1751260621805
[debug] [2025-06-30T04:28:42.466Z] >>> [apiv2][query] GET https://cloudfunctions.googleapis.com/v2/projects/popchatv002/locations/us-central1/operations/operation-1751257720468-638c27656b449-f90f96cc-332f62ae [none]
[debug] [2025-06-30T04:28:42.472Z] <<< [apiv2][status] GET https://cloudfunctions.googleapis.com/v2/projects/popchatv002/locations/us-central1/operations/operation-1751257720429-638c2765619c9-aa1c1132-72ed2591 200
[debug] [2025-06-30T04:28:42.472Z] <<< [apiv2][body] GET https://cloudfunctions.googleapis.com/v2/projects/popchatv002/locations/us-central1/operations/operation-1751257720429-638c2765619c9-aa1c1132-72ed2591 {"name":"projects/popchatv002/locations/us-central1/operations/operation-1751257720429-638c2765619c9-aa1c1132-72ed2591","metadata":{"@type":"type.googleapis.com/google.cloud.functions.v2.OperationMetadata","createTime":"2025-06-30T04:28:41.087145853Z","target":"projects/popchatv002/locations/us-central1/functions/scheduledSendAd","verb":"update","cancelRequested":false,"apiVersion":"v2","requestResource":{"@type":"type.googleapis.com/google.cloud.functions.v2.Function","name":"projects/popchatv002/locations/us-central1/functions/scheduledSendAd","buildConfig":{"runtime":"nodejs22","entryPoint":"scheduledSendAd","source":{"storageSource":{"bucket":"gcf-v2-sources-296369449480-us-central1","object":"scheduledSendAd/function-source.zip","generation":"1751257721047016"}},"environmentVariables":{"GOOGLE_NODE_RUN_SCRIPTS":""},"dockerRepository":"projects/popchatv002/locations/us-central1/repositories/gcf-artifacts","sourceProvenance":{"resolvedStorageSource":{"bucket":"gcf-v2-sources-296369449480-us-central1","object":"scheduledSendAd/function-source.zip","generation":"1751257504667326"}},"dockerRegistry":"ARTIFACT_REGISTRY","sourceToken":"Cldwcm9qZWN0cy8yOTYzNjk0NDk0ODAvbG9jYXRpb25zL3VzLWNlbnRyYWwxL2J1aWxkcy9kM2FhZjdlNS1hMWRkLTRjMWYtOGY0MC0xN2RmNDhlMTM1MzQSbHVzLWNlbnRyYWwxLWRvY2tlci5wa2cuZGV2L3BvcGNoYXR2MDAyL2djZi1hcnRpZmFjdHMvcG9wY2hhdHYwMDJfX3VzLS1jZW50cmFsMV9fdGVzdF9odHRwX2Z1bmN0aW9uOnZlcnNpb25fMRiI1PuH0AgiRXByb2plY3RzL3BvcGNoYXR2MDAyL2xvY2F0aW9ucy91cy1jZW50cmFsMS9mdW5jdGlvbnMvdGVzdEh0dHBGdW5jdGlvbioMCPOkiMMGENCd2b8BMghub2RlanMyMjp2CiNnY3IuaW8vZ2FlLXJ1bnRpbWVzL25vZGVqczIyOnN0YWJsZRJPdXMtY2VudHJhbDEtZG9ja2VyLnBrZy5kZXYvc2VydmVybGVzcy1ydW50aW1lcy9nb29nbGUtMjItZnVsbC9ydW50aW1lcy9ub2RlanMyMkAB","serviceAccount":"projects/popchatv002/serviceAccounts/296369449480-compute@developer.gserviceaccount.com","automaticUpdatePolicy":{}},"serviceConfig":{"service":"projects/popchatv002/locations/us-central1/services/scheduledsendad","timeoutSeconds":60,"environmentVariables":{"FIREBASE_CONFIG":"{\"projectId\":\"popchatv002\",\"databaseURL\":\"https://popchatv002-default-rtdb.firebaseio.com\",\"storageBucket\":\"popchatv002.firebasestorage.app\"}","GCLOUD_PROJECT":"popchatv002","EVENTARC_CLOUD_EVENT_SOURCE":"projects/popchatv002/locations/us-central1/services/scheduledSendAd","FUNCTION_TARGET":"scheduledSendAd","LOG_EXECUTION_ID":"true","FUNCTION_SIGNATURE_TYPE":"http"},"ingressSettings":"ALLOW_ALL","uri":"https://scheduledsendad-2zjil5azfa-uc.a.run.app","serviceAccountEmail":"296369449480-compute@developer.gserviceaccount.com","availableMemory":"256Mi","allTrafficOnLatestRevision":true,"revision":"scheduledsendad-00019-jep","maxInstanceRequestConcurrency":80,"availableCpu":"1"},"state":"ACTIVE","labels":{"deployment-tool":"cli-firebase","deployment-scheduled":"true","firebase-functions-hash":"4fb95acf971fd44e46da4433b3dd2209ba159cb9"},"environment":"GEN_2","url":"https://us-central1-popchatv002.cloudfunctions.net/scheduledSendAd","satisfiesPzi":true},"stages":[{"name":"BUILD","message":"Reusing build","state":"COMPLETE","resource":"projects/296369449480/locations/us-central1/builds/d3aaf7e5-a1dd-4c1f-8f40-17df48e13534"},{"name":"SERVICE","message":"Updating Cloud Run service","state":"IN_PROGRESS","resource":"projects/popchatv002/locations/us-central1/services/scheduledsendad","resourceUri":"https://console.cloud.google.com/run/detail/us-central1/scheduledsendad?project=popchatv002","stateMessages":[{"severity":"INFO","type":"CloudRunServiceNewRevisionTrafficInfo","message":"A new revision will be deployed serving with 100% traffic."}]}],"sourceToken":"Cldwcm9qZWN0cy8yOTYzNjk0NDk0ODAvbG9jYXRpb25zL3VzLWNlbnRyYWwxL2J1aWxkcy9kM2FhZjdlNS1hMWRkLTRjMWYtOGY0MC0xN2RmNDhlMTM1MzQSbHVzLWNlbnRyYWwxLWRvY2tlci5wa2cuZGV2L3BvcGNoYXR2MDAyL2djZi1hcnRpZmFjdHMvcG9wY2hhdHYwMDJfX3VzLS1jZW50cmFsMV9fdGVzdF9odHRwX2Z1bmN0aW9uOnZlcnNpb25fMRiI1PuH0AgiRXByb2plY3RzL3BvcGNoYXR2MDAyL2xvY2F0aW9ucy91cy1jZW50cmFsMS9mdW5jdGlvbnMvdGVzdEh0dHBGdW5jdGlvbioMCPOkiMMGENCd2b8BMghub2RlanMyMjp2CiNnY3IuaW8vZ2FlLXJ1bnRpbWVzL25vZGVqczIyOnN0YWJsZRJPdXMtY2VudHJhbDEtZG9ja2VyLnBrZy5kZXYvc2VydmVybGVzcy1ydW50aW1lcy9nb29nbGUtMjItZnVsbC9ydW50aW1lcy9ub2RlanMyMkAB","operationType":"UPDATE_FUNCTION","buildName":"projects/296369449480/locations/us-central1/builds/d3aaf7e5-a1dd-4c1f-8f40-17df48e13534"},"done":false}
[debug] [2025-06-30T04:28:42.472Z] Got source token Cldwcm9qZWN0cy8yOTYzNjk0NDk0ODAvbG9jYXRpb25zL3VzLWNlbnRyYWwxL2J1aWxkcy9kM2FhZjdlNS1hMWRkLTRjMWYtOGY0MC0xN2RmNDhlMTM1MzQSbHVzLWNlbnRyYWwxLWRvY2tlci5wa2cuZGV2L3BvcGNoYXR2MDAyL2djZi1hcnRpZmFjdHMvcG9wY2hhdHYwMDJfX3VzLS1jZW50cmFsMV9fdGVzdF9odHRwX2Z1bmN0aW9uOnZlcnNpb25fMRiI1PuH0AgiRXByb2plY3RzL3BvcGNoYXR2MDAyL2xvY2F0aW9ucy91cy1jZW50cmFsMS9mdW5jdGlvbnMvdGVzdEh0dHBGdW5jdGlvbioMCPOkiMMGENCd2b8BMghub2RlanMyMjp2CiNnY3IuaW8vZ2FlLXJ1bnRpbWVzL25vZGVqczIyOnN0YWJsZRJPdXMtY2VudHJhbDEtZG9ja2VyLnBrZy5kZXYvc2VydmVybGVzcy1ydW50aW1lcy9nb29nbGUtMjItZnVsbC9ydW50aW1lcy9ub2RlanMyMkAB for region us-central1
[debug] [2025-06-30T04:28:42.477Z] <<< [apiv2][status] GET https://cloudfunctions.googleapis.com/v2/projects/popchatv002/locations/us-central1/operations/operation-1751257720430-638c276561e9d-1191d8e0-ebf1a17f 200
[debug] [2025-06-30T04:28:42.477Z] <<< [apiv2][body] GET https://cloudfunctions.googleapis.com/v2/projects/popchatv002/locations/us-central1/operations/operation-1751257720430-638c276561e9d-1191d8e0-ebf1a17f {"name":"projects/popchatv002/locations/us-central1/operations/operation-1751257720430-638c276561e9d-1191d8e0-ebf1a17f","metadata":{"@type":"type.googleapis.com/google.cloud.functions.v2.OperationMetadata","createTime":"2025-06-30T04:28:41.091952358Z","target":"projects/popchatv002/locations/us-central1/functions/telegramWebhook","verb":"update","cancelRequested":false,"apiVersion":"v2","requestResource":{"@type":"type.googleapis.com/google.cloud.functions.v2.Function","name":"projects/popchatv002/locations/us-central1/functions/telegramWebhook","buildConfig":{"runtime":"nodejs22","entryPoint":"telegramWebhook","source":{"storageSource":{"bucket":"gcf-v2-sources-296369449480-us-central1","object":"telegramWebhook/function-source.zip","generation":"1751257721051170"}},"environmentVariables":{"GOOGLE_NODE_RUN_SCRIPTS":""},"dockerRepository":"projects/popchatv002/locations/us-central1/repositories/gcf-artifacts","sourceProvenance":{"resolvedStorageSource":{"bucket":"gcf-v2-sources-296369449480-us-central1","object":"telegramWebhook/function-source.zip","generation":"1751257099563488"}},"dockerRegistry":"ARTIFACT_REGISTRY","sourceToken":"Cldwcm9qZWN0cy8yOTYzNjk0NDk0ODAvbG9jYXRpb25zL3VzLWNlbnRyYWwxL2J1aWxkcy9kM2FhZjdlNS1hMWRkLTRjMWYtOGY0MC0xN2RmNDhlMTM1MzQSbHVzLWNlbnRyYWwxLWRvY2tlci5wa2cuZGV2L3BvcGNoYXR2MDAyL2djZi1hcnRpZmFjdHMvcG9wY2hhdHYwMDJfX3VzLS1jZW50cmFsMV9fdGVzdF9odHRwX2Z1bmN0aW9uOnZlcnNpb25fMRiI1PuH0AgiRXByb2plY3RzL3BvcGNoYXR2MDAyL2xvY2F0aW9ucy91cy1jZW50cmFsMS9mdW5jdGlvbnMvdGVzdEh0dHBGdW5jdGlvbioMCPOkiMMGENCd2b8BMghub2RlanMyMjp2CiNnY3IuaW8vZ2FlLXJ1bnRpbWVzL25vZGVqczIyOnN0YWJsZRJPdXMtY2VudHJhbDEtZG9ja2VyLnBrZy5kZXYvc2VydmVybGVzcy1ydW50aW1lcy9nb29nbGUtMjItZnVsbC9ydW50aW1lcy9ub2RlanMyMkAB","serviceAccount":"projects/popchatv002/serviceAccounts/296369449480-compute@developer.gserviceaccount.com","automaticUpdatePolicy":{}},"serviceConfig":{"service":"projects/popchatv002/locations/us-central1/services/telegramwebhook","timeoutSeconds":60,"environmentVariables":{"FIREBASE_CONFIG":"{\"projectId\":\"popchatv002\",\"databaseURL\":\"https://popchatv002-default-rtdb.firebaseio.com\",\"storageBucket\":\"popchatv002.firebasestorage.app\"}","GCLOUD_PROJECT":"popchatv002","EVENTARC_CLOUD_EVENT_SOURCE":"projects/popchatv002/locations/us-central1/services/telegramWebhook","FUNCTION_TARGET":"telegramWebhook","LOG_EXECUTION_ID":"true","FUNCTION_SIGNATURE_TYPE":"http"},"ingressSettings":"ALLOW_ALL","uri":"https://telegramwebhook-2zjil5azfa-uc.a.run.app","serviceAccountEmail":"296369449480-compute@developer.gserviceaccount.com","availableMemory":"256Mi","allTrafficOnLatestRevision":true,"revision":"telegramwebhook-00012-rig","maxInstanceRequestConcurrency":80,"availableCpu":"1"},"state":"ACTIVE","labels":{"deployment-tool":"cli-firebase","firebase-functions-hash":"4fb95acf971fd44e46da4433b3dd2209ba159cb9"},"environment":"GEN_2","url":"https://us-central1-popchatv002.cloudfunctions.net/telegramWebhook","satisfiesPzi":true},"stages":[{"name":"BUILD","message":"Reusing build","state":"COMPLETE","resource":"projects/296369449480/locations/us-central1/builds/d3aaf7e5-a1dd-4c1f-8f40-17df48e13534"},{"name":"SERVICE","message":"Updating Cloud Run service","state":"IN_PROGRESS","resource":"projects/popchatv002/locations/us-central1/services/telegramwebhook","resourceUri":"https://console.cloud.google.com/run/detail/us-central1/telegramwebhook?project=popchatv002","stateMessages":[{"severity":"INFO","type":"CloudRunServiceNewRevisionTrafficInfo","message":"A new revision will be deployed serving with 100% traffic."}]}],"sourceToken":"Cldwcm9qZWN0cy8yOTYzNjk0NDk0ODAvbG9jYXRpb25zL3VzLWNlbnRyYWwxL2J1aWxkcy9kM2FhZjdlNS1hMWRkLTRjMWYtOGY0MC0xN2RmNDhlMTM1MzQSbHVzLWNlbnRyYWwxLWRvY2tlci5wa2cuZGV2L3BvcGNoYXR2MDAyL2djZi1hcnRpZmFjdHMvcG9wY2hhdHYwMDJfX3VzLS1jZW50cmFsMV9fdGVzdF9odHRwX2Z1bmN0aW9uOnZlcnNpb25fMRiI1PuH0AgiRXByb2plY3RzL3BvcGNoYXR2MDAyL2xvY2F0aW9ucy91cy1jZW50cmFsMS9mdW5jdGlvbnMvdGVzdEh0dHBGdW5jdGlvbioMCPOkiMMGENCd2b8BMghub2RlanMyMjp2CiNnY3IuaW8vZ2FlLXJ1bnRpbWVzL25vZGVqczIyOnN0YWJsZRJPdXMtY2VudHJhbDEtZG9ja2VyLnBrZy5kZXYvc2VydmVybGVzcy1ydW50aW1lcy9nb29nbGUtMjItZnVsbC9ydW50aW1lcy9ub2RlanMyMkAB","operationType":"UPDATE_FUNCTION","buildName":"projects/296369449480/locations/us-central1/builds/d3aaf7e5-a1dd-4c1f-8f40-17df48e13534"},"done":false}
[debug] [2025-06-30T04:28:42.477Z] Got source token Cldwcm9qZWN0cy8yOTYzNjk0NDk0ODAvbG9jYXRpb25zL3VzLWNlbnRyYWwxL2J1aWxkcy9kM2FhZjdlNS1hMWRkLTRjMWYtOGY0MC0xN2RmNDhlMTM1MzQSbHVzLWNlbnRyYWwxLWRvY2tlci5wa2cuZGV2L3BvcGNoYXR2MDAyL2djZi1hcnRpZmFjdHMvcG9wY2hhdHYwMDJfX3VzLS1jZW50cmFsMV9fdGVzdF9odHRwX2Z1bmN0aW9uOnZlcnNpb25fMRiI1PuH0AgiRXByb2plY3RzL3BvcGNoYXR2MDAyL2xvY2F0aW9ucy91cy1jZW50cmFsMS9mdW5jdGlvbnMvdGVzdEh0dHBGdW5jdGlvbioMCPOkiMMGENCd2b8BMghub2RlanMyMjp2CiNnY3IuaW8vZ2FlLXJ1bnRpbWVzL25vZGVqczIyOnN0YWJsZRJPdXMtY2VudHJhbDEtZG9ja2VyLnBrZy5kZXYvc2VydmVybGVzcy1ydW50aW1lcy9nb29nbGUtMjItZnVsbC9ydW50aW1lcy9ub2RlanMyMkAB for region us-central1
[debug] [2025-06-30T04:28:42.518Z] [update-default-us-central1-writeToDatabase] Retrying task index 0
[debug] [2025-06-30T04:28:42.518Z] Checked if tokens are valid: true, expires at: 1751260621805
[debug] [2025-06-30T04:28:42.518Z] Checked if tokens are valid: true, expires at: 1751260621805
[debug] [2025-06-30T04:28:42.518Z] >>> [apiv2][query] GET https://cloudfunctions.googleapis.com/v2/projects/popchatv002/locations/us-central1/operations/operation-1751257719121-638c276422519-e7852deb-4cd8f505 [none]
[debug] [2025-06-30T04:28:42.519Z] <<< [apiv2][status] GET https://cloudfunctions.googleapis.com/v2/projects/popchatv002/locations/us-central1/operations/operation-1751257720469-638c27656b729-c899d5b1-c4413bff 200
[debug] [2025-06-30T04:28:42.519Z] <<< [apiv2][body] GET https://cloudfunctions.googleapis.com/v2/projects/popchatv002/locations/us-central1/operations/operation-1751257720469-638c27656b729-c899d5b1-c4413bff {"name":"projects/popchatv002/locations/us-central1/operations/operation-1751257720469-638c27656b729-c899d5b1-c4413bff","metadata":{"@type":"type.googleapis.com/google.cloud.functions.v2.OperationMetadata","createTime":"2025-06-30T04:28:41.149278176Z","target":"projects/popchatv002/locations/us-central1/functions/sendHostToGroup","verb":"update","cancelRequested":false,"apiVersion":"v2","requestResource":{"@type":"type.googleapis.com/google.cloud.functions.v2.Function","name":"projects/popchatv002/locations/us-central1/functions/sendHostToGroup","buildConfig":{"runtime":"nodejs22","entryPoint":"sendHostToGroup","source":{"storageSource":{"bucket":"gcf-v2-sources-296369449480-us-central1","object":"sendHostToGroup/function-source.zip","generation":"1751257721098329"}},"environmentVariables":{"GOOGLE_NODE_RUN_SCRIPTS":""},"dockerRepository":"projects/popchatv002/locations/us-central1/repositories/gcf-artifacts","sourceProvenance":{"resolvedStorageSource":{"bucket":"gcf-v2-sources-296369449480-us-central1","object":"sendHostToGroup/function-source.zip","generation":"1751257099576409"}},"dockerRegistry":"ARTIFACT_REGISTRY","sourceToken":"Cldwcm9qZWN0cy8yOTYzNjk0NDk0ODAvbG9jYXRpb25zL3VzLWNlbnRyYWwxL2J1aWxkcy9kM2FhZjdlNS1hMWRkLTRjMWYtOGY0MC0xN2RmNDhlMTM1MzQSbHVzLWNlbnRyYWwxLWRvY2tlci5wa2cuZGV2L3BvcGNoYXR2MDAyL2djZi1hcnRpZmFjdHMvcG9wY2hhdHYwMDJfX3VzLS1jZW50cmFsMV9fdGVzdF9odHRwX2Z1bmN0aW9uOnZlcnNpb25fMRiI1PuH0AgiRXByb2plY3RzL3BvcGNoYXR2MDAyL2xvY2F0aW9ucy91cy1jZW50cmFsMS9mdW5jdGlvbnMvdGVzdEh0dHBGdW5jdGlvbioMCPOkiMMGENCd2b8BMghub2RlanMyMjp2CiNnY3IuaW8vZ2FlLXJ1bnRpbWVzL25vZGVqczIyOnN0YWJsZRJPdXMtY2VudHJhbDEtZG9ja2VyLnBrZy5kZXYvc2VydmVybGVzcy1ydW50aW1lcy9nb29nbGUtMjItZnVsbC9ydW50aW1lcy9ub2RlanMyMkAB","serviceAccount":"projects/popchatv002/serviceAccounts/296369449480-compute@developer.gserviceaccount.com","automaticUpdatePolicy":{}},"serviceConfig":{"service":"projects/popchatv002/locations/us-central1/services/sendhosttogroup","timeoutSeconds":60,"environmentVariables":{"FIREBASE_CONFIG":"{\"projectId\":\"popchatv002\",\"databaseURL\":\"https://popchatv002-default-rtdb.firebaseio.com\",\"storageBucket\":\"popchatv002.firebasestorage.app\"}","GCLOUD_PROJECT":"popchatv002","EVENTARC_CLOUD_EVENT_SOURCE":"projects/popchatv002/locations/us-central1/services/sendHostToGroup","FUNCTION_TARGET":"sendHostToGroup","LOG_EXECUTION_ID":"true","FUNCTION_SIGNATURE_TYPE":"http"},"ingressSettings":"ALLOW_ALL","uri":"https://sendhosttogroup-2zjil5azfa-uc.a.run.app","serviceAccountEmail":"296369449480-compute@developer.gserviceaccount.com","availableMemory":"256Mi","allTrafficOnLatestRevision":true,"revision":"sendhosttogroup-00023-viy","maxInstanceRequestConcurrency":80,"availableCpu":"1"},"state":"ACTIVE","labels":{"deployment-tool":"cli-firebase","firebase-functions-hash":"4fb95acf971fd44e46da4433b3dd2209ba159cb9"},"environment":"GEN_2","url":"https://us-central1-popchatv002.cloudfunctions.net/sendHostToGroup","satisfiesPzi":true},"stages":[{"name":"BUILD","message":"Reusing build","state":"COMPLETE","resource":"projects/296369449480/locations/us-central1/builds/d3aaf7e5-a1dd-4c1f-8f40-17df48e13534"},{"name":"SERVICE","message":"Updating Cloud Run service","state":"IN_PROGRESS","resource":"projects/popchatv002/locations/us-central1/services/sendhosttogroup","resourceUri":"https://console.cloud.google.com/run/detail/us-central1/sendhosttogroup?project=popchatv002","stateMessages":[{"severity":"INFO","type":"CloudRunServiceNewRevisionTrafficInfo","message":"A new revision will be deployed serving with 100% traffic."}]}],"sourceToken":"Cldwcm9qZWN0cy8yOTYzNjk0NDk0ODAvbG9jYXRpb25zL3VzLWNlbnRyYWwxL2J1aWxkcy9kM2FhZjdlNS1hMWRkLTRjMWYtOGY0MC0xN2RmNDhlMTM1MzQSbHVzLWNlbnRyYWwxLWRvY2tlci5wa2cuZGV2L3BvcGNoYXR2MDAyL2djZi1hcnRpZmFjdHMvcG9wY2hhdHYwMDJfX3VzLS1jZW50cmFsMV9fdGVzdF9odHRwX2Z1bmN0aW9uOnZlcnNpb25fMRiI1PuH0AgiRXByb2plY3RzL3BvcGNoYXR2MDAyL2xvY2F0aW9ucy91cy1jZW50cmFsMS9mdW5jdGlvbnMvdGVzdEh0dHBGdW5jdGlvbioMCPOkiMMGENCd2b8BMghub2RlanMyMjp2CiNnY3IuaW8vZ2FlLXJ1bnRpbWVzL25vZGVqczIyOnN0YWJsZRJPdXMtY2VudHJhbDEtZG9ja2VyLnBrZy5kZXYvc2VydmVybGVzcy1ydW50aW1lcy9nb29nbGUtMjItZnVsbC9ydW50aW1lcy9ub2RlanMyMkAB","operationType":"UPDATE_FUNCTION","buildName":"projects/296369449480/locations/us-central1/builds/d3aaf7e5-a1dd-4c1f-8f40-17df48e13534"},"done":false}
[debug] [2025-06-30T04:28:42.519Z] Got source token Cldwcm9qZWN0cy8yOTYzNjk0NDk0ODAvbG9jYXRpb25zL3VzLWNlbnRyYWwxL2J1aWxkcy9kM2FhZjdlNS1hMWRkLTRjMWYtOGY0MC0xN2RmNDhlMTM1MzQSbHVzLWNlbnRyYWwxLWRvY2tlci5wa2cuZGV2L3BvcGNoYXR2MDAyL2djZi1hcnRpZmFjdHMvcG9wY2hhdHYwMDJfX3VzLS1jZW50cmFsMV9fdGVzdF9odHRwX2Z1bmN0aW9uOnZlcnNpb25fMRiI1PuH0AgiRXByb2plY3RzL3BvcGNoYXR2MDAyL2xvY2F0aW9ucy91cy1jZW50cmFsMS9mdW5jdGlvbnMvdGVzdEh0dHBGdW5jdGlvbioMCPOkiMMGENCd2b8BMghub2RlanMyMjp2CiNnY3IuaW8vZ2FlLXJ1bnRpbWVzL25vZGVqczIyOnN0YWJsZRJPdXMtY2VudHJhbDEtZG9ja2VyLnBrZy5kZXYvc2VydmVybGVzcy1ydW50aW1lcy9nb29nbGUtMjItZnVsbC9ydW50aW1lcy9ub2RlanMyMkAB for region us-central1
[debug] [2025-06-30T04:28:42.565Z] <<< [apiv2][status] GET https://cloudfunctions.googleapis.com/v2/projects/popchatv002/locations/us-central1/operations/operation-1751257720430-638c276561e9c-985cfb27-d7e3892a 200
[debug] [2025-06-30T04:28:42.565Z] <<< [apiv2][body] GET https://cloudfunctions.googleapis.com/v2/projects/popchatv002/locations/us-central1/operations/operation-1751257720430-638c276561e9c-985cfb27-d7e3892a {"name":"projects/popchatv002/locations/us-central1/operations/operation-1751257720430-638c276561e9c-985cfb27-d7e3892a","metadata":{"@type":"type.googleapis.com/google.cloud.functions.v2.OperationMetadata","createTime":"2025-06-30T04:28:41.200534349Z","target":"projects/popchatv002/locations/us-central1/functions/trackUserSessionCreate","verb":"update","cancelRequested":false,"apiVersion":"v2","requestResource":{"@type":"type.googleapis.com/google.cloud.functions.v2.Function","name":"projects/popchatv002/locations/us-central1/functions/trackUserSessionCreate","buildConfig":{"runtime":"nodejs22","entryPoint":"trackUserSessionCreate","source":{"storageSource":{"bucket":"gcf-v2-sources-296369449480-us-central1","object":"trackUserSessionCreate/function-source.zip","generation":"1751257721148371"}},"environmentVariables":{"GOOGLE_NODE_RUN_SCRIPTS":""},"dockerRepository":"projects/popchatv002/locations/us-central1/repositories/gcf-artifacts","sourceProvenance":{"resolvedStorageSource":{"bucket":"gcf-v2-sources-296369449480-us-central1","object":"trackUserSessionCreate/function-source.zip","generation":"1751257099505409"}},"dockerRegistry":"ARTIFACT_REGISTRY","sourceToken":"Cldwcm9qZWN0cy8yOTYzNjk0NDk0ODAvbG9jYXRpb25zL3VzLWNlbnRyYWwxL2J1aWxkcy9kM2FhZjdlNS1hMWRkLTRjMWYtOGY0MC0xN2RmNDhlMTM1MzQSbHVzLWNlbnRyYWwxLWRvY2tlci5wa2cuZGV2L3BvcGNoYXR2MDAyL2djZi1hcnRpZmFjdHMvcG9wY2hhdHYwMDJfX3VzLS1jZW50cmFsMV9fdGVzdF9odHRwX2Z1bmN0aW9uOnZlcnNpb25fMRiI1PuH0AgiRXByb2plY3RzL3BvcGNoYXR2MDAyL2xvY2F0aW9ucy91cy1jZW50cmFsMS9mdW5jdGlvbnMvdGVzdEh0dHBGdW5jdGlvbioMCPOkiMMGENCd2b8BMghub2RlanMyMjp2CiNnY3IuaW8vZ2FlLXJ1bnRpbWVzL25vZGVqczIyOnN0YWJsZRJPdXMtY2VudHJhbDEtZG9ja2VyLnBrZy5kZXYvc2VydmVybGVzcy1ydW50aW1lcy9nb29nbGUtMjItZnVsbC9ydW50aW1lcy9ub2RlanMyMkAB","serviceAccount":"projects/popchatv002/serviceAccounts/296369449480-compute@developer.gserviceaccount.com","automaticUpdatePolicy":{}},"serviceConfig":{"service":"projects/popchatv002/locations/us-central1/services/trackusersessioncreate","timeoutSeconds":60,"environmentVariables":{"FIREBASE_CONFIG":"{\"projectId\":\"popchatv002\",\"databaseURL\":\"https://popchatv002-default-rtdb.firebaseio.com\",\"storageBucket\":\"popchatv002.firebasestorage.app\"}","GCLOUD_PROJECT":"popchatv002","EVENTARC_CLOUD_EVENT_SOURCE":"projects/popchatv002/locations/us-central1/services/trackUserSessionCreate","FUNCTION_SIGNATURE_TYPE":"cloudevent","FUNCTION_TARGET":"trackUserSessionCreate","LOG_EXECUTION_ID":"true"},"ingressSettings":"ALLOW_ALL","uri":"https://trackusersessioncreate-2zjil5azfa-uc.a.run.app","serviceAccountEmail":"296369449480-compute@developer.gserviceaccount.com","availableMemory":"256Mi","allTrafficOnLatestRevision":true,"revision":"trackusersessioncreate-00028-bey","maxInstanceRequestConcurrency":80,"availableCpu":"1"},"eventTrigger":{"trigger":"projects/popchatv002/locations/us-central1/triggers/trackusersessioncreate-981783","triggerRegion":"us-central1","eventType":"google.firebase.database.ref.v1.created","eventFilters":[{"attribute":"ref","value":"status/{userId}","operator":"match-path-pattern"},{"attribute":"instance","value":"*","operator":"match-path-pattern"}],"pubsubTopic":"projects/popchatv002/topics/eventarc-us-central1-trackusersessioncreate-981783-499","serviceAccountEmail":"296369449480-compute@developer.gserviceaccount.com","retryPolicy":"RETRY_POLICY_DO_NOT_RETRY"},"state":"ACTIVE","labels":{"deployment-tool":"cli-firebase","firebase-functions-hash":"4fb95acf971fd44e46da4433b3dd2209ba159cb9"},"environment":"GEN_2","url":"https://us-central1-popchatv002.cloudfunctions.net/trackUserSessionCreate","satisfiesPzi":true},"stages":[{"name":"BUILD","message":"Reusing build","state":"COMPLETE","resource":"projects/296369449480/locations/us-central1/builds/d3aaf7e5-a1dd-4c1f-8f40-17df48e13534"},{"name":"SERVICE","message":"Updating Cloud Run service","state":"IN_PROGRESS","resource":"projects/popchatv002/locations/us-central1/services/trackusersessioncreate","resourceUri":"https://console.cloud.google.com/run/detail/us-central1/trackusersessioncreate?project=popchatv002","stateMessages":[{"severity":"INFO","type":"CloudRunServiceNewRevisionTrafficInfo","message":"A new revision will be deployed serving with 100% traffic."}]},{"name":"TRIGGER","state":"NOT_STARTED"}],"sourceToken":"Cldwcm9qZWN0cy8yOTYzNjk0NDk0ODAvbG9jYXRpb25zL3VzLWNlbnRyYWwxL2J1aWxkcy9kM2FhZjdlNS1hMWRkLTRjMWYtOGY0MC0xN2RmNDhlMTM1MzQSbHVzLWNlbnRyYWwxLWRvY2tlci5wa2cuZGV2L3BvcGNoYXR2MDAyL2djZi1hcnRpZmFjdHMvcG9wY2hhdHYwMDJfX3VzLS1jZW50cmFsMV9fdGVzdF9odHRwX2Z1bmN0aW9uOnZlcnNpb25fMRiI1PuH0AgiRXByb2plY3RzL3BvcGNoYXR2MDAyL2xvY2F0aW9ucy91cy1jZW50cmFsMS9mdW5jdGlvbnMvdGVzdEh0dHBGdW5jdGlvbioMCPOkiMMGENCd2b8BMghub2RlanMyMjp2CiNnY3IuaW8vZ2FlLXJ1bnRpbWVzL25vZGVqczIyOnN0YWJsZRJPdXMtY2VudHJhbDEtZG9ja2VyLnBrZy5kZXYvc2VydmVybGVzcy1ydW50aW1lcy9nb29nbGUtMjItZnVsbC9ydW50aW1lcy9ub2RlanMyMkAB","operationType":"UPDATE_FUNCTION","buildName":"projects/296369449480/locations/us-central1/builds/d3aaf7e5-a1dd-4c1f-8f40-17df48e13534"},"done":false}
[debug] [2025-06-30T04:28:42.566Z] Got source token Cldwcm9qZWN0cy8yOTYzNjk0NDk0ODAvbG9jYXRpb25zL3VzLWNlbnRyYWwxL2J1aWxkcy9kM2FhZjdlNS1hMWRkLTRjMWYtOGY0MC0xN2RmNDhlMTM1MzQSbHVzLWNlbnRyYWwxLWRvY2tlci5wa2cuZGV2L3BvcGNoYXR2MDAyL2djZi1hcnRpZmFjdHMvcG9wY2hhdHYwMDJfX3VzLS1jZW50cmFsMV9fdGVzdF9odHRwX2Z1bmN0aW9uOnZlcnNpb25fMRiI1PuH0AgiRXByb2plY3RzL3BvcGNoYXR2MDAyL2xvY2F0aW9ucy91cy1jZW50cmFsMS9mdW5jdGlvbnMvdGVzdEh0dHBGdW5jdGlvbioMCPOkiMMGENCd2b8BMghub2RlanMyMjp2CiNnY3IuaW8vZ2FlLXJ1bnRpbWVzL25vZGVqczIyOnN0YWJsZRJPdXMtY2VudHJhbDEtZG9ja2VyLnBrZy5kZXYvc2VydmVybGVzcy1ydW50aW1lcy9nb29nbGUtMjItZnVsbC9ydW50aW1lcy9ub2RlanMyMkAB for region us-central1
[debug] [2025-06-30T04:28:42.568Z] <<< [apiv2][status] GET https://cloudfunctions.googleapis.com/v2/projects/popchatv002/locations/us-central1/operations/operation-1751257720431-638c2765623ef-1d50ed9e-7f2e316b 200
[debug] [2025-06-30T04:28:42.568Z] <<< [apiv2][body] GET https://cloudfunctions.googleapis.com/v2/projects/popchatv002/locations/us-central1/operations/operation-1751257720431-638c2765623ef-1d50ed9e-7f2e316b {"name":"projects/popchatv002/locations/us-central1/operations/operation-1751257720431-638c2765623ef-1d50ed9e-7f2e316b","metadata":{"@type":"type.googleapis.com/google.cloud.functions.v2.OperationMetadata","createTime":"2025-06-30T04:28:41.206328431Z","target":"projects/popchatv002/locations/us-central1/functions/trackUserSessionDelete","verb":"update","cancelRequested":false,"apiVersion":"v2","requestResource":{"@type":"type.googleapis.com/google.cloud.functions.v2.Function","name":"projects/popchatv002/locations/us-central1/functions/trackUserSessionDelete","buildConfig":{"runtime":"nodejs22","entryPoint":"trackUserSessionDelete","source":{"storageSource":{"bucket":"gcf-v2-sources-296369449480-us-central1","object":"trackUserSessionDelete/function-source.zip","generation":"1751257721149279"}},"environmentVariables":{"GOOGLE_NODE_RUN_SCRIPTS":""},"dockerRepository":"projects/popchatv002/locations/us-central1/repositories/gcf-artifacts","sourceProvenance":{"resolvedStorageSource":{"bucket":"gcf-v2-sources-296369449480-us-central1","object":"trackUserSessionDelete/function-source.zip","generation":"1751257099512193"}},"dockerRegistry":"ARTIFACT_REGISTRY","sourceToken":"Cldwcm9qZWN0cy8yOTYzNjk0NDk0ODAvbG9jYXRpb25zL3VzLWNlbnRyYWwxL2J1aWxkcy9kM2FhZjdlNS1hMWRkLTRjMWYtOGY0MC0xN2RmNDhlMTM1MzQSbHVzLWNlbnRyYWwxLWRvY2tlci5wa2cuZGV2L3BvcGNoYXR2MDAyL2djZi1hcnRpZmFjdHMvcG9wY2hhdHYwMDJfX3VzLS1jZW50cmFsMV9fdGVzdF9odHRwX2Z1bmN0aW9uOnZlcnNpb25fMRiI1PuH0AgiRXByb2plY3RzL3BvcGNoYXR2MDAyL2xvY2F0aW9ucy91cy1jZW50cmFsMS9mdW5jdGlvbnMvdGVzdEh0dHBGdW5jdGlvbioMCPOkiMMGENCd2b8BMghub2RlanMyMjp2CiNnY3IuaW8vZ2FlLXJ1bnRpbWVzL25vZGVqczIyOnN0YWJsZRJPdXMtY2VudHJhbDEtZG9ja2VyLnBrZy5kZXYvc2VydmVybGVzcy1ydW50aW1lcy9nb29nbGUtMjItZnVsbC9ydW50aW1lcy9ub2RlanMyMkAB","serviceAccount":"projects/popchatv002/serviceAccounts/296369449480-compute@developer.gserviceaccount.com","automaticUpdatePolicy":{}},"serviceConfig":{"service":"projects/popchatv002/locations/us-central1/services/trackusersessiondelete","timeoutSeconds":60,"environmentVariables":{"FIREBASE_CONFIG":"{\"projectId\":\"popchatv002\",\"databaseURL\":\"https://popchatv002-default-rtdb.firebaseio.com\",\"storageBucket\":\"popchatv002.firebasestorage.app\"}","GCLOUD_PROJECT":"popchatv002","EVENTARC_CLOUD_EVENT_SOURCE":"projects/popchatv002/locations/us-central1/services/trackUserSessionDelete","FUNCTION_SIGNATURE_TYPE":"cloudevent","FUNCTION_TARGET":"trackUserSessionDelete","LOG_EXECUTION_ID":"true"},"ingressSettings":"ALLOW_ALL","uri":"https://trackusersessiondelete-2zjil5azfa-uc.a.run.app","serviceAccountEmail":"296369449480-compute@developer.gserviceaccount.com","availableMemory":"256Mi","allTrafficOnLatestRevision":true,"revision":"trackusersessiondelete-00029-boj","maxInstanceRequestConcurrency":80,"availableCpu":"1"},"eventTrigger":{"trigger":"projects/popchatv002/locations/us-central1/triggers/trackusersessiondelete-166122","triggerRegion":"us-central1","eventType":"google.firebase.database.ref.v1.deleted","eventFilters":[{"attribute":"ref","value":"status/{userId}","operator":"match-path-pattern"},{"attribute":"instance","value":"*","operator":"match-path-pattern"}],"pubsubTopic":"projects/popchatv002/topics/eventarc-us-central1-trackusersessiondelete-166122-935","serviceAccountEmail":"296369449480-compute@developer.gserviceaccount.com","retryPolicy":"RETRY_POLICY_DO_NOT_RETRY"},"state":"ACTIVE","labels":{"deployment-tool":"cli-firebase","firebase-functions-hash":"4fb95acf971fd44e46da4433b3dd2209ba159cb9"},"environment":"GEN_2","url":"https://us-central1-popchatv002.cloudfunctions.net/trackUserSessionDelete","satisfiesPzi":true},"stages":[{"name":"BUILD","message":"Reusing build","state":"COMPLETE","resource":"projects/296369449480/locations/us-central1/builds/d3aaf7e5-a1dd-4c1f-8f40-17df48e13534"},{"name":"SERVICE","message":"Updating Cloud Run service","state":"IN_PROGRESS","resource":"projects/popchatv002/locations/us-central1/services/trackusersessiondelete","resourceUri":"https://console.cloud.google.com/run/detail/us-central1/trackusersessiondelete?project=popchatv002","stateMessages":[{"severity":"INFO","type":"CloudRunServiceNewRevisionTrafficInfo","message":"A new revision will be deployed serving with 100% traffic."}]},{"name":"TRIGGER","state":"NOT_STARTED"}],"sourceToken":"Cldwcm9qZWN0cy8yOTYzNjk0NDk0ODAvbG9jYXRpb25zL3VzLWNlbnRyYWwxL2J1aWxkcy9kM2FhZjdlNS1hMWRkLTRjMWYtOGY0MC0xN2RmNDhlMTM1MzQSbHVzLWNlbnRyYWwxLWRvY2tlci5wa2cuZGV2L3BvcGNoYXR2MDAyL2djZi1hcnRpZmFjdHMvcG9wY2hhdHYwMDJfX3VzLS1jZW50cmFsMV9fdGVzdF9odHRwX2Z1bmN0aW9uOnZlcnNpb25fMRiI1PuH0AgiRXByb2plY3RzL3BvcGNoYXR2MDAyL2xvY2F0aW9ucy91cy1jZW50cmFsMS9mdW5jdGlvbnMvdGVzdEh0dHBGdW5jdGlvbioMCPOkiMMGENCd2b8BMghub2RlanMyMjp2CiNnY3IuaW8vZ2FlLXJ1bnRpbWVzL25vZGVqczIyOnN0YWJsZRJPdXMtY2VudHJhbDEtZG9ja2VyLnBrZy5kZXYvc2VydmVybGVzcy1ydW50aW1lcy9nb29nbGUtMjItZnVsbC9ydW50aW1lcy9ub2RlanMyMkAB","operationType":"UPDATE_FUNCTION","buildName":"projects/296369449480/locations/us-central1/builds/d3aaf7e5-a1dd-4c1f-8f40-17df48e13534"},"done":false}
[debug] [2025-06-30T04:28:42.568Z] Got source token Cldwcm9qZWN0cy8yOTYzNjk0NDk0ODAvbG9jYXRpb25zL3VzLWNlbnRyYWwxL2J1aWxkcy9kM2FhZjdlNS1hMWRkLTRjMWYtOGY0MC0xN2RmNDhlMTM1MzQSbHVzLWNlbnRyYWwxLWRvY2tlci5wa2cuZGV2L3BvcGNoYXR2MDAyL2djZi1hcnRpZmFjdHMvcG9wY2hhdHYwMDJfX3VzLS1jZW50cmFsMV9fdGVzdF9odHRwX2Z1bmN0aW9uOnZlcnNpb25fMRiI1PuH0AgiRXByb2plY3RzL3BvcGNoYXR2MDAyL2xvY2F0aW9ucy91cy1jZW50cmFsMS9mdW5jdGlvbnMvdGVzdEh0dHBGdW5jdGlvbioMCPOkiMMGENCd2b8BMghub2RlanMyMjp2CiNnY3IuaW8vZ2FlLXJ1bnRpbWVzL25vZGVqczIyOnN0YWJsZRJPdXMtY2VudHJhbDEtZG9ja2VyLnBrZy5kZXYvc2VydmVybGVzcy1ydW50aW1lcy9nb29nbGUtMjItZnVsbC9ydW50aW1lcy9ub2RlanMyMkAB for region us-central1
[debug] [2025-06-30T04:28:42.570Z] <<< [apiv2][status] GET https://cloudfunctions.googleapis.com/v2/projects/popchatv002/locations/us-central1/operations/operation-1751257720466-638c27656aac6-c7a788ed-f3b01150 200
[debug] [2025-06-30T04:28:42.570Z] <<< [apiv2][body] GET https://cloudfunctions.googleapis.com/v2/projects/popchatv002/locations/us-central1/operations/operation-1751257720466-638c27656aac6-c7a788ed-f3b01150 {"name":"projects/popchatv002/locations/us-central1/operations/operation-1751257720466-638c27656aac6-c7a788ed-f3b01150","metadata":{"@type":"type.googleapis.com/google.cloud.functions.v2.OperationMetadata","createTime":"2025-06-30T04:28:41.164815608Z","target":"projects/popchatv002/locations/us-central1/functions/testScheduledFunction","verb":"update","cancelRequested":false,"apiVersion":"v2","requestResource":{"@type":"type.googleapis.com/google.cloud.functions.v2.Function","name":"projects/popchatv002/locations/us-central1/functions/testScheduledFunction","buildConfig":{"runtime":"nodejs22","entryPoint":"testScheduledFunction","source":{"storageSource":{"bucket":"gcf-v2-sources-296369449480-us-central1","object":"testScheduledFunction/function-source.zip","generation":"1751257721123130"}},"environmentVariables":{"GOOGLE_NODE_RUN_SCRIPTS":""},"dockerRepository":"projects/popchatv002/locations/us-central1/repositories/gcf-artifacts","sourceProvenance":{"resolvedStorageSource":{"bucket":"gcf-v2-sources-296369449480-us-central1","object":"testScheduledFunction/function-source.zip","generation":"1751257099559976"}},"dockerRegistry":"ARTIFACT_REGISTRY","sourceToken":"Cldwcm9qZWN0cy8yOTYzNjk0NDk0ODAvbG9jYXRpb25zL3VzLWNlbnRyYWwxL2J1aWxkcy9kM2FhZjdlNS1hMWRkLTRjMWYtOGY0MC0xN2RmNDhlMTM1MzQSbHVzLWNlbnRyYWwxLWRvY2tlci5wa2cuZGV2L3BvcGNoYXR2MDAyL2djZi1hcnRpZmFjdHMvcG9wY2hhdHYwMDJfX3VzLS1jZW50cmFsMV9fdGVzdF9odHRwX2Z1bmN0aW9uOnZlcnNpb25fMRiI1PuH0AgiRXByb2plY3RzL3BvcGNoYXR2MDAyL2xvY2F0aW9ucy91cy1jZW50cmFsMS9mdW5jdGlvbnMvdGVzdEh0dHBGdW5jdGlvbioMCPOkiMMGENCd2b8BMghub2RlanMyMjp2CiNnY3IuaW8vZ2FlLXJ1bnRpbWVzL25vZGVqczIyOnN0YWJsZRJPdXMtY2VudHJhbDEtZG9ja2VyLnBrZy5kZXYvc2VydmVybGVzcy1ydW50aW1lcy9nb29nbGUtMjItZnVsbC9ydW50aW1lcy9ub2RlanMyMkAB","serviceAccount":"projects/popchatv002/serviceAccounts/296369449480-compute@developer.gserviceaccount.com","automaticUpdatePolicy":{}},"serviceConfig":{"service":"projects/popchatv002/locations/us-central1/services/testscheduledfunction","timeoutSeconds":60,"environmentVariables":{"FIREBASE_CONFIG":"{\"projectId\":\"popchatv002\",\"databaseURL\":\"https://popchatv002-default-rtdb.firebaseio.com\",\"storageBucket\":\"popchatv002.firebasestorage.app\"}","GCLOUD_PROJECT":"popchatv002","EVENTARC_CLOUD_EVENT_SOURCE":"projects/popchatv002/locations/us-central1/services/testScheduledFunction","FUNCTION_TARGET":"testScheduledFunction","LOG_EXECUTION_ID":"true","FUNCTION_SIGNATURE_TYPE":"http"},"ingressSettings":"ALLOW_ALL","uri":"https://testscheduledfunction-2zjil5azfa-uc.a.run.app","serviceAccountEmail":"296369449480-compute@developer.gserviceaccount.com","availableMemory":"256Mi","allTrafficOnLatestRevision":true,"revision":"testscheduledfunction-00024-xin","maxInstanceRequestConcurrency":80,"availableCpu":"1"},"state":"ACTIVE","labels":{"deployment-tool":"cli-firebase","firebase-functions-hash":"4fb95acf971fd44e46da4433b3dd2209ba159cb9"},"environment":"GEN_2","url":"https://us-central1-popchatv002.cloudfunctions.net/testScheduledFunction","satisfiesPzi":true},"stages":[{"name":"BUILD","message":"Reusing build","state":"COMPLETE","resource":"projects/296369449480/locations/us-central1/builds/d3aaf7e5-a1dd-4c1f-8f40-17df48e13534"},{"name":"SERVICE","message":"Updating Cloud Run service","state":"IN_PROGRESS","resource":"projects/popchatv002/locations/us-central1/services/testscheduledfunction","resourceUri":"https://console.cloud.google.com/run/detail/us-central1/testscheduledfunction?project=popchatv002","stateMessages":[{"severity":"INFO","type":"CloudRunServiceNewRevisionTrafficInfo","message":"A new revision will be deployed serving with 100% traffic."}]}],"sourceToken":"Cldwcm9qZWN0cy8yOTYzNjk0NDk0ODAvbG9jYXRpb25zL3VzLWNlbnRyYWwxL2J1aWxkcy9kM2FhZjdlNS1hMWRkLTRjMWYtOGY0MC0xN2RmNDhlMTM1MzQSbHVzLWNlbnRyYWwxLWRvY2tlci5wa2cuZGV2L3BvcGNoYXR2MDAyL2djZi1hcnRpZmFjdHMvcG9wY2hhdHYwMDJfX3VzLS1jZW50cmFsMV9fdGVzdF9odHRwX2Z1bmN0aW9uOnZlcnNpb25fMRiI1PuH0AgiRXByb2plY3RzL3BvcGNoYXR2MDAyL2xvY2F0aW9ucy91cy1jZW50cmFsMS9mdW5jdGlvbnMvdGVzdEh0dHBGdW5jdGlvbioMCPOkiMMGENCd2b8BMghub2RlanMyMjp2CiNnY3IuaW8vZ2FlLXJ1bnRpbWVzL25vZGVqczIyOnN0YWJsZRJPdXMtY2VudHJhbDEtZG9ja2VyLnBrZy5kZXYvc2VydmVybGVzcy1ydW50aW1lcy9nb29nbGUtMjItZnVsbC9ydW50aW1lcy9ub2RlanMyMkAB","operationType":"UPDATE_FUNCTION","buildName":"projects/296369449480/locations/us-central1/builds/d3aaf7e5-a1dd-4c1f-8f40-17df48e13534"},"done":false}
[debug] [2025-06-30T04:28:42.570Z] Got source token Cldwcm9qZWN0cy8yOTYzNjk0NDk0ODAvbG9jYXRpb25zL3VzLWNlbnRyYWwxL2J1aWxkcy9kM2FhZjdlNS1hMWRkLTRjMWYtOGY0MC0xN2RmNDhlMTM1MzQSbHVzLWNlbnRyYWwxLWRvY2tlci5wa2cuZGV2L3BvcGNoYXR2MDAyL2djZi1hcnRpZmFjdHMvcG9wY2hhdHYwMDJfX3VzLS1jZW50cmFsMV9fdGVzdF9odHRwX2Z1bmN0aW9uOnZlcnNpb25fMRiI1PuH0AgiRXByb2plY3RzL3BvcGNoYXR2MDAyL2xvY2F0aW9ucy91cy1jZW50cmFsMS9mdW5jdGlvbnMvdGVzdEh0dHBGdW5jdGlvbioMCPOkiMMGENCd2b8BMghub2RlanMyMjp2CiNnY3IuaW8vZ2FlLXJ1bnRpbWVzL25vZGVqczIyOnN0YWJsZRJPdXMtY2VudHJhbDEtZG9ja2VyLnBrZy5kZXYvc2VydmVybGVzcy1ydW50aW1lcy9nb29nbGUtMjItZnVsbC9ydW50aW1lcy9ub2RlanMyMkAB for region us-central1
[debug] [2025-06-30T04:28:42.584Z] <<< [apiv2][status] GET https://cloudfunctions.googleapis.com/v2/projects/popchatv002/locations/us-central1/operations/operation-1751257720432-638c276562868-2f15351f-4544f374 200
[debug] [2025-06-30T04:28:42.584Z] <<< [apiv2][body] GET https://cloudfunctions.googleapis.com/v2/projects/popchatv002/locations/us-central1/operations/operation-1751257720432-638c276562868-2f15351f-4544f374 {"name":"projects/popchatv002/locations/us-central1/operations/operation-1751257720432-638c276562868-2f15351f-4544f374","metadata":{"@type":"type.googleapis.com/google.cloud.functions.v2.OperationMetadata","createTime":"2025-06-30T04:28:41.212843466Z","target":"projects/popchatv002/locations/us-central1/functions/addUserStatus","verb":"update","cancelRequested":false,"apiVersion":"v2","requestResource":{"@type":"type.googleapis.com/google.cloud.functions.v2.Function","name":"projects/popchatv002/locations/us-central1/functions/addUserStatus","buildConfig":{"runtime":"nodejs22","entryPoint":"addUserStatus","source":{"storageSource":{"bucket":"gcf-v2-sources-296369449480-us-central1","object":"addUserStatus/function-source.zip","generation":"1751257721123503"}},"environmentVariables":{"GOOGLE_NODE_RUN_SCRIPTS":""},"dockerRepository":"projects/popchatv002/locations/us-central1/repositories/gcf-artifacts","sourceProvenance":{"resolvedStorageSource":{"bucket":"gcf-v2-sources-296369449480-us-central1","object":"addUserStatus/function-source.zip","generation":"1751257099523851"}},"dockerRegistry":"ARTIFACT_REGISTRY","sourceToken":"Cldwcm9qZWN0cy8yOTYzNjk0NDk0ODAvbG9jYXRpb25zL3VzLWNlbnRyYWwxL2J1aWxkcy9kM2FhZjdlNS1hMWRkLTRjMWYtOGY0MC0xN2RmNDhlMTM1MzQSbHVzLWNlbnRyYWwxLWRvY2tlci5wa2cuZGV2L3BvcGNoYXR2MDAyL2djZi1hcnRpZmFjdHMvcG9wY2hhdHYwMDJfX3VzLS1jZW50cmFsMV9fdGVzdF9odHRwX2Z1bmN0aW9uOnZlcnNpb25fMRiI1PuH0AgiRXByb2plY3RzL3BvcGNoYXR2MDAyL2xvY2F0aW9ucy91cy1jZW50cmFsMS9mdW5jdGlvbnMvdGVzdEh0dHBGdW5jdGlvbioMCPOkiMMGENCd2b8BMghub2RlanMyMjp2CiNnY3IuaW8vZ2FlLXJ1bnRpbWVzL25vZGVqczIyOnN0YWJsZRJPdXMtY2VudHJhbDEtZG9ja2VyLnBrZy5kZXYvc2VydmVybGVzcy1ydW50aW1lcy9nb29nbGUtMjItZnVsbC9ydW50aW1lcy9ub2RlanMyMkAB","serviceAccount":"projects/popchatv002/serviceAccounts/296369449480-compute@developer.gserviceaccount.com","automaticUpdatePolicy":{}},"serviceConfig":{"service":"projects/popchatv002/locations/us-central1/services/adduserstatus","timeoutSeconds":60,"environmentVariables":{"FIREBASE_CONFIG":"{\"projectId\":\"popchatv002\",\"databaseURL\":\"https://popchatv002-default-rtdb.firebaseio.com\",\"storageBucket\":\"popchatv002.firebasestorage.app\"}","GCLOUD_PROJECT":"popchatv002","EVENTARC_CLOUD_EVENT_SOURCE":"projects/popchatv002/locations/us-central1/services/addUserStatus","FUNCTION_TARGET":"addUserStatus","LOG_EXECUTION_ID":"true","FUNCTION_SIGNATURE_TYPE":"http"},"ingressSettings":"ALLOW_ALL","uri":"https://adduserstatus-2zjil5azfa-uc.a.run.app","serviceAccountEmail":"296369449480-compute@developer.gserviceaccount.com","availableMemory":"256Mi","allTrafficOnLatestRevision":true,"revision":"adduserstatus-00026-fix","maxInstanceRequestConcurrency":80,"availableCpu":"1"},"state":"ACTIVE","labels":{"deployment-tool":"cli-firebase","firebase-functions-hash":"4fb95acf971fd44e46da4433b3dd2209ba159cb9"},"environment":"GEN_2","url":"https://us-central1-popchatv002.cloudfunctions.net/addUserStatus","satisfiesPzi":true},"stages":[{"name":"BUILD","message":"Reusing build","state":"COMPLETE","resource":"projects/296369449480/locations/us-central1/builds/d3aaf7e5-a1dd-4c1f-8f40-17df48e13534"},{"name":"SERVICE","message":"Updating Cloud Run service","state":"IN_PROGRESS","resource":"projects/popchatv002/locations/us-central1/services/adduserstatus","resourceUri":"https://console.cloud.google.com/run/detail/us-central1/adduserstatus?project=popchatv002","stateMessages":[{"severity":"INFO","type":"CloudRunServiceNewRevisionTrafficInfo","message":"A new revision will be deployed serving with 100% traffic."}]}],"sourceToken":"Cldwcm9qZWN0cy8yOTYzNjk0NDk0ODAvbG9jYXRpb25zL3VzLWNlbnRyYWwxL2J1aWxkcy9kM2FhZjdlNS1hMWRkLTRjMWYtOGY0MC0xN2RmNDhlMTM1MzQSbHVzLWNlbnRyYWwxLWRvY2tlci5wa2cuZGV2L3BvcGNoYXR2MDAyL2djZi1hcnRpZmFjdHMvcG9wY2hhdHYwMDJfX3VzLS1jZW50cmFsMV9fdGVzdF9odHRwX2Z1bmN0aW9uOnZlcnNpb25fMRiI1PuH0AgiRXByb2plY3RzL3BvcGNoYXR2MDAyL2xvY2F0aW9ucy91cy1jZW50cmFsMS9mdW5jdGlvbnMvdGVzdEh0dHBGdW5jdGlvbioMCPOkiMMGENCd2b8BMghub2RlanMyMjp2CiNnY3IuaW8vZ2FlLXJ1bnRpbWVzL25vZGVqczIyOnN0YWJsZRJPdXMtY2VudHJhbDEtZG9ja2VyLnBrZy5kZXYvc2VydmVybGVzcy1ydW50aW1lcy9nb29nbGUtMjItZnVsbC9ydW50aW1lcy9ub2RlanMyMkAB","operationType":"UPDATE_FUNCTION","buildName":"projects/296369449480/locations/us-central1/builds/d3aaf7e5-a1dd-4c1f-8f40-17df48e13534"},"done":false}
[debug] [2025-06-30T04:28:42.584Z] Got source token Cldwcm9qZWN0cy8yOTYzNjk0NDk0ODAvbG9jYXRpb25zL3VzLWNlbnRyYWwxL2J1aWxkcy9kM2FhZjdlNS1hMWRkLTRjMWYtOGY0MC0xN2RmNDhlMTM1MzQSbHVzLWNlbnRyYWwxLWRvY2tlci5wa2cuZGV2L3BvcGNoYXR2MDAyL2djZi1hcnRpZmFjdHMvcG9wY2hhdHYwMDJfX3VzLS1jZW50cmFsMV9fdGVzdF9odHRwX2Z1bmN0aW9uOnZlcnNpb25fMRiI1PuH0AgiRXByb2plY3RzL3BvcGNoYXR2MDAyL2xvY2F0aW9ucy91cy1jZW50cmFsMS9mdW5jdGlvbnMvdGVzdEh0dHBGdW5jdGlvbioMCPOkiMMGENCd2b8BMghub2RlanMyMjp2CiNnY3IuaW8vZ2FlLXJ1bnRpbWVzL25vZGVqczIyOnN0YWJsZRJPdXMtY2VudHJhbDEtZG9ja2VyLnBrZy5kZXYvc2VydmVybGVzcy1ydW50aW1lcy9nb29nbGUtMjItZnVsbC9ydW50aW1lcy9ub2RlanMyMkAB for region us-central1
[debug] [2025-06-30T04:28:42.706Z] <<< [apiv2][status] GET https://cloudfunctions.googleapis.com/v2/projects/popchatv002/locations/us-central1/operations/operation-1751257720468-638c27656b449-f90f96cc-332f62ae 200
[debug] [2025-06-30T04:28:42.706Z] <<< [apiv2][body] GET https://cloudfunctions.googleapis.com/v2/projects/popchatv002/locations/us-central1/operations/operation-1751257720468-638c27656b449-f90f96cc-332f62ae {"name":"projects/popchatv002/locations/us-central1/operations/operation-1751257720468-638c27656b449-f90f96cc-332f62ae","metadata":{"@type":"type.googleapis.com/google.cloud.functions.v2.OperationMetadata","createTime":"2025-06-30T04:28:41.321902137Z","target":"projects/popchatv002/locations/us-central1/functions/scheduledRandomUserMedia","verb":"update","cancelRequested":false,"apiVersion":"v2","requestResource":{"@type":"type.googleapis.com/google.cloud.functions.v2.Function","name":"projects/popchatv002/locations/us-central1/functions/scheduledRandomUserMedia","buildConfig":{"runtime":"nodejs22","entryPoint":"scheduledRandomUserMedia","source":{"storageSource":{"bucket":"gcf-v2-sources-296369449480-us-central1","object":"scheduledRandomUserMedia/function-source.zip","generation":"1751257721266112"}},"environmentVariables":{"GOOGLE_NODE_RUN_SCRIPTS":""},"dockerRepository":"projects/popchatv002/locations/us-central1/repositories/gcf-artifacts","sourceProvenance":{"resolvedStorageSource":{"bucket":"gcf-v2-sources-296369449480-us-central1","object":"scheduledRandomUserMedia/function-source.zip","generation":"1751257099544726"}},"dockerRegistry":"ARTIFACT_REGISTRY","sourceToken":"Cldwcm9qZWN0cy8yOTYzNjk0NDk0ODAvbG9jYXRpb25zL3VzLWNlbnRyYWwxL2J1aWxkcy9kM2FhZjdlNS1hMWRkLTRjMWYtOGY0MC0xN2RmNDhlMTM1MzQSbHVzLWNlbnRyYWwxLWRvY2tlci5wa2cuZGV2L3BvcGNoYXR2MDAyL2djZi1hcnRpZmFjdHMvcG9wY2hhdHYwMDJfX3VzLS1jZW50cmFsMV9fdGVzdF9odHRwX2Z1bmN0aW9uOnZlcnNpb25fMRiI1PuH0AgiRXByb2plY3RzL3BvcGNoYXR2MDAyL2xvY2F0aW9ucy91cy1jZW50cmFsMS9mdW5jdGlvbnMvdGVzdEh0dHBGdW5jdGlvbioMCPOkiMMGENCd2b8BMghub2RlanMyMjp2CiNnY3IuaW8vZ2FlLXJ1bnRpbWVzL25vZGVqczIyOnN0YWJsZRJPdXMtY2VudHJhbDEtZG9ja2VyLnBrZy5kZXYvc2VydmVybGVzcy1ydW50aW1lcy9nb29nbGUtMjItZnVsbC9ydW50aW1lcy9ub2RlanMyMkAB","serviceAccount":"projects/popchatv002/serviceAccounts/296369449480-compute@developer.gserviceaccount.com","automaticUpdatePolicy":{}},"serviceConfig":{"service":"projects/popchatv002/locations/us-central1/services/scheduledrandomusermedia","timeoutSeconds":60,"environmentVariables":{"FIREBASE_CONFIG":"{\"projectId\":\"popchatv002\",\"databaseURL\":\"https://popchatv002-default-rtdb.firebaseio.com\",\"storageBucket\":\"popchatv002.firebasestorage.app\"}","GCLOUD_PROJECT":"popchatv002","EVENTARC_CLOUD_EVENT_SOURCE":"projects/popchatv002/locations/us-central1/services/scheduledRandomUserMedia","FUNCTION_TARGET":"scheduledRandomUserMedia","LOG_EXECUTION_ID":"true","FUNCTION_SIGNATURE_TYPE":"http"},"ingressSettings":"ALLOW_ALL","uri":"https://scheduledrandomusermedia-2zjil5azfa-uc.a.run.app","serviceAccountEmail":"296369449480-compute@developer.gserviceaccount.com","availableMemory":"256Mi","allTrafficOnLatestRevision":true,"revision":"scheduledrandomusermedia-00026-jex","maxInstanceRequestConcurrency":80,"availableCpu":"1"},"state":"ACTIVE","labels":{"deployment-tool":"cli-firebase","deployment-scheduled":"true","firebase-functions-hash":"4fb95acf971fd44e46da4433b3dd2209ba159cb9"},"environment":"GEN_2","url":"https://us-central1-popchatv002.cloudfunctions.net/scheduledRandomUserMedia","satisfiesPzi":true},"stages":[{"name":"BUILD","message":"Reusing build","state":"COMPLETE","resource":"projects/296369449480/locations/us-central1/builds/d3aaf7e5-a1dd-4c1f-8f40-17df48e13534"},{"name":"SERVICE","message":"Updating Cloud Run service","state":"IN_PROGRESS","resource":"projects/popchatv002/locations/us-central1/services/scheduledrandomusermedia","resourceUri":"https://console.cloud.google.com/run/detail/us-central1/scheduledrandomusermedia?project=popchatv002","stateMessages":[{"severity":"INFO","type":"CloudRunServiceNewRevisionTrafficInfo","message":"A new revision will be deployed serving with 100% traffic."}]}],"sourceToken":"Cldwcm9qZWN0cy8yOTYzNjk0NDk0ODAvbG9jYXRpb25zL3VzLWNlbnRyYWwxL2J1aWxkcy9kM2FhZjdlNS1hMWRkLTRjMWYtOGY0MC0xN2RmNDhlMTM1MzQSbHVzLWNlbnRyYWwxLWRvY2tlci5wa2cuZGV2L3BvcGNoYXR2MDAyL2djZi1hcnRpZmFjdHMvcG9wY2hhdHYwMDJfX3VzLS1jZW50cmFsMV9fdGVzdF9odHRwX2Z1bmN0aW9uOnZlcnNpb25fMRiI1PuH0AgiRXByb2plY3RzL3BvcGNoYXR2MDAyL2xvY2F0aW9ucy91cy1jZW50cmFsMS9mdW5jdGlvbnMvdGVzdEh0dHBGdW5jdGlvbioMCPOkiMMGENCd2b8BMghub2RlanMyMjp2CiNnY3IuaW8vZ2FlLXJ1bnRpbWVzL25vZGVqczIyOnN0YWJsZRJPdXMtY2VudHJhbDEtZG9ja2VyLnBrZy5kZXYvc2VydmVybGVzcy1ydW50aW1lcy9nb29nbGUtMjItZnVsbC9ydW50aW1lcy9ub2RlanMyMkAB","operationType":"UPDATE_FUNCTION","buildName":"projects/296369449480/locations/us-central1/builds/d3aaf7e5-a1dd-4c1f-8f40-17df48e13534"},"done":false}
[debug] [2025-06-30T04:28:42.706Z] Got source token Cldwcm9qZWN0cy8yOTYzNjk0NDk0ODAvbG9jYXRpb25zL3VzLWNlbnRyYWwxL2J1aWxkcy9kM2FhZjdlNS1hMWRkLTRjMWYtOGY0MC0xN2RmNDhlMTM1MzQSbHVzLWNlbnRyYWwxLWRvY2tlci5wa2cuZGV2L3BvcGNoYXR2MDAyL2djZi1hcnRpZmFjdHMvcG9wY2hhdHYwMDJfX3VzLS1jZW50cmFsMV9fdGVzdF9odHRwX2Z1bmN0aW9uOnZlcnNpb25fMRiI1PuH0AgiRXByb2plY3RzL3BvcGNoYXR2MDAyL2xvY2F0aW9ucy91cy1jZW50cmFsMS9mdW5jdGlvbnMvdGVzdEh0dHBGdW5jdGlvbioMCPOkiMMGENCd2b8BMghub2RlanMyMjp2CiNnY3IuaW8vZ2FlLXJ1bnRpbWVzL25vZGVqczIyOnN0YWJsZRJPdXMtY2VudHJhbDEtZG9ja2VyLnBrZy5kZXYvc2VydmVybGVzcy1ydW50aW1lcy9nb29nbGUtMjItZnVsbC9ydW50aW1lcy9ub2RlanMyMkAB for region us-central1
[debug] [2025-06-30T04:28:42.764Z] <<< [apiv2][status] GET https://cloudfunctions.googleapis.com/v2/projects/popchatv002/locations/us-central1/operations/operation-1751257719121-638c276422519-e7852deb-4cd8f505 200
[debug] [2025-06-30T04:28:42.764Z] <<< [apiv2][body] GET https://cloudfunctions.googleapis.com/v2/projects/popchatv002/locations/us-central1/operations/operation-1751257719121-638c276422519-e7852deb-4cd8f505 {"name":"projects/popchatv002/locations/us-central1/operations/operation-1751257719121-638c276422519-e7852deb-4cd8f505","metadata":{"@type":"type.googleapis.com/google.cloud.functions.v2.OperationMetadata","createTime":"2025-06-30T04:28:39.856390040Z","target":"projects/popchatv002/locations/us-central1/functions/writeToDatabase","verb":"update","cancelRequested":false,"apiVersion":"v2","requestResource":{"@type":"type.googleapis.com/google.cloud.functions.v2.Function","name":"projects/popchatv002/locations/us-central1/functions/writeToDatabase","buildConfig":{"runtime":"nodejs22","entryPoint":"writeToDatabase","source":{"storageSource":{"bucket":"gcf-v2-sources-296369449480-us-central1","object":"writeToDatabase/function-source.zip","generation":"1751257719808189"}},"environmentVariables":{"GOOGLE_NODE_RUN_SCRIPTS":""},"dockerRepository":"projects/popchatv002/locations/us-central1/repositories/gcf-artifacts","sourceProvenance":{"resolvedStorageSource":{"bucket":"gcf-v2-sources-296369449480-us-central1","object":"writeToDatabase/function-source.zip","generation":"1751257098219640"}},"dockerRegistry":"ARTIFACT_REGISTRY","sourceToken":"Cldwcm9qZWN0cy8yOTYzNjk0NDk0ODAvbG9jYXRpb25zL3VzLWNlbnRyYWwxL2J1aWxkcy9kM2FhZjdlNS1hMWRkLTRjMWYtOGY0MC0xN2RmNDhlMTM1MzQSbHVzLWNlbnRyYWwxLWRvY2tlci5wa2cuZGV2L3BvcGNoYXR2MDAyL2djZi1hcnRpZmFjdHMvcG9wY2hhdHYwMDJfX3VzLS1jZW50cmFsMV9fdGVzdF9odHRwX2Z1bmN0aW9uOnZlcnNpb25fMRiI1PuH0AgiRXByb2plY3RzL3BvcGNoYXR2MDAyL2xvY2F0aW9ucy91cy1jZW50cmFsMS9mdW5jdGlvbnMvdGVzdEh0dHBGdW5jdGlvbioMCPOkiMMGENCd2b8BMghub2RlanMyMjp2CiNnY3IuaW8vZ2FlLXJ1bnRpbWVzL25vZGVqczIyOnN0YWJsZRJPdXMtY2VudHJhbDEtZG9ja2VyLnBrZy5kZXYvc2VydmVybGVzcy1ydW50aW1lcy9nb29nbGUtMjItZnVsbC9ydW50aW1lcy9ub2RlanMyMkAB","serviceAccount":"projects/popchatv002/serviceAccounts/296369449480-compute@developer.gserviceaccount.com","automaticUpdatePolicy":{}},"serviceConfig":{"service":"projects/popchatv002/locations/us-central1/services/writetodatabase","timeoutSeconds":60,"environmentVariables":{"FIREBASE_CONFIG":"{\"projectId\":\"popchatv002\",\"databaseURL\":\"https://popchatv002-default-rtdb.firebaseio.com\",\"storageBucket\":\"popchatv002.firebasestorage.app\"}","GCLOUD_PROJECT":"popchatv002","EVENTARC_CLOUD_EVENT_SOURCE":"projects/popchatv002/locations/us-central1/services/writeToDatabase","FUNCTION_TARGET":"writeToDatabase","LOG_EXECUTION_ID":"true","FUNCTION_SIGNATURE_TYPE":"http"},"ingressSettings":"ALLOW_ALL","uri":"https://writetodatabase-2zjil5azfa-uc.a.run.app","serviceAccountEmail":"296369449480-compute@developer.gserviceaccount.com","availableMemory":"256Mi","allTrafficOnLatestRevision":true,"revision":"writetodatabase-00025-lad","maxInstanceRequestConcurrency":80,"availableCpu":"1"},"state":"ACTIVE","labels":{"deployment-tool":"cli-firebase","firebase-functions-hash":"4fb95acf971fd44e46da4433b3dd2209ba159cb9"},"environment":"GEN_2","url":"https://us-central1-popchatv002.cloudfunctions.net/writeToDatabase","satisfiesPzi":true},"stages":[{"name":"BUILD","message":"Reusing build","state":"COMPLETE","resource":"projects/296369449480/locations/us-central1/builds/d3aaf7e5-a1dd-4c1f-8f40-17df48e13534"},{"name":"SERVICE","message":"Updating Cloud Run service","state":"IN_PROGRESS","resource":"projects/popchatv002/locations/us-central1/services/writetodatabase","resourceUri":"https://console.cloud.google.com/run/detail/us-central1/writetodatabase?project=popchatv002","stateMessages":[{"severity":"INFO","type":"CloudRunServiceNewRevisionTrafficInfo","message":"A new revision will be deployed serving with 100% traffic."}]}],"sourceToken":"Cldwcm9qZWN0cy8yOTYzNjk0NDk0ODAvbG9jYXRpb25zL3VzLWNlbnRyYWwxL2J1aWxkcy9kM2FhZjdlNS1hMWRkLTRjMWYtOGY0MC0xN2RmNDhlMTM1MzQSbHVzLWNlbnRyYWwxLWRvY2tlci5wa2cuZGV2L3BvcGNoYXR2MDAyL2djZi1hcnRpZmFjdHMvcG9wY2hhdHYwMDJfX3VzLS1jZW50cmFsMV9fdGVzdF9odHRwX2Z1bmN0aW9uOnZlcnNpb25fMRiI1PuH0AgiRXByb2plY3RzL3BvcGNoYXR2MDAyL2xvY2F0aW9ucy91cy1jZW50cmFsMS9mdW5jdGlvbnMvdGVzdEh0dHBGdW5jdGlvbioMCPOkiMMGENCd2b8BMghub2RlanMyMjp2CiNnY3IuaW8vZ2FlLXJ1bnRpbWVzL25vZGVqczIyOnN0YWJsZRJPdXMtY2VudHJhbDEtZG9ja2VyLnBrZy5kZXYvc2VydmVybGVzcy1ydW50aW1lcy9nb29nbGUtMjItZnVsbC9ydW50aW1lcy9ub2RlanMyMkAB","operationType":"UPDATE_FUNCTION","buildName":"projects/296369449480/locations/us-central1/builds/d3aaf7e5-a1dd-4c1f-8f40-17df48e13534"},"done":false}
[debug] [2025-06-30T04:28:42.764Z] Got source token Cldwcm9qZWN0cy8yOTYzNjk0NDk0ODAvbG9jYXRpb25zL3VzLWNlbnRyYWwxL2J1aWxkcy9kM2FhZjdlNS1hMWRkLTRjMWYtOGY0MC0xN2RmNDhlMTM1MzQSbHVzLWNlbnRyYWwxLWRvY2tlci5wa2cuZGV2L3BvcGNoYXR2MDAyL2djZi1hcnRpZmFjdHMvcG9wY2hhdHYwMDJfX3VzLS1jZW50cmFsMV9fdGVzdF9odHRwX2Z1bmN0aW9uOnZlcnNpb25fMRiI1PuH0AgiRXByb2plY3RzL3BvcGNoYXR2MDAyL2xvY2F0aW9ucy91cy1jZW50cmFsMS9mdW5jdGlvbnMvdGVzdEh0dHBGdW5jdGlvbioMCPOkiMMGENCd2b8BMghub2RlanMyMjp2CiNnY3IuaW8vZ2FlLXJ1bnRpbWVzL25vZGVqczIyOnN0YWJsZRJPdXMtY2VudHJhbDEtZG9ja2VyLnBrZy5kZXYvc2VydmVybGVzcy1ydW50aW1lcy9nb29nbGUtMjItZnVsbC9ydW50aW1lcy9ub2RlanMyMkAB for region us-central1
[debug] [2025-06-30T04:28:43.402Z] [update-default-us-central1-testSnapshotCycling] Retrying task index 0
[debug] [2025-06-30T04:28:43.402Z] Checked if tokens are valid: true, expires at: 1751260621805
[debug] [2025-06-30T04:28:43.402Z] Checked if tokens are valid: true, expires at: 1751260621805
[debug] [2025-06-30T04:28:43.402Z] >>> [apiv2][query] GET https://cloudfunctions.googleapis.com/v2/projects/popchatv002/locations/us-central1/operations/operation-1751257720468-638c27656b5fa-dbf4e1f2-487d5abc [none]
[debug] [2025-06-30T04:28:43.433Z] [update-default-us-central1-testSendAd] Retrying task index 0
[debug] [2025-06-30T04:28:43.433Z] Checked if tokens are valid: true, expires at: 1751260621805
[debug] [2025-06-30T04:28:43.433Z] Checked if tokens are valid: true, expires at: 1751260621805
[debug] [2025-06-30T04:28:43.433Z] >>> [apiv2][query] GET https://cloudfunctions.googleapis.com/v2/projects/popchatv002/locations/us-central1/operations/operation-1751257720430-638c276561ea2-189f244a-e33d5a7a [none]
[debug] [2025-06-30T04:28:43.480Z] [update-default-us-central1-resetUserCounter] Retrying task index 0
[debug] [2025-06-30T04:28:43.480Z] Checked if tokens are valid: true, expires at: 1751260621805
[debug] [2025-06-30T04:28:43.480Z] Checked if tokens are valid: true, expires at: 1751260621805
[debug] [2025-06-30T04:28:43.480Z] >>> [apiv2][query] GET https://cloudfunctions.googleapis.com/v2/projects/popchatv002/locations/us-central1/operations/operation-1751257720413-638c27655de89-6698e35a-8f465e0a [none]
[debug] [2025-06-30T04:28:43.481Z] [update-default-us-central1-scheduledSendAd] Retrying task index 0
[debug] [2025-06-30T04:28:43.481Z] Checked if tokens are valid: true, expires at: 1751260621805
[debug] [2025-06-30T04:28:43.481Z] Checked if tokens are valid: true, expires at: 1751260621805
[debug] [2025-06-30T04:28:43.481Z] >>> [apiv2][query] GET https://cloudfunctions.googleapis.com/v2/projects/popchatv002/locations/us-central1/operations/operation-1751257720429-638c2765619c9-aa1c1132-72ed2591 [none]
[debug] [2025-06-30T04:28:43.481Z] [update-default-us-central1-telegramWebhook] Retrying task index 0
[debug] [2025-06-30T04:28:43.482Z] Checked if tokens are valid: true, expires at: 1751260621805
[debug] [2025-06-30T04:28:43.482Z] Checked if tokens are valid: true, expires at: 1751260621805
[debug] [2025-06-30T04:28:43.482Z] >>> [apiv2][query] GET https://cloudfunctions.googleapis.com/v2/projects/popchatv002/locations/us-central1/operations/operation-1751257720430-638c276561e9d-1191d8e0-ebf1a17f [none]
[debug] [2025-06-30T04:28:43.526Z] [update-default-us-central1-sendHostToGroup] Retrying task index 0
[debug] [2025-06-30T04:28:43.526Z] Checked if tokens are valid: true, expires at: 1751260621805
[debug] [2025-06-30T04:28:43.527Z] Checked if tokens are valid: true, expires at: 1751260621805
[debug] [2025-06-30T04:28:43.527Z] >>> [apiv2][query] GET https://cloudfunctions.googleapis.com/v2/projects/popchatv002/locations/us-central1/operations/operation-1751257720469-638c27656b729-c899d5b1-c4413bff [none]
[debug] [2025-06-30T04:28:43.573Z] [update-default-us-central1-trackUserSessionCreate] Retrying task index 0
[debug] [2025-06-30T04:28:43.573Z] Checked if tokens are valid: true, expires at: 1751260621805
[debug] [2025-06-30T04:28:43.573Z] Checked if tokens are valid: true, expires at: 1751260621805
[debug] [2025-06-30T04:28:43.573Z] >>> [apiv2][query] GET https://cloudfunctions.googleapis.com/v2/projects/popchatv002/locations/us-central1/operations/operation-1751257720430-638c276561e9c-985cfb27-d7e3892a [none]
[debug] [2025-06-30T04:28:43.574Z] [update-default-us-central1-trackUserSessionDelete] Retrying task index 0
[debug] [2025-06-30T04:28:43.574Z] Checked if tokens are valid: true, expires at: 1751260621805
[debug] [2025-06-30T04:28:43.574Z] Checked if tokens are valid: true, expires at: 1751260621805
[debug] [2025-06-30T04:28:43.574Z] >>> [apiv2][query] GET https://cloudfunctions.googleapis.com/v2/projects/popchatv002/locations/us-central1/operations/operation-1751257720431-638c2765623ef-1d50ed9e-7f2e316b [none]
[debug] [2025-06-30T04:28:43.574Z] [update-default-us-central1-testScheduledFunction] Retrying task index 0
[debug] [2025-06-30T04:28:43.574Z] Checked if tokens are valid: true, expires at: 1751260621805
[debug] [2025-06-30T04:28:43.575Z] Checked if tokens are valid: true, expires at: 1751260621805
[debug] [2025-06-30T04:28:43.575Z] >>> [apiv2][query] GET https://cloudfunctions.googleapis.com/v2/projects/popchatv002/locations/us-central1/operations/operation-1751257720466-638c27656aac6-c7a788ed-f3b01150 [none]
[debug] [2025-06-30T04:28:43.588Z] [update-default-us-central1-addUserStatus] Retrying task index 0
[debug] [2025-06-30T04:28:43.588Z] Checked if tokens are valid: true, expires at: 1751260621805
[debug] [2025-06-30T04:28:43.588Z] Checked if tokens are valid: true, expires at: 1751260621805
[debug] [2025-06-30T04:28:43.588Z] >>> [apiv2][query] GET https://cloudfunctions.googleapis.com/v2/projects/popchatv002/locations/us-central1/operations/operation-1751257720432-638c276562868-2f15351f-4544f374 [none]
[debug] [2025-06-30T04:28:43.638Z] <<< [apiv2][status] GET https://cloudfunctions.googleapis.com/v2/projects/popchatv002/locations/us-central1/operations/operation-1751257720468-638c27656b5fa-dbf4e1f2-487d5abc 200
[debug] [2025-06-30T04:28:43.639Z] <<< [apiv2][body] GET https://cloudfunctions.googleapis.com/v2/projects/popchatv002/locations/us-central1/operations/operation-1751257720468-638c27656b5fa-dbf4e1f2-487d5abc {"name":"projects/popchatv002/locations/us-central1/operations/operation-1751257720468-638c27656b5fa-dbf4e1f2-487d5abc","metadata":{"@type":"type.googleapis.com/google.cloud.functions.v2.OperationMetadata","createTime":"2025-06-30T04:28:41.195718500Z","target":"projects/popchatv002/locations/us-central1/functions/testSnapshotCycling","verb":"update","cancelRequested":false,"apiVersion":"v2","requestResource":{"@type":"type.googleapis.com/google.cloud.functions.v2.Function","name":"projects/popchatv002/locations/us-central1/functions/testSnapshotCycling","buildConfig":{"runtime":"nodejs22","entryPoint":"testSnapshotCycling","source":{"storageSource":{"bucket":"gcf-v2-sources-296369449480-us-central1","object":"testSnapshotCycling/function-source.zip","generation":"1751257721146154"}},"environmentVariables":{"GOOGLE_NODE_RUN_SCRIPTS":""},"dockerRepository":"projects/popchatv002/locations/us-central1/repositories/gcf-artifacts","sourceProvenance":{"resolvedStorageSource":{"bucket":"gcf-v2-sources-296369449480-us-central1","object":"testSnapshotCycling/function-source.zip","generation":"1751257099513117"}},"dockerRegistry":"ARTIFACT_REGISTRY","sourceToken":"Cldwcm9qZWN0cy8yOTYzNjk0NDk0ODAvbG9jYXRpb25zL3VzLWNlbnRyYWwxL2J1aWxkcy9kM2FhZjdlNS1hMWRkLTRjMWYtOGY0MC0xN2RmNDhlMTM1MzQSbHVzLWNlbnRyYWwxLWRvY2tlci5wa2cuZGV2L3BvcGNoYXR2MDAyL2djZi1hcnRpZmFjdHMvcG9wY2hhdHYwMDJfX3VzLS1jZW50cmFsMV9fdGVzdF9odHRwX2Z1bmN0aW9uOnZlcnNpb25fMRiI1PuH0AgiRXByb2plY3RzL3BvcGNoYXR2MDAyL2xvY2F0aW9ucy91cy1jZW50cmFsMS9mdW5jdGlvbnMvdGVzdEh0dHBGdW5jdGlvbioMCPOkiMMGENCd2b8BMghub2RlanMyMjp2CiNnY3IuaW8vZ2FlLXJ1bnRpbWVzL25vZGVqczIyOnN0YWJsZRJPdXMtY2VudHJhbDEtZG9ja2VyLnBrZy5kZXYvc2VydmVybGVzcy1ydW50aW1lcy9nb29nbGUtMjItZnVsbC9ydW50aW1lcy9ub2RlanMyMkAB","serviceAccount":"projects/popchatv002/serviceAccounts/296369449480-compute@developer.gserviceaccount.com","automaticUpdatePolicy":{}},"serviceConfig":{"service":"projects/popchatv002/locations/us-central1/services/testsnapshotcycling","timeoutSeconds":60,"environmentVariables":{"FIREBASE_CONFIG":"{\"projectId\":\"popchatv002\",\"databaseURL\":\"https://popchatv002-default-rtdb.firebaseio.com\",\"storageBucket\":\"popchatv002.firebasestorage.app\"}","GCLOUD_PROJECT":"popchatv002","EVENTARC_CLOUD_EVENT_SOURCE":"projects/popchatv002/locations/us-central1/services/testSnapshotCycling","FUNCTION_TARGET":"testSnapshotCycling","LOG_EXECUTION_ID":"true","FUNCTION_SIGNATURE_TYPE":"http"},"ingressSettings":"ALLOW_ALL","uri":"https://testsnapshotcycling-2zjil5azfa-uc.a.run.app","serviceAccountEmail":"296369449480-compute@developer.gserviceaccount.com","availableMemory":"256Mi","allTrafficOnLatestRevision":true,"revision":"testsnapshotcycling-00013-ses","maxInstanceRequestConcurrency":80,"availableCpu":"1"},"state":"ACTIVE","labels":{"deployment-tool":"cli-firebase","firebase-functions-hash":"4fb95acf971fd44e46da4433b3dd2209ba159cb9"},"environment":"GEN_2","url":"https://us-central1-popchatv002.cloudfunctions.net/testSnapshotCycling","satisfiesPzi":true},"stages":[{"name":"BUILD","message":"Reusing build","state":"COMPLETE","resource":"projects/296369449480/locations/us-central1/builds/d3aaf7e5-a1dd-4c1f-8f40-17df48e13534"},{"name":"SERVICE","message":"Updating Cloud Run service","state":"IN_PROGRESS","resource":"projects/popchatv002/locations/us-central1/services/testsnapshotcycling","resourceUri":"https://console.cloud.google.com/run/detail/us-central1/testsnapshotcycling?project=popchatv002","stateMessages":[{"severity":"INFO","type":"CloudRunServiceNewRevisionTrafficInfo","message":"A new revision will be deployed serving with 100% traffic."}]}],"sourceToken":"Cldwcm9qZWN0cy8yOTYzNjk0NDk0ODAvbG9jYXRpb25zL3VzLWNlbnRyYWwxL2J1aWxkcy9kM2FhZjdlNS1hMWRkLTRjMWYtOGY0MC0xN2RmNDhlMTM1MzQSbHVzLWNlbnRyYWwxLWRvY2tlci5wa2cuZGV2L3BvcGNoYXR2MDAyL2djZi1hcnRpZmFjdHMvcG9wY2hhdHYwMDJfX3VzLS1jZW50cmFsMV9fdGVzdF9odHRwX2Z1bmN0aW9uOnZlcnNpb25fMRiI1PuH0AgiRXByb2plY3RzL3BvcGNoYXR2MDAyL2xvY2F0aW9ucy91cy1jZW50cmFsMS9mdW5jdGlvbnMvdGVzdEh0dHBGdW5jdGlvbioMCPOkiMMGENCd2b8BMghub2RlanMyMjp2CiNnY3IuaW8vZ2FlLXJ1bnRpbWVzL25vZGVqczIyOnN0YWJsZRJPdXMtY2VudHJhbDEtZG9ja2VyLnBrZy5kZXYvc2VydmVybGVzcy1ydW50aW1lcy9nb29nbGUtMjItZnVsbC9ydW50aW1lcy9ub2RlanMyMkAB","operationType":"UPDATE_FUNCTION","buildName":"projects/296369449480/locations/us-central1/builds/d3aaf7e5-a1dd-4c1f-8f40-17df48e13534"},"done":false}
[debug] [2025-06-30T04:28:43.639Z] Got source token Cldwcm9qZWN0cy8yOTYzNjk0NDk0ODAvbG9jYXRpb25zL3VzLWNlbnRyYWwxL2J1aWxkcy9kM2FhZjdlNS1hMWRkLTRjMWYtOGY0MC0xN2RmNDhlMTM1MzQSbHVzLWNlbnRyYWwxLWRvY2tlci5wa2cuZGV2L3BvcGNoYXR2MDAyL2djZi1hcnRpZmFjdHMvcG9wY2hhdHYwMDJfX3VzLS1jZW50cmFsMV9fdGVzdF9odHRwX2Z1bmN0aW9uOnZlcnNpb25fMRiI1PuH0AgiRXByb2plY3RzL3BvcGNoYXR2MDAyL2xvY2F0aW9ucy91cy1jZW50cmFsMS9mdW5jdGlvbnMvdGVzdEh0dHBGdW5jdGlvbioMCPOkiMMGENCd2b8BMghub2RlanMyMjp2CiNnY3IuaW8vZ2FlLXJ1bnRpbWVzL25vZGVqczIyOnN0YWJsZRJPdXMtY2VudHJhbDEtZG9ja2VyLnBrZy5kZXYvc2VydmVybGVzcy1ydW50aW1lcy9nb29nbGUtMjItZnVsbC9ydW50aW1lcy9ub2RlanMyMkAB for region us-central1
[debug] [2025-06-30T04:28:43.674Z] <<< [apiv2][status] GET https://cloudfunctions.googleapis.com/v2/projects/popchatv002/locations/us-central1/operations/operation-1751257720430-638c276561ea2-189f244a-e33d5a7a 200
[debug] [2025-06-30T04:28:43.674Z] <<< [apiv2][body] GET https://cloudfunctions.googleapis.com/v2/projects/popchatv002/locations/us-central1/operations/operation-1751257720430-638c276561ea2-189f244a-e33d5a7a {"name":"projects/popchatv002/locations/us-central1/operations/operation-1751257720430-638c276561ea2-189f244a-e33d5a7a","metadata":{"@type":"type.googleapis.com/google.cloud.functions.v2.OperationMetadata","createTime":"2025-06-30T04:28:41.056253777Z","target":"projects/popchatv002/locations/us-central1/functions/testSendAd","verb":"update","cancelRequested":false,"apiVersion":"v2","requestResource":{"@type":"type.googleapis.com/google.cloud.functions.v2.Function","name":"projects/popchatv002/locations/us-central1/functions/testSendAd","buildConfig":{"runtime":"nodejs22","entryPoint":"testSendAd","source":{"storageSource":{"bucket":"gcf-v2-sources-296369449480-us-central1","object":"testSendAd/function-source.zip","generation":"1751257721014420"}},"environmentVariables":{"GOOGLE_NODE_RUN_SCRIPTS":""},"dockerRepository":"projects/popchatv002/locations/us-central1/repositories/gcf-artifacts","sourceProvenance":{"resolvedStorageSource":{"bucket":"gcf-v2-sources-296369449480-us-central1","object":"testSendAd/function-source.zip","generation":"1751257099645799"}},"dockerRegistry":"ARTIFACT_REGISTRY","sourceToken":"Cldwcm9qZWN0cy8yOTYzNjk0NDk0ODAvbG9jYXRpb25zL3VzLWNlbnRyYWwxL2J1aWxkcy9kM2FhZjdlNS1hMWRkLTRjMWYtOGY0MC0xN2RmNDhlMTM1MzQSbHVzLWNlbnRyYWwxLWRvY2tlci5wa2cuZGV2L3BvcGNoYXR2MDAyL2djZi1hcnRpZmFjdHMvcG9wY2hhdHYwMDJfX3VzLS1jZW50cmFsMV9fdGVzdF9odHRwX2Z1bmN0aW9uOnZlcnNpb25fMRiI1PuH0AgiRXByb2plY3RzL3BvcGNoYXR2MDAyL2xvY2F0aW9ucy91cy1jZW50cmFsMS9mdW5jdGlvbnMvdGVzdEh0dHBGdW5jdGlvbioMCPOkiMMGENCd2b8BMghub2RlanMyMjp2CiNnY3IuaW8vZ2FlLXJ1bnRpbWVzL25vZGVqczIyOnN0YWJsZRJPdXMtY2VudHJhbDEtZG9ja2VyLnBrZy5kZXYvc2VydmVybGVzcy1ydW50aW1lcy9nb29nbGUtMjItZnVsbC9ydW50aW1lcy9ub2RlanMyMkAB","serviceAccount":"projects/popchatv002/serviceAccounts/296369449480-compute@developer.gserviceaccount.com","automaticUpdatePolicy":{}},"serviceConfig":{"service":"projects/popchatv002/locations/us-central1/services/testsendad","timeoutSeconds":60,"environmentVariables":{"FIREBASE_CONFIG":"{\"projectId\":\"popchatv002\",\"databaseURL\":\"https://popchatv002-default-rtdb.firebaseio.com\",\"storageBucket\":\"popchatv002.firebasestorage.app\"}","GCLOUD_PROJECT":"popchatv002","EVENTARC_CLOUD_EVENT_SOURCE":"projects/popchatv002/locations/us-central1/services/testSendAd","FUNCTION_TARGET":"testSendAd","LOG_EXECUTION_ID":"true","FUNCTION_SIGNATURE_TYPE":"http"},"ingressSettings":"ALLOW_ALL","uri":"https://testsendad-2zjil5azfa-uc.a.run.app","serviceAccountEmail":"296369449480-compute@developer.gserviceaccount.com","availableMemory":"256Mi","allTrafficOnLatestRevision":true,"revision":"testsendad-00017-viq","maxInstanceRequestConcurrency":80,"availableCpu":"1"},"state":"ACTIVE","labels":{"deployment-tool":"cli-firebase","firebase-functions-hash":"4fb95acf971fd44e46da4433b3dd2209ba159cb9"},"environment":"GEN_2","url":"https://us-central1-popchatv002.cloudfunctions.net/testSendAd","satisfiesPzi":true},"stages":[{"name":"BUILD","message":"Reusing build","state":"COMPLETE","resource":"projects/296369449480/locations/us-central1/builds/d3aaf7e5-a1dd-4c1f-8f40-17df48e13534"},{"name":"SERVICE","message":"Updating Cloud Run service","state":"IN_PROGRESS","resource":"projects/popchatv002/locations/us-central1/services/testsendad","resourceUri":"https://console.cloud.google.com/run/detail/us-central1/testsendad?project=popchatv002","stateMessages":[{"severity":"INFO","type":"CloudRunServiceNewRevisionTrafficInfo","message":"A new revision will be deployed serving with 100% traffic."}]}],"sourceToken":"Cldwcm9qZWN0cy8yOTYzNjk0NDk0ODAvbG9jYXRpb25zL3VzLWNlbnRyYWwxL2J1aWxkcy9kM2FhZjdlNS1hMWRkLTRjMWYtOGY0MC0xN2RmNDhlMTM1MzQSbHVzLWNlbnRyYWwxLWRvY2tlci5wa2cuZGV2L3BvcGNoYXR2MDAyL2djZi1hcnRpZmFjdHMvcG9wY2hhdHYwMDJfX3VzLS1jZW50cmFsMV9fdGVzdF9odHRwX2Z1bmN0aW9uOnZlcnNpb25fMRiI1PuH0AgiRXByb2plY3RzL3BvcGNoYXR2MDAyL2xvY2F0aW9ucy91cy1jZW50cmFsMS9mdW5jdGlvbnMvdGVzdEh0dHBGdW5jdGlvbioMCPOkiMMGENCd2b8BMghub2RlanMyMjp2CiNnY3IuaW8vZ2FlLXJ1bnRpbWVzL25vZGVqczIyOnN0YWJsZRJPdXMtY2VudHJhbDEtZG9ja2VyLnBrZy5kZXYvc2VydmVybGVzcy1ydW50aW1lcy9nb29nbGUtMjItZnVsbC9ydW50aW1lcy9ub2RlanMyMkAB","operationType":"UPDATE_FUNCTION","buildName":"projects/296369449480/locations/us-central1/builds/d3aaf7e5-a1dd-4c1f-8f40-17df48e13534"},"done":false}
[debug] [2025-06-30T04:28:43.674Z] Got source token Cldwcm9qZWN0cy8yOTYzNjk0NDk0ODAvbG9jYXRpb25zL3VzLWNlbnRyYWwxL2J1aWxkcy9kM2FhZjdlNS1hMWRkLTRjMWYtOGY0MC0xN2RmNDhlMTM1MzQSbHVzLWNlbnRyYWwxLWRvY2tlci5wa2cuZGV2L3BvcGNoYXR2MDAyL2djZi1hcnRpZmFjdHMvcG9wY2hhdHYwMDJfX3VzLS1jZW50cmFsMV9fdGVzdF9odHRwX2Z1bmN0aW9uOnZlcnNpb25fMRiI1PuH0AgiRXByb2plY3RzL3BvcGNoYXR2MDAyL2xvY2F0aW9ucy91cy1jZW50cmFsMS9mdW5jdGlvbnMvdGVzdEh0dHBGdW5jdGlvbioMCPOkiMMGENCd2b8BMghub2RlanMyMjp2CiNnY3IuaW8vZ2FlLXJ1bnRpbWVzL25vZGVqczIyOnN0YWJsZRJPdXMtY2VudHJhbDEtZG9ja2VyLnBrZy5kZXYvc2VydmVybGVzcy1ydW50aW1lcy9nb29nbGUtMjItZnVsbC9ydW50aW1lcy9ub2RlanMyMkAB for region us-central1
[debug] [2025-06-30T04:28:43.714Z] [update-default-us-central1-scheduledRandomUserMedia] Retrying task index 0
[debug] [2025-06-30T04:28:43.714Z] Checked if tokens are valid: true, expires at: 1751260621805
[debug] [2025-06-30T04:28:43.714Z] Checked if tokens are valid: true, expires at: 1751260621805
[debug] [2025-06-30T04:28:43.714Z] >>> [apiv2][query] GET https://cloudfunctions.googleapis.com/v2/projects/popchatv002/locations/us-central1/operations/operation-1751257720468-638c27656b449-f90f96cc-332f62ae [none]
[debug] [2025-06-30T04:28:43.729Z] <<< [apiv2][status] GET https://cloudfunctions.googleapis.com/v2/projects/popchatv002/locations/us-central1/operations/operation-1751257720430-638c276561e9d-1191d8e0-ebf1a17f 200
[debug] [2025-06-30T04:28:43.729Z] <<< [apiv2][body] GET https://cloudfunctions.googleapis.com/v2/projects/popchatv002/locations/us-central1/operations/operation-1751257720430-638c276561e9d-1191d8e0-ebf1a17f {"name":"projects/popchatv002/locations/us-central1/operations/operation-1751257720430-638c276561e9d-1191d8e0-ebf1a17f","metadata":{"@type":"type.googleapis.com/google.cloud.functions.v2.OperationMetadata","createTime":"2025-06-30T04:28:41.091952358Z","target":"projects/popchatv002/locations/us-central1/functions/telegramWebhook","verb":"update","cancelRequested":false,"apiVersion":"v2","requestResource":{"@type":"type.googleapis.com/google.cloud.functions.v2.Function","name":"projects/popchatv002/locations/us-central1/functions/telegramWebhook","buildConfig":{"runtime":"nodejs22","entryPoint":"telegramWebhook","source":{"storageSource":{"bucket":"gcf-v2-sources-296369449480-us-central1","object":"telegramWebhook/function-source.zip","generation":"1751257721051170"}},"environmentVariables":{"GOOGLE_NODE_RUN_SCRIPTS":""},"dockerRepository":"projects/popchatv002/locations/us-central1/repositories/gcf-artifacts","sourceProvenance":{"resolvedStorageSource":{"bucket":"gcf-v2-sources-296369449480-us-central1","object":"telegramWebhook/function-source.zip","generation":"1751257099563488"}},"dockerRegistry":"ARTIFACT_REGISTRY","sourceToken":"Cldwcm9qZWN0cy8yOTYzNjk0NDk0ODAvbG9jYXRpb25zL3VzLWNlbnRyYWwxL2J1aWxkcy9kM2FhZjdlNS1hMWRkLTRjMWYtOGY0MC0xN2RmNDhlMTM1MzQSbHVzLWNlbnRyYWwxLWRvY2tlci5wa2cuZGV2L3BvcGNoYXR2MDAyL2djZi1hcnRpZmFjdHMvcG9wY2hhdHYwMDJfX3VzLS1jZW50cmFsMV9fdGVzdF9odHRwX2Z1bmN0aW9uOnZlcnNpb25fMRiI1PuH0AgiRXByb2plY3RzL3BvcGNoYXR2MDAyL2xvY2F0aW9ucy91cy1jZW50cmFsMS9mdW5jdGlvbnMvdGVzdEh0dHBGdW5jdGlvbioMCPOkiMMGENCd2b8BMghub2RlanMyMjp2CiNnY3IuaW8vZ2FlLXJ1bnRpbWVzL25vZGVqczIyOnN0YWJsZRJPdXMtY2VudHJhbDEtZG9ja2VyLnBrZy5kZXYvc2VydmVybGVzcy1ydW50aW1lcy9nb29nbGUtMjItZnVsbC9ydW50aW1lcy9ub2RlanMyMkAB","serviceAccount":"projects/popchatv002/serviceAccounts/296369449480-compute@developer.gserviceaccount.com","automaticUpdatePolicy":{}},"serviceConfig":{"service":"projects/popchatv002/locations/us-central1/services/telegramwebhook","timeoutSeconds":60,"environmentVariables":{"FIREBASE_CONFIG":"{\"projectId\":\"popchatv002\",\"databaseURL\":\"https://popchatv002-default-rtdb.firebaseio.com\",\"storageBucket\":\"popchatv002.firebasestorage.app\"}","GCLOUD_PROJECT":"popchatv002","EVENTARC_CLOUD_EVENT_SOURCE":"projects/popchatv002/locations/us-central1/services/telegramWebhook","FUNCTION_TARGET":"telegramWebhook","LOG_EXECUTION_ID":"true","FUNCTION_SIGNATURE_TYPE":"http"},"ingressSettings":"ALLOW_ALL","uri":"https://telegramwebhook-2zjil5azfa-uc.a.run.app","serviceAccountEmail":"296369449480-compute@developer.gserviceaccount.com","availableMemory":"256Mi","allTrafficOnLatestRevision":true,"revision":"telegramwebhook-00012-rig","maxInstanceRequestConcurrency":80,"availableCpu":"1"},"state":"ACTIVE","labels":{"deployment-tool":"cli-firebase","firebase-functions-hash":"4fb95acf971fd44e46da4433b3dd2209ba159cb9"},"environment":"GEN_2","url":"https://us-central1-popchatv002.cloudfunctions.net/telegramWebhook","satisfiesPzi":true},"stages":[{"name":"BUILD","message":"Reusing build","state":"COMPLETE","resource":"projects/296369449480/locations/us-central1/builds/d3aaf7e5-a1dd-4c1f-8f40-17df48e13534"},{"name":"SERVICE","message":"Updating Cloud Run service","state":"IN_PROGRESS","resource":"projects/popchatv002/locations/us-central1/services/telegramwebhook","resourceUri":"https://console.cloud.google.com/run/detail/us-central1/telegramwebhook?project=popchatv002","stateMessages":[{"severity":"INFO","type":"CloudRunServiceNewRevisionTrafficInfo","message":"A new revision will be deployed serving with 100% traffic."}]}],"sourceToken":"Cldwcm9qZWN0cy8yOTYzNjk0NDk0ODAvbG9jYXRpb25zL3VzLWNlbnRyYWwxL2J1aWxkcy9kM2FhZjdlNS1hMWRkLTRjMWYtOGY0MC0xN2RmNDhlMTM1MzQSbHVzLWNlbnRyYWwxLWRvY2tlci5wa2cuZGV2L3BvcGNoYXR2MDAyL2djZi1hcnRpZmFjdHMvcG9wY2hhdHYwMDJfX3VzLS1jZW50cmFsMV9fdGVzdF9odHRwX2Z1bmN0aW9uOnZlcnNpb25fMRiI1PuH0AgiRXByb2plY3RzL3BvcGNoYXR2MDAyL2xvY2F0aW9ucy91cy1jZW50cmFsMS9mdW5jdGlvbnMvdGVzdEh0dHBGdW5jdGlvbioMCPOkiMMGENCd2b8BMghub2RlanMyMjp2CiNnY3IuaW8vZ2FlLXJ1bnRpbWVzL25vZGVqczIyOnN0YWJsZRJPdXMtY2VudHJhbDEtZG9ja2VyLnBrZy5kZXYvc2VydmVybGVzcy1ydW50aW1lcy9nb29nbGUtMjItZnVsbC9ydW50aW1lcy9ub2RlanMyMkAB","operationType":"UPDATE_FUNCTION","buildName":"projects/296369449480/locations/us-central1/builds/d3aaf7e5-a1dd-4c1f-8f40-17df48e13534"},"done":false}
[debug] [2025-06-30T04:28:43.729Z] Got source token Cldwcm9qZWN0cy8yOTYzNjk0NDk0ODAvbG9jYXRpb25zL3VzLWNlbnRyYWwxL2J1aWxkcy9kM2FhZjdlNS1hMWRkLTRjMWYtOGY0MC0xN2RmNDhlMTM1MzQSbHVzLWNlbnRyYWwxLWRvY2tlci5wa2cuZGV2L3BvcGNoYXR2MDAyL2djZi1hcnRpZmFjdHMvcG9wY2hhdHYwMDJfX3VzLS1jZW50cmFsMV9fdGVzdF9odHRwX2Z1bmN0aW9uOnZlcnNpb25fMRiI1PuH0AgiRXByb2plY3RzL3BvcGNoYXR2MDAyL2xvY2F0aW9ucy91cy1jZW50cmFsMS9mdW5jdGlvbnMvdGVzdEh0dHBGdW5jdGlvbioMCPOkiMMGENCd2b8BMghub2RlanMyMjp2CiNnY3IuaW8vZ2FlLXJ1bnRpbWVzL25vZGVqczIyOnN0YWJsZRJPdXMtY2VudHJhbDEtZG9ja2VyLnBrZy5kZXYvc2VydmVybGVzcy1ydW50aW1lcy9nb29nbGUtMjItZnVsbC9ydW50aW1lcy9ub2RlanMyMkAB for region us-central1
[debug] [2025-06-30T04:28:43.760Z] <<< [apiv2][status] GET https://cloudfunctions.googleapis.com/v2/projects/popchatv002/locations/us-central1/operations/operation-1751257720413-638c27655de89-6698e35a-8f465e0a 200
[debug] [2025-06-30T04:28:43.761Z] <<< [apiv2][body] GET https://cloudfunctions.googleapis.com/v2/projects/popchatv002/locations/us-central1/operations/operation-1751257720413-638c27655de89-6698e35a-8f465e0a {"name":"projects/popchatv002/locations/us-central1/operations/operation-1751257720413-638c27655de89-6698e35a-8f465e0a","metadata":{"@type":"type.googleapis.com/google.cloud.functions.v2.OperationMetadata","createTime":"2025-06-30T04:28:41.095424257Z","target":"projects/popchatv002/locations/us-central1/functions/resetUserCounter","verb":"update","cancelRequested":false,"apiVersion":"v2","requestResource":{"@type":"type.googleapis.com/google.cloud.functions.v2.Function","name":"projects/popchatv002/locations/us-central1/functions/resetUserCounter","buildConfig":{"runtime":"nodejs22","entryPoint":"resetUserCounter","source":{"storageSource":{"bucket":"gcf-v2-sources-296369449480-us-central1","object":"resetUserCounter/function-source.zip","generation":"1751257721056668"}},"environmentVariables":{"GOOGLE_NODE_RUN_SCRIPTS":""},"dockerRepository":"projects/popchatv002/locations/us-central1/repositories/gcf-artifacts","sourceProvenance":{"resolvedStorageSource":{"bucket":"gcf-v2-sources-296369449480-us-central1","object":"resetUserCounter/function-source.zip","generation":"1751257099518160"}},"dockerRegistry":"ARTIFACT_REGISTRY","sourceToken":"Cldwcm9qZWN0cy8yOTYzNjk0NDk0ODAvbG9jYXRpb25zL3VzLWNlbnRyYWwxL2J1aWxkcy9kM2FhZjdlNS1hMWRkLTRjMWYtOGY0MC0xN2RmNDhlMTM1MzQSbHVzLWNlbnRyYWwxLWRvY2tlci5wa2cuZGV2L3BvcGNoYXR2MDAyL2djZi1hcnRpZmFjdHMvcG9wY2hhdHYwMDJfX3VzLS1jZW50cmFsMV9fdGVzdF9odHRwX2Z1bmN0aW9uOnZlcnNpb25fMRiI1PuH0AgiRXByb2plY3RzL3BvcGNoYXR2MDAyL2xvY2F0aW9ucy91cy1jZW50cmFsMS9mdW5jdGlvbnMvdGVzdEh0dHBGdW5jdGlvbioMCPOkiMMGENCd2b8BMghub2RlanMyMjp2CiNnY3IuaW8vZ2FlLXJ1bnRpbWVzL25vZGVqczIyOnN0YWJsZRJPdXMtY2VudHJhbDEtZG9ja2VyLnBrZy5kZXYvc2VydmVybGVzcy1ydW50aW1lcy9nb29nbGUtMjItZnVsbC9ydW50aW1lcy9ub2RlanMyMkAB","serviceAccount":"projects/popchatv002/serviceAccounts/296369449480-compute@developer.gserviceaccount.com","automaticUpdatePolicy":{}},"serviceConfig":{"service":"projects/popchatv002/locations/us-central1/services/resetusercounter","timeoutSeconds":60,"environmentVariables":{"FIREBASE_CONFIG":"{\"projectId\":\"popchatv002\",\"databaseURL\":\"https://popchatv002-default-rtdb.firebaseio.com\",\"storageBucket\":\"popchatv002.firebasestorage.app\"}","GCLOUD_PROJECT":"popchatv002","EVENTARC_CLOUD_EVENT_SOURCE":"projects/popchatv002/locations/us-central1/services/resetUserCounter","FUNCTION_TARGET":"resetUserCounter","LOG_EXECUTION_ID":"true","FUNCTION_SIGNATURE_TYPE":"http"},"ingressSettings":"ALLOW_ALL","uri":"https://resetusercounter-2zjil5azfa-uc.a.run.app","serviceAccountEmail":"296369449480-compute@developer.gserviceaccount.com","availableMemory":"256Mi","allTrafficOnLatestRevision":true,"revision":"resetusercounter-00014-cef","maxInstanceRequestConcurrency":80,"availableCpu":"1"},"state":"ACTIVE","labels":{"deployment-tool":"cli-firebase","firebase-functions-hash":"4fb95acf971fd44e46da4433b3dd2209ba159cb9"},"environment":"GEN_2","url":"https://us-central1-popchatv002.cloudfunctions.net/resetUserCounter","satisfiesPzi":true},"stages":[{"name":"BUILD","message":"Reusing build","state":"COMPLETE","resource":"projects/296369449480/locations/us-central1/builds/d3aaf7e5-a1dd-4c1f-8f40-17df48e13534"},{"name":"SERVICE","message":"Updating Cloud Run service","state":"IN_PROGRESS","resource":"projects/popchatv002/locations/us-central1/services/resetusercounter","resourceUri":"https://console.cloud.google.com/run/detail/us-central1/resetusercounter?project=popchatv002","stateMessages":[{"severity":"INFO","type":"CloudRunServiceNewRevisionTrafficInfo","message":"A new revision will be deployed serving with 100% traffic."}]}],"sourceToken":"Cldwcm9qZWN0cy8yOTYzNjk0NDk0ODAvbG9jYXRpb25zL3VzLWNlbnRyYWwxL2J1aWxkcy9kM2FhZjdlNS1hMWRkLTRjMWYtOGY0MC0xN2RmNDhlMTM1MzQSbHVzLWNlbnRyYWwxLWRvY2tlci5wa2cuZGV2L3BvcGNoYXR2MDAyL2djZi1hcnRpZmFjdHMvcG9wY2hhdHYwMDJfX3VzLS1jZW50cmFsMV9fdGVzdF9odHRwX2Z1bmN0aW9uOnZlcnNpb25fMRiI1PuH0AgiRXByb2plY3RzL3BvcGNoYXR2MDAyL2xvY2F0aW9ucy91cy1jZW50cmFsMS9mdW5jdGlvbnMvdGVzdEh0dHBGdW5jdGlvbioMCPOkiMMGENCd2b8BMghub2RlanMyMjp2CiNnY3IuaW8vZ2FlLXJ1bnRpbWVzL25vZGVqczIyOnN0YWJsZRJPdXMtY2VudHJhbDEtZG9ja2VyLnBrZy5kZXYvc2VydmVybGVzcy1ydW50aW1lcy9nb29nbGUtMjItZnVsbC9ydW50aW1lcy9ub2RlanMyMkAB","operationType":"UPDATE_FUNCTION","buildName":"projects/296369449480/locations/us-central1/builds/d3aaf7e5-a1dd-4c1f-8f40-17df48e13534"},"done":false}
[debug] [2025-06-30T04:28:43.761Z] Got source token Cldwcm9qZWN0cy8yOTYzNjk0NDk0ODAvbG9jYXRpb25zL3VzLWNlbnRyYWwxL2J1aWxkcy9kM2FhZjdlNS1hMWRkLTRjMWYtOGY0MC0xN2RmNDhlMTM1MzQSbHVzLWNlbnRyYWwxLWRvY2tlci5wa2cuZGV2L3BvcGNoYXR2MDAyL2djZi1hcnRpZmFjdHMvcG9wY2hhdHYwMDJfX3VzLS1jZW50cmFsMV9fdGVzdF9odHRwX2Z1bmN0aW9uOnZlcnNpb25fMRiI1PuH0AgiRXByb2plY3RzL3BvcGNoYXR2MDAyL2xvY2F0aW9ucy91cy1jZW50cmFsMS9mdW5jdGlvbnMvdGVzdEh0dHBGdW5jdGlvbioMCPOkiMMGENCd2b8BMghub2RlanMyMjp2CiNnY3IuaW8vZ2FlLXJ1bnRpbWVzL25vZGVqczIyOnN0YWJsZRJPdXMtY2VudHJhbDEtZG9ja2VyLnBrZy5kZXYvc2VydmVybGVzcy1ydW50aW1lcy9nb29nbGUtMjItZnVsbC9ydW50aW1lcy9ub2RlanMyMkAB for region us-central1
[debug] [2025-06-30T04:28:43.762Z] <<< [apiv2][status] GET https://cloudfunctions.googleapis.com/v2/projects/popchatv002/locations/us-central1/operations/operation-1751257720429-638c2765619c9-aa1c1132-72ed2591 200
[debug] [2025-06-30T04:28:43.762Z] <<< [apiv2][body] GET https://cloudfunctions.googleapis.com/v2/projects/popchatv002/locations/us-central1/operations/operation-1751257720429-638c2765619c9-aa1c1132-72ed2591 {"name":"projects/popchatv002/locations/us-central1/operations/operation-1751257720429-638c2765619c9-aa1c1132-72ed2591","metadata":{"@type":"type.googleapis.com/google.cloud.functions.v2.OperationMetadata","createTime":"2025-06-30T04:28:41.087145853Z","target":"projects/popchatv002/locations/us-central1/functions/scheduledSendAd","verb":"update","cancelRequested":false,"apiVersion":"v2","requestResource":{"@type":"type.googleapis.com/google.cloud.functions.v2.Function","name":"projects/popchatv002/locations/us-central1/functions/scheduledSendAd","buildConfig":{"runtime":"nodejs22","entryPoint":"scheduledSendAd","source":{"storageSource":{"bucket":"gcf-v2-sources-296369449480-us-central1","object":"scheduledSendAd/function-source.zip","generation":"1751257721047016"}},"environmentVariables":{"GOOGLE_NODE_RUN_SCRIPTS":""},"dockerRepository":"projects/popchatv002/locations/us-central1/repositories/gcf-artifacts","sourceProvenance":{"resolvedStorageSource":{"bucket":"gcf-v2-sources-296369449480-us-central1","object":"scheduledSendAd/function-source.zip","generation":"1751257504667326"}},"dockerRegistry":"ARTIFACT_REGISTRY","sourceToken":"Cldwcm9qZWN0cy8yOTYzNjk0NDk0ODAvbG9jYXRpb25zL3VzLWNlbnRyYWwxL2J1aWxkcy9kM2FhZjdlNS1hMWRkLTRjMWYtOGY0MC0xN2RmNDhlMTM1MzQSbHVzLWNlbnRyYWwxLWRvY2tlci5wa2cuZGV2L3BvcGNoYXR2MDAyL2djZi1hcnRpZmFjdHMvcG9wY2hhdHYwMDJfX3VzLS1jZW50cmFsMV9fdGVzdF9odHRwX2Z1bmN0aW9uOnZlcnNpb25fMRiI1PuH0AgiRXByb2plY3RzL3BvcGNoYXR2MDAyL2xvY2F0aW9ucy91cy1jZW50cmFsMS9mdW5jdGlvbnMvdGVzdEh0dHBGdW5jdGlvbioMCPOkiMMGENCd2b8BMghub2RlanMyMjp2CiNnY3IuaW8vZ2FlLXJ1bnRpbWVzL25vZGVqczIyOnN0YWJsZRJPdXMtY2VudHJhbDEtZG9ja2VyLnBrZy5kZXYvc2VydmVybGVzcy1ydW50aW1lcy9nb29nbGUtMjItZnVsbC9ydW50aW1lcy9ub2RlanMyMkAB","serviceAccount":"projects/popchatv002/serviceAccounts/296369449480-compute@developer.gserviceaccount.com","automaticUpdatePolicy":{}},"serviceConfig":{"service":"projects/popchatv002/locations/us-central1/services/scheduledsendad","timeoutSeconds":60,"environmentVariables":{"FIREBASE_CONFIG":"{\"projectId\":\"popchatv002\",\"databaseURL\":\"https://popchatv002-default-rtdb.firebaseio.com\",\"storageBucket\":\"popchatv002.firebasestorage.app\"}","GCLOUD_PROJECT":"popchatv002","EVENTARC_CLOUD_EVENT_SOURCE":"projects/popchatv002/locations/us-central1/services/scheduledSendAd","FUNCTION_TARGET":"scheduledSendAd","LOG_EXECUTION_ID":"true","FUNCTION_SIGNATURE_TYPE":"http"},"ingressSettings":"ALLOW_ALL","uri":"https://scheduledsendad-2zjil5azfa-uc.a.run.app","serviceAccountEmail":"296369449480-compute@developer.gserviceaccount.com","availableMemory":"256Mi","allTrafficOnLatestRevision":true,"revision":"scheduledsendad-00019-jep","maxInstanceRequestConcurrency":80,"availableCpu":"1"},"state":"ACTIVE","labels":{"deployment-tool":"cli-firebase","deployment-scheduled":"true","firebase-functions-hash":"4fb95acf971fd44e46da4433b3dd2209ba159cb9"},"environment":"GEN_2","url":"https://us-central1-popchatv002.cloudfunctions.net/scheduledSendAd","satisfiesPzi":true},"stages":[{"name":"BUILD","message":"Reusing build","state":"COMPLETE","resource":"projects/296369449480/locations/us-central1/builds/d3aaf7e5-a1dd-4c1f-8f40-17df48e13534"},{"name":"SERVICE","message":"Updating Cloud Run service","state":"IN_PROGRESS","resource":"projects/popchatv002/locations/us-central1/services/scheduledsendad","resourceUri":"https://console.cloud.google.com/run/detail/us-central1/scheduledsendad?project=popchatv002","stateMessages":[{"severity":"INFO","type":"CloudRunServiceNewRevisionTrafficInfo","message":"A new revision will be deployed serving with 100% traffic."}]}],"sourceToken":"Cldwcm9qZWN0cy8yOTYzNjk0NDk0ODAvbG9jYXRpb25zL3VzLWNlbnRyYWwxL2J1aWxkcy9kM2FhZjdlNS1hMWRkLTRjMWYtOGY0MC0xN2RmNDhlMTM1MzQSbHVzLWNlbnRyYWwxLWRvY2tlci5wa2cuZGV2L3BvcGNoYXR2MDAyL2djZi1hcnRpZmFjdHMvcG9wY2hhdHYwMDJfX3VzLS1jZW50cmFsMV9fdGVzdF9odHRwX2Z1bmN0aW9uOnZlcnNpb25fMRiI1PuH0AgiRXByb2plY3RzL3BvcGNoYXR2MDAyL2xvY2F0aW9ucy91cy1jZW50cmFsMS9mdW5jdGlvbnMvdGVzdEh0dHBGdW5jdGlvbioMCPOkiMMGENCd2b8BMghub2RlanMyMjp2CiNnY3IuaW8vZ2FlLXJ1bnRpbWVzL25vZGVqczIyOnN0YWJsZRJPdXMtY2VudHJhbDEtZG9ja2VyLnBrZy5kZXYvc2VydmVybGVzcy1ydW50aW1lcy9nb29nbGUtMjItZnVsbC9ydW50aW1lcy9ub2RlanMyMkAB","operationType":"UPDATE_FUNCTION","buildName":"projects/296369449480/locations/us-central1/builds/d3aaf7e5-a1dd-4c1f-8f40-17df48e13534"},"done":false}
[debug] [2025-06-30T04:28:43.763Z] Got source token Cldwcm9qZWN0cy8yOTYzNjk0NDk0ODAvbG9jYXRpb25zL3VzLWNlbnRyYWwxL2J1aWxkcy9kM2FhZjdlNS1hMWRkLTRjMWYtOGY0MC0xN2RmNDhlMTM1MzQSbHVzLWNlbnRyYWwxLWRvY2tlci5wa2cuZGV2L3BvcGNoYXR2MDAyL2djZi1hcnRpZmFjdHMvcG9wY2hhdHYwMDJfX3VzLS1jZW50cmFsMV9fdGVzdF9odHRwX2Z1bmN0aW9uOnZlcnNpb25fMRiI1PuH0AgiRXByb2plY3RzL3BvcGNoYXR2MDAyL2xvY2F0aW9ucy91cy1jZW50cmFsMS9mdW5jdGlvbnMvdGVzdEh0dHBGdW5jdGlvbioMCPOkiMMGENCd2b8BMghub2RlanMyMjp2CiNnY3IuaW8vZ2FlLXJ1bnRpbWVzL25vZGVqczIyOnN0YWJsZRJPdXMtY2VudHJhbDEtZG9ja2VyLnBrZy5kZXYvc2VydmVybGVzcy1ydW50aW1lcy9nb29nbGUtMjItZnVsbC9ydW50aW1lcy9ub2RlanMyMkAB for region us-central1
[debug] [2025-06-30T04:28:43.782Z] <<< [apiv2][status] GET https://cloudfunctions.googleapis.com/v2/projects/popchatv002/locations/us-central1/operations/operation-1751257720469-638c27656b729-c899d5b1-c4413bff 200
[debug] [2025-06-30T04:28:43.782Z] <<< [apiv2][body] GET https://cloudfunctions.googleapis.com/v2/projects/popchatv002/locations/us-central1/operations/operation-1751257720469-638c27656b729-c899d5b1-c4413bff {"name":"projects/popchatv002/locations/us-central1/operations/operation-1751257720469-638c27656b729-c899d5b1-c4413bff","metadata":{"@type":"type.googleapis.com/google.cloud.functions.v2.OperationMetadata","createTime":"2025-06-30T04:28:41.149278176Z","target":"projects/popchatv002/locations/us-central1/functions/sendHostToGroup","verb":"update","cancelRequested":false,"apiVersion":"v2","requestResource":{"@type":"type.googleapis.com/google.cloud.functions.v2.Function","name":"projects/popchatv002/locations/us-central1/functions/sendHostToGroup","buildConfig":{"runtime":"nodejs22","entryPoint":"sendHostToGroup","source":{"storageSource":{"bucket":"gcf-v2-sources-296369449480-us-central1","object":"sendHostToGroup/function-source.zip","generation":"1751257721098329"}},"environmentVariables":{"GOOGLE_NODE_RUN_SCRIPTS":""},"dockerRepository":"projects/popchatv002/locations/us-central1/repositories/gcf-artifacts","sourceProvenance":{"resolvedStorageSource":{"bucket":"gcf-v2-sources-296369449480-us-central1","object":"sendHostToGroup/function-source.zip","generation":"1751257099576409"}},"dockerRegistry":"ARTIFACT_REGISTRY","sourceToken":"Cldwcm9qZWN0cy8yOTYzNjk0NDk0ODAvbG9jYXRpb25zL3VzLWNlbnRyYWwxL2J1aWxkcy9kM2FhZjdlNS1hMWRkLTRjMWYtOGY0MC0xN2RmNDhlMTM1MzQSbHVzLWNlbnRyYWwxLWRvY2tlci5wa2cuZGV2L3BvcGNoYXR2MDAyL2djZi1hcnRpZmFjdHMvcG9wY2hhdHYwMDJfX3VzLS1jZW50cmFsMV9fdGVzdF9odHRwX2Z1bmN0aW9uOnZlcnNpb25fMRiI1PuH0AgiRXByb2plY3RzL3BvcGNoYXR2MDAyL2xvY2F0aW9ucy91cy1jZW50cmFsMS9mdW5jdGlvbnMvdGVzdEh0dHBGdW5jdGlvbioMCPOkiMMGENCd2b8BMghub2RlanMyMjp2CiNnY3IuaW8vZ2FlLXJ1bnRpbWVzL25vZGVqczIyOnN0YWJsZRJPdXMtY2VudHJhbDEtZG9ja2VyLnBrZy5kZXYvc2VydmVybGVzcy1ydW50aW1lcy9nb29nbGUtMjItZnVsbC9ydW50aW1lcy9ub2RlanMyMkAB","serviceAccount":"projects/popchatv002/serviceAccounts/296369449480-compute@developer.gserviceaccount.com","automaticUpdatePolicy":{}},"serviceConfig":{"service":"projects/popchatv002/locations/us-central1/services/sendhosttogroup","timeoutSeconds":60,"environmentVariables":{"FIREBASE_CONFIG":"{\"projectId\":\"popchatv002\",\"databaseURL\":\"https://popchatv002-default-rtdb.firebaseio.com\",\"storageBucket\":\"popchatv002.firebasestorage.app\"}","GCLOUD_PROJECT":"popchatv002","EVENTARC_CLOUD_EVENT_SOURCE":"projects/popchatv002/locations/us-central1/services/sendHostToGroup","FUNCTION_TARGET":"sendHostToGroup","LOG_EXECUTION_ID":"true","FUNCTION_SIGNATURE_TYPE":"http"},"ingressSettings":"ALLOW_ALL","uri":"https://sendhosttogroup-2zjil5azfa-uc.a.run.app","serviceAccountEmail":"296369449480-compute@developer.gserviceaccount.com","availableMemory":"256Mi","allTrafficOnLatestRevision":true,"revision":"sendhosttogroup-00023-viy","maxInstanceRequestConcurrency":80,"availableCpu":"1"},"state":"ACTIVE","labels":{"deployment-tool":"cli-firebase","firebase-functions-hash":"4fb95acf971fd44e46da4433b3dd2209ba159cb9"},"environment":"GEN_2","url":"https://us-central1-popchatv002.cloudfunctions.net/sendHostToGroup","satisfiesPzi":true},"stages":[{"name":"BUILD","message":"Reusing build","state":"COMPLETE","resource":"projects/296369449480/locations/us-central1/builds/d3aaf7e5-a1dd-4c1f-8f40-17df48e13534"},{"name":"SERVICE","message":"Updating Cloud Run service","state":"IN_PROGRESS","resource":"projects/popchatv002/locations/us-central1/services/sendhosttogroup","resourceUri":"https://console.cloud.google.com/run/detail/us-central1/sendhosttogroup?project=popchatv002","stateMessages":[{"severity":"INFO","type":"CloudRunServiceNewRevisionTrafficInfo","message":"A new revision will be deployed serving with 100% traffic."}]}],"sourceToken":"Cldwcm9qZWN0cy8yOTYzNjk0NDk0ODAvbG9jYXRpb25zL3VzLWNlbnRyYWwxL2J1aWxkcy9kM2FhZjdlNS1hMWRkLTRjMWYtOGY0MC0xN2RmNDhlMTM1MzQSbHVzLWNlbnRyYWwxLWRvY2tlci5wa2cuZGV2L3BvcGNoYXR2MDAyL2djZi1hcnRpZmFjdHMvcG9wY2hhdHYwMDJfX3VzLS1jZW50cmFsMV9fdGVzdF9odHRwX2Z1bmN0aW9uOnZlcnNpb25fMRiI1PuH0AgiRXByb2plY3RzL3BvcGNoYXR2MDAyL2xvY2F0aW9ucy91cy1jZW50cmFsMS9mdW5jdGlvbnMvdGVzdEh0dHBGdW5jdGlvbioMCPOkiMMGENCd2b8BMghub2RlanMyMjp2CiNnY3IuaW8vZ2FlLXJ1bnRpbWVzL25vZGVqczIyOnN0YWJsZRJPdXMtY2VudHJhbDEtZG9ja2VyLnBrZy5kZXYvc2VydmVybGVzcy1ydW50aW1lcy9nb29nbGUtMjItZnVsbC9ydW50aW1lcy9ub2RlanMyMkAB","operationType":"UPDATE_FUNCTION","buildName":"projects/296369449480/locations/us-central1/builds/d3aaf7e5-a1dd-4c1f-8f40-17df48e13534"},"done":false}
[debug] [2025-06-30T04:28:43.782Z] Got source token Cldwcm9qZWN0cy8yOTYzNjk0NDk0ODAvbG9jYXRpb25zL3VzLWNlbnRyYWwxL2J1aWxkcy9kM2FhZjdlNS1hMWRkLTRjMWYtOGY0MC0xN2RmNDhlMTM1MzQSbHVzLWNlbnRyYWwxLWRvY2tlci5wa2cuZGV2L3BvcGNoYXR2MDAyL2djZi1hcnRpZmFjdHMvcG9wY2hhdHYwMDJfX3VzLS1jZW50cmFsMV9fdGVzdF9odHRwX2Z1bmN0aW9uOnZlcnNpb25fMRiI1PuH0AgiRXByb2plY3RzL3BvcGNoYXR2MDAyL2xvY2F0aW9ucy91cy1jZW50cmFsMS9mdW5jdGlvbnMvdGVzdEh0dHBGdW5jdGlvbioMCPOkiMMGENCd2b8BMghub2RlanMyMjp2CiNnY3IuaW8vZ2FlLXJ1bnRpbWVzL25vZGVqczIyOnN0YWJsZRJPdXMtY2VudHJhbDEtZG9ja2VyLnBrZy5kZXYvc2VydmVybGVzcy1ydW50aW1lcy9nb29nbGUtMjItZnVsbC9ydW50aW1lcy9ub2RlanMyMkAB for region us-central1
[debug] [2025-06-30T04:28:43.811Z] <<< [apiv2][status] GET https://cloudfunctions.googleapis.com/v2/projects/popchatv002/locations/us-central1/operations/operation-1751257720466-638c27656aac6-c7a788ed-f3b01150 200
[debug] [2025-06-30T04:28:43.811Z] <<< [apiv2][body] GET https://cloudfunctions.googleapis.com/v2/projects/popchatv002/locations/us-central1/operations/operation-1751257720466-638c27656aac6-c7a788ed-f3b01150 {"name":"projects/popchatv002/locations/us-central1/operations/operation-1751257720466-638c27656aac6-c7a788ed-f3b01150","metadata":{"@type":"type.googleapis.com/google.cloud.functions.v2.OperationMetadata","createTime":"2025-06-30T04:28:41.164815608Z","target":"projects/popchatv002/locations/us-central1/functions/testScheduledFunction","verb":"update","cancelRequested":false,"apiVersion":"v2","requestResource":{"@type":"type.googleapis.com/google.cloud.functions.v2.Function","name":"projects/popchatv002/locations/us-central1/functions/testScheduledFunction","buildConfig":{"runtime":"nodejs22","entryPoint":"testScheduledFunction","source":{"storageSource":{"bucket":"gcf-v2-sources-296369449480-us-central1","object":"testScheduledFunction/function-source.zip","generation":"1751257721123130"}},"environmentVariables":{"GOOGLE_NODE_RUN_SCRIPTS":""},"dockerRepository":"projects/popchatv002/locations/us-central1/repositories/gcf-artifacts","sourceProvenance":{"resolvedStorageSource":{"bucket":"gcf-v2-sources-296369449480-us-central1","object":"testScheduledFunction/function-source.zip","generation":"1751257099559976"}},"dockerRegistry":"ARTIFACT_REGISTRY","sourceToken":"Cldwcm9qZWN0cy8yOTYzNjk0NDk0ODAvbG9jYXRpb25zL3VzLWNlbnRyYWwxL2J1aWxkcy9kM2FhZjdlNS1hMWRkLTRjMWYtOGY0MC0xN2RmNDhlMTM1MzQSbHVzLWNlbnRyYWwxLWRvY2tlci5wa2cuZGV2L3BvcGNoYXR2MDAyL2djZi1hcnRpZmFjdHMvcG9wY2hhdHYwMDJfX3VzLS1jZW50cmFsMV9fdGVzdF9odHRwX2Z1bmN0aW9uOnZlcnNpb25fMRiI1PuH0AgiRXByb2plY3RzL3BvcGNoYXR2MDAyL2xvY2F0aW9ucy91cy1jZW50cmFsMS9mdW5jdGlvbnMvdGVzdEh0dHBGdW5jdGlvbioMCPOkiMMGENCd2b8BMghub2RlanMyMjp2CiNnY3IuaW8vZ2FlLXJ1bnRpbWVzL25vZGVqczIyOnN0YWJsZRJPdXMtY2VudHJhbDEtZG9ja2VyLnBrZy5kZXYvc2VydmVybGVzcy1ydW50aW1lcy9nb29nbGUtMjItZnVsbC9ydW50aW1lcy9ub2RlanMyMkAB","serviceAccount":"projects/popchatv002/serviceAccounts/296369449480-compute@developer.gserviceaccount.com","automaticUpdatePolicy":{}},"serviceConfig":{"service":"projects/popchatv002/locations/us-central1/services/testscheduledfunction","timeoutSeconds":60,"environmentVariables":{"FIREBASE_CONFIG":"{\"projectId\":\"popchatv002\",\"databaseURL\":\"https://popchatv002-default-rtdb.firebaseio.com\",\"storageBucket\":\"popchatv002.firebasestorage.app\"}","GCLOUD_PROJECT":"popchatv002","EVENTARC_CLOUD_EVENT_SOURCE":"projects/popchatv002/locations/us-central1/services/testScheduledFunction","FUNCTION_TARGET":"testScheduledFunction","LOG_EXECUTION_ID":"true","FUNCTION_SIGNATURE_TYPE":"http"},"ingressSettings":"ALLOW_ALL","uri":"https://testscheduledfunction-2zjil5azfa-uc.a.run.app","serviceAccountEmail":"296369449480-compute@developer.gserviceaccount.com","availableMemory":"256Mi","allTrafficOnLatestRevision":true,"revision":"testscheduledfunction-00024-xin","maxInstanceRequestConcurrency":80,"availableCpu":"1"},"state":"ACTIVE","labels":{"deployment-tool":"cli-firebase","firebase-functions-hash":"4fb95acf971fd44e46da4433b3dd2209ba159cb9"},"environment":"GEN_2","url":"https://us-central1-popchatv002.cloudfunctions.net/testScheduledFunction","satisfiesPzi":true},"stages":[{"name":"BUILD","message":"Reusing build","state":"COMPLETE","resource":"projects/296369449480/locations/us-central1/builds/d3aaf7e5-a1dd-4c1f-8f40-17df48e13534"},{"name":"SERVICE","message":"Updating Cloud Run service","state":"IN_PROGRESS","resource":"projects/popchatv002/locations/us-central1/services/testscheduledfunction","resourceUri":"https://console.cloud.google.com/run/detail/us-central1/testscheduledfunction?project=popchatv002","stateMessages":[{"severity":"INFO","type":"CloudRunServiceNewRevisionTrafficInfo","message":"A new revision will be deployed serving with 100% traffic."}]}],"sourceToken":"Cldwcm9qZWN0cy8yOTYzNjk0NDk0ODAvbG9jYXRpb25zL3VzLWNlbnRyYWwxL2J1aWxkcy9kM2FhZjdlNS1hMWRkLTRjMWYtOGY0MC0xN2RmNDhlMTM1MzQSbHVzLWNlbnRyYWwxLWRvY2tlci5wa2cuZGV2L3BvcGNoYXR2MDAyL2djZi1hcnRpZmFjdHMvcG9wY2hhdHYwMDJfX3VzLS1jZW50cmFsMV9fdGVzdF9odHRwX2Z1bmN0aW9uOnZlcnNpb25fMRiI1PuH0AgiRXByb2plY3RzL3BvcGNoYXR2MDAyL2xvY2F0aW9ucy91cy1jZW50cmFsMS9mdW5jdGlvbnMvdGVzdEh0dHBGdW5jdGlvbioMCPOkiMMGENCd2b8BMghub2RlanMyMjp2CiNnY3IuaW8vZ2FlLXJ1bnRpbWVzL25vZGVqczIyOnN0YWJsZRJPdXMtY2VudHJhbDEtZG9ja2VyLnBrZy5kZXYvc2VydmVybGVzcy1ydW50aW1lcy9nb29nbGUtMjItZnVsbC9ydW50aW1lcy9ub2RlanMyMkAB","operationType":"UPDATE_FUNCTION","buildName":"projects/296369449480/locations/us-central1/builds/d3aaf7e5-a1dd-4c1f-8f40-17df48e13534"},"done":false}
[debug] [2025-06-30T04:28:43.811Z] Got source token Cldwcm9qZWN0cy8yOTYzNjk0NDk0ODAvbG9jYXRpb25zL3VzLWNlbnRyYWwxL2J1aWxkcy9kM2FhZjdlNS1hMWRkLTRjMWYtOGY0MC0xN2RmNDhlMTM1MzQSbHVzLWNlbnRyYWwxLWRvY2tlci5wa2cuZGV2L3BvcGNoYXR2MDAyL2djZi1hcnRpZmFjdHMvcG9wY2hhdHYwMDJfX3VzLS1jZW50cmFsMV9fdGVzdF9odHRwX2Z1bmN0aW9uOnZlcnNpb25fMRiI1PuH0AgiRXByb2plY3RzL3BvcGNoYXR2MDAyL2xvY2F0aW9ucy91cy1jZW50cmFsMS9mdW5jdGlvbnMvdGVzdEh0dHBGdW5jdGlvbioMCPOkiMMGENCd2b8BMghub2RlanMyMjp2CiNnY3IuaW8vZ2FlLXJ1bnRpbWVzL25vZGVqczIyOnN0YWJsZRJPdXMtY2VudHJhbDEtZG9ja2VyLnBrZy5kZXYvc2VydmVybGVzcy1ydW50aW1lcy9nb29nbGUtMjItZnVsbC9ydW50aW1lcy9ub2RlanMyMkAB for region us-central1
[debug] [2025-06-30T04:28:43.818Z] <<< [apiv2][status] GET https://cloudfunctions.googleapis.com/v2/projects/popchatv002/locations/us-central1/operations/operation-1751257720430-638c276561e9c-985cfb27-d7e3892a 200
[debug] [2025-06-30T04:28:43.818Z] <<< [apiv2][body] GET https://cloudfunctions.googleapis.com/v2/projects/popchatv002/locations/us-central1/operations/operation-1751257720430-638c276561e9c-985cfb27-d7e3892a {"name":"projects/popchatv002/locations/us-central1/operations/operation-1751257720430-638c276561e9c-985cfb27-d7e3892a","metadata":{"@type":"type.googleapis.com/google.cloud.functions.v2.OperationMetadata","createTime":"2025-06-30T04:28:41.200534349Z","target":"projects/popchatv002/locations/us-central1/functions/trackUserSessionCreate","verb":"update","cancelRequested":false,"apiVersion":"v2","requestResource":{"@type":"type.googleapis.com/google.cloud.functions.v2.Function","name":"projects/popchatv002/locations/us-central1/functions/trackUserSessionCreate","buildConfig":{"runtime":"nodejs22","entryPoint":"trackUserSessionCreate","source":{"storageSource":{"bucket":"gcf-v2-sources-296369449480-us-central1","object":"trackUserSessionCreate/function-source.zip","generation":"1751257721148371"}},"environmentVariables":{"GOOGLE_NODE_RUN_SCRIPTS":""},"dockerRepository":"projects/popchatv002/locations/us-central1/repositories/gcf-artifacts","sourceProvenance":{"resolvedStorageSource":{"bucket":"gcf-v2-sources-296369449480-us-central1","object":"trackUserSessionCreate/function-source.zip","generation":"1751257099505409"}},"dockerRegistry":"ARTIFACT_REGISTRY","sourceToken":"Cldwcm9qZWN0cy8yOTYzNjk0NDk0ODAvbG9jYXRpb25zL3VzLWNlbnRyYWwxL2J1aWxkcy9kM2FhZjdlNS1hMWRkLTRjMWYtOGY0MC0xN2RmNDhlMTM1MzQSbHVzLWNlbnRyYWwxLWRvY2tlci5wa2cuZGV2L3BvcGNoYXR2MDAyL2djZi1hcnRpZmFjdHMvcG9wY2hhdHYwMDJfX3VzLS1jZW50cmFsMV9fdGVzdF9odHRwX2Z1bmN0aW9uOnZlcnNpb25fMRiI1PuH0AgiRXByb2plY3RzL3BvcGNoYXR2MDAyL2xvY2F0aW9ucy91cy1jZW50cmFsMS9mdW5jdGlvbnMvdGVzdEh0dHBGdW5jdGlvbioMCPOkiMMGENCd2b8BMghub2RlanMyMjp2CiNnY3IuaW8vZ2FlLXJ1bnRpbWVzL25vZGVqczIyOnN0YWJsZRJPdXMtY2VudHJhbDEtZG9ja2VyLnBrZy5kZXYvc2VydmVybGVzcy1ydW50aW1lcy9nb29nbGUtMjItZnVsbC9ydW50aW1lcy9ub2RlanMyMkAB","serviceAccount":"projects/popchatv002/serviceAccounts/296369449480-compute@developer.gserviceaccount.com","automaticUpdatePolicy":{}},"serviceConfig":{"service":"projects/popchatv002/locations/us-central1/services/trackusersessioncreate","timeoutSeconds":60,"environmentVariables":{"FIREBASE_CONFIG":"{\"projectId\":\"popchatv002\",\"databaseURL\":\"https://popchatv002-default-rtdb.firebaseio.com\",\"storageBucket\":\"popchatv002.firebasestorage.app\"}","GCLOUD_PROJECT":"popchatv002","EVENTARC_CLOUD_EVENT_SOURCE":"projects/popchatv002/locations/us-central1/services/trackUserSessionCreate","FUNCTION_SIGNATURE_TYPE":"cloudevent","FUNCTION_TARGET":"trackUserSessionCreate","LOG_EXECUTION_ID":"true"},"ingressSettings":"ALLOW_ALL","uri":"https://trackusersessioncreate-2zjil5azfa-uc.a.run.app","serviceAccountEmail":"296369449480-compute@developer.gserviceaccount.com","availableMemory":"256Mi","allTrafficOnLatestRevision":true,"revision":"trackusersessioncreate-00028-bey","maxInstanceRequestConcurrency":80,"availableCpu":"1"},"eventTrigger":{"trigger":"projects/popchatv002/locations/us-central1/triggers/trackusersessioncreate-981783","triggerRegion":"us-central1","eventType":"google.firebase.database.ref.v1.created","eventFilters":[{"attribute":"ref","value":"status/{userId}","operator":"match-path-pattern"},{"attribute":"instance","value":"*","operator":"match-path-pattern"}],"pubsubTopic":"projects/popchatv002/topics/eventarc-us-central1-trackusersessioncreate-981783-499","serviceAccountEmail":"296369449480-compute@developer.gserviceaccount.com","retryPolicy":"RETRY_POLICY_DO_NOT_RETRY"},"state":"ACTIVE","labels":{"deployment-tool":"cli-firebase","firebase-functions-hash":"4fb95acf971fd44e46da4433b3dd2209ba159cb9"},"environment":"GEN_2","url":"https://us-central1-popchatv002.cloudfunctions.net/trackUserSessionCreate","satisfiesPzi":true},"stages":[{"name":"BUILD","message":"Reusing build","state":"COMPLETE","resource":"projects/296369449480/locations/us-central1/builds/d3aaf7e5-a1dd-4c1f-8f40-17df48e13534"},{"name":"SERVICE","message":"Updating Cloud Run service","state":"IN_PROGRESS","resource":"projects/popchatv002/locations/us-central1/services/trackusersessioncreate","resourceUri":"https://console.cloud.google.com/run/detail/us-central1/trackusersessioncreate?project=popchatv002","stateMessages":[{"severity":"INFO","type":"CloudRunServiceNewRevisionTrafficInfo","message":"A new revision will be deployed serving with 100% traffic."}]},{"name":"TRIGGER","state":"NOT_STARTED"}],"sourceToken":"Cldwcm9qZWN0cy8yOTYzNjk0NDk0ODAvbG9jYXRpb25zL3VzLWNlbnRyYWwxL2J1aWxkcy9kM2FhZjdlNS1hMWRkLTRjMWYtOGY0MC0xN2RmNDhlMTM1MzQSbHVzLWNlbnRyYWwxLWRvY2tlci5wa2cuZGV2L3BvcGNoYXR2MDAyL2djZi1hcnRpZmFjdHMvcG9wY2hhdHYwMDJfX3VzLS1jZW50cmFsMV9fdGVzdF9odHRwX2Z1bmN0aW9uOnZlcnNpb25fMRiI1PuH0AgiRXByb2plY3RzL3BvcGNoYXR2MDAyL2xvY2F0aW9ucy91cy1jZW50cmFsMS9mdW5jdGlvbnMvdGVzdEh0dHBGdW5jdGlvbioMCPOkiMMGENCd2b8BMghub2RlanMyMjp2CiNnY3IuaW8vZ2FlLXJ1bnRpbWVzL25vZGVqczIyOnN0YWJsZRJPdXMtY2VudHJhbDEtZG9ja2VyLnBrZy5kZXYvc2VydmVybGVzcy1ydW50aW1lcy9nb29nbGUtMjItZnVsbC9ydW50aW1lcy9ub2RlanMyMkAB","operationType":"UPDATE_FUNCTION","buildName":"projects/296369449480/locations/us-central1/builds/d3aaf7e5-a1dd-4c1f-8f40-17df48e13534"},"done":false}
[debug] [2025-06-30T04:28:43.818Z] Got source token Cldwcm9qZWN0cy8yOTYzNjk0NDk0ODAvbG9jYXRpb25zL3VzLWNlbnRyYWwxL2J1aWxkcy9kM2FhZjdlNS1hMWRkLTRjMWYtOGY0MC0xN2RmNDhlMTM1MzQSbHVzLWNlbnRyYWwxLWRvY2tlci5wa2cuZGV2L3BvcGNoYXR2MDAyL2djZi1hcnRpZmFjdHMvcG9wY2hhdHYwMDJfX3VzLS1jZW50cmFsMV9fdGVzdF9odHRwX2Z1bmN0aW9uOnZlcnNpb25fMRiI1PuH0AgiRXByb2plY3RzL3BvcGNoYXR2MDAyL2xvY2F0aW9ucy91cy1jZW50cmFsMS9mdW5jdGlvbnMvdGVzdEh0dHBGdW5jdGlvbioMCPOkiMMGENCd2b8BMghub2RlanMyMjp2CiNnY3IuaW8vZ2FlLXJ1bnRpbWVzL25vZGVqczIyOnN0YWJsZRJPdXMtY2VudHJhbDEtZG9ja2VyLnBrZy5kZXYvc2VydmVybGVzcy1ydW50aW1lcy9nb29nbGUtMjItZnVsbC9ydW50aW1lcy9ub2RlanMyMkAB for region us-central1
[debug] [2025-06-30T04:28:43.826Z] <<< [apiv2][status] GET https://cloudfunctions.googleapis.com/v2/projects/popchatv002/locations/us-central1/operations/operation-1751257720431-638c2765623ef-1d50ed9e-7f2e316b 200
[debug] [2025-06-30T04:28:43.827Z] <<< [apiv2][body] GET https://cloudfunctions.googleapis.com/v2/projects/popchatv002/locations/us-central1/operations/operation-1751257720431-638c2765623ef-1d50ed9e-7f2e316b {"name":"projects/popchatv002/locations/us-central1/operations/operation-1751257720431-638c2765623ef-1d50ed9e-7f2e316b","metadata":{"@type":"type.googleapis.com/google.cloud.functions.v2.OperationMetadata","createTime":"2025-06-30T04:28:41.206328431Z","target":"projects/popchatv002/locations/us-central1/functions/trackUserSessionDelete","verb":"update","cancelRequested":false,"apiVersion":"v2","requestResource":{"@type":"type.googleapis.com/google.cloud.functions.v2.Function","name":"projects/popchatv002/locations/us-central1/functions/trackUserSessionDelete","buildConfig":{"runtime":"nodejs22","entryPoint":"trackUserSessionDelete","source":{"storageSource":{"bucket":"gcf-v2-sources-296369449480-us-central1","object":"trackUserSessionDelete/function-source.zip","generation":"1751257721149279"}},"environmentVariables":{"GOOGLE_NODE_RUN_SCRIPTS":""},"dockerRepository":"projects/popchatv002/locations/us-central1/repositories/gcf-artifacts","sourceProvenance":{"resolvedStorageSource":{"bucket":"gcf-v2-sources-296369449480-us-central1","object":"trackUserSessionDelete/function-source.zip","generation":"1751257099512193"}},"dockerRegistry":"ARTIFACT_REGISTRY","sourceToken":"Cldwcm9qZWN0cy8yOTYzNjk0NDk0ODAvbG9jYXRpb25zL3VzLWNlbnRyYWwxL2J1aWxkcy9kM2FhZjdlNS1hMWRkLTRjMWYtOGY0MC0xN2RmNDhlMTM1MzQSbHVzLWNlbnRyYWwxLWRvY2tlci5wa2cuZGV2L3BvcGNoYXR2MDAyL2djZi1hcnRpZmFjdHMvcG9wY2hhdHYwMDJfX3VzLS1jZW50cmFsMV9fdGVzdF9odHRwX2Z1bmN0aW9uOnZlcnNpb25fMRiI1PuH0AgiRXByb2plY3RzL3BvcGNoYXR2MDAyL2xvY2F0aW9ucy91cy1jZW50cmFsMS9mdW5jdGlvbnMvdGVzdEh0dHBGdW5jdGlvbioMCPOkiMMGENCd2b8BMghub2RlanMyMjp2CiNnY3IuaW8vZ2FlLXJ1bnRpbWVzL25vZGVqczIyOnN0YWJsZRJPdXMtY2VudHJhbDEtZG9ja2VyLnBrZy5kZXYvc2VydmVybGVzcy1ydW50aW1lcy9nb29nbGUtMjItZnVsbC9ydW50aW1lcy9ub2RlanMyMkAB","serviceAccount":"projects/popchatv002/serviceAccounts/296369449480-compute@developer.gserviceaccount.com","automaticUpdatePolicy":{}},"serviceConfig":{"service":"projects/popchatv002/locations/us-central1/services/trackusersessiondelete","timeoutSeconds":60,"environmentVariables":{"FIREBASE_CONFIG":"{\"projectId\":\"popchatv002\",\"databaseURL\":\"https://popchatv002-default-rtdb.firebaseio.com\",\"storageBucket\":\"popchatv002.firebasestorage.app\"}","GCLOUD_PROJECT":"popchatv002","EVENTARC_CLOUD_EVENT_SOURCE":"projects/popchatv002/locations/us-central1/services/trackUserSessionDelete","FUNCTION_SIGNATURE_TYPE":"cloudevent","FUNCTION_TARGET":"trackUserSessionDelete","LOG_EXECUTION_ID":"true"},"ingressSettings":"ALLOW_ALL","uri":"https://trackusersessiondelete-2zjil5azfa-uc.a.run.app","serviceAccountEmail":"296369449480-compute@developer.gserviceaccount.com","availableMemory":"256Mi","allTrafficOnLatestRevision":true,"revision":"trackusersessiondelete-00029-boj","maxInstanceRequestConcurrency":80,"availableCpu":"1"},"eventTrigger":{"trigger":"projects/popchatv002/locations/us-central1/triggers/trackusersessiondelete-166122","triggerRegion":"us-central1","eventType":"google.firebase.database.ref.v1.deleted","eventFilters":[{"attribute":"ref","value":"status/{userId}","operator":"match-path-pattern"},{"attribute":"instance","value":"*","operator":"match-path-pattern"}],"pubsubTopic":"projects/popchatv002/topics/eventarc-us-central1-trackusersessiondelete-166122-935","serviceAccountEmail":"296369449480-compute@developer.gserviceaccount.com","retryPolicy":"RETRY_POLICY_DO_NOT_RETRY"},"state":"ACTIVE","labels":{"deployment-tool":"cli-firebase","firebase-functions-hash":"4fb95acf971fd44e46da4433b3dd2209ba159cb9"},"environment":"GEN_2","url":"https://us-central1-popchatv002.cloudfunctions.net/trackUserSessionDelete","satisfiesPzi":true},"stages":[{"name":"BUILD","message":"Reusing build","state":"COMPLETE","resource":"projects/296369449480/locations/us-central1/builds/d3aaf7e5-a1dd-4c1f-8f40-17df48e13534"},{"name":"SERVICE","message":"Updating Cloud Run service","state":"IN_PROGRESS","resource":"projects/popchatv002/locations/us-central1/services/trackusersessiondelete","resourceUri":"https://console.cloud.google.com/run/detail/us-central1/trackusersessiondelete?project=popchatv002","stateMessages":[{"severity":"INFO","type":"CloudRunServiceNewRevisionTrafficInfo","message":"A new revision will be deployed serving with 100% traffic."}]},{"name":"TRIGGER","state":"NOT_STARTED"}],"sourceToken":"Cldwcm9qZWN0cy8yOTYzNjk0NDk0ODAvbG9jYXRpb25zL3VzLWNlbnRyYWwxL2J1aWxkcy9kM2FhZjdlNS1hMWRkLTRjMWYtOGY0MC0xN2RmNDhlMTM1MzQSbHVzLWNlbnRyYWwxLWRvY2tlci5wa2cuZGV2L3BvcGNoYXR2MDAyL2djZi1hcnRpZmFjdHMvcG9wY2hhdHYwMDJfX3VzLS1jZW50cmFsMV9fdGVzdF9odHRwX2Z1bmN0aW9uOnZlcnNpb25fMRiI1PuH0AgiRXByb2plY3RzL3BvcGNoYXR2MDAyL2xvY2F0aW9ucy91cy1jZW50cmFsMS9mdW5jdGlvbnMvdGVzdEh0dHBGdW5jdGlvbioMCPOkiMMGENCd2b8BMghub2RlanMyMjp2CiNnY3IuaW8vZ2FlLXJ1bnRpbWVzL25vZGVqczIyOnN0YWJsZRJPdXMtY2VudHJhbDEtZG9ja2VyLnBrZy5kZXYvc2VydmVybGVzcy1ydW50aW1lcy9nb29nbGUtMjItZnVsbC9ydW50aW1lcy9ub2RlanMyMkAB","operationType":"UPDATE_FUNCTION","buildName":"projects/296369449480/locations/us-central1/builds/d3aaf7e5-a1dd-4c1f-8f40-17df48e13534"},"done":false}
[debug] [2025-06-30T04:28:43.827Z] Got source token Cldwcm9qZWN0cy8yOTYzNjk0NDk0ODAvbG9jYXRpb25zL3VzLWNlbnRyYWwxL2J1aWxkcy9kM2FhZjdlNS1hMWRkLTRjMWYtOGY0MC0xN2RmNDhlMTM1MzQSbHVzLWNlbnRyYWwxLWRvY2tlci5wa2cuZGV2L3BvcGNoYXR2MDAyL2djZi1hcnRpZmFjdHMvcG9wY2hhdHYwMDJfX3VzLS1jZW50cmFsMV9fdGVzdF9odHRwX2Z1bmN0aW9uOnZlcnNpb25fMRiI1PuH0AgiRXByb2plY3RzL3BvcGNoYXR2MDAyL2xvY2F0aW9ucy91cy1jZW50cmFsMS9mdW5jdGlvbnMvdGVzdEh0dHBGdW5jdGlvbioMCPOkiMMGENCd2b8BMghub2RlanMyMjp2CiNnY3IuaW8vZ2FlLXJ1bnRpbWVzL25vZGVqczIyOnN0YWJsZRJPdXMtY2VudHJhbDEtZG9ja2VyLnBrZy5kZXYvc2VydmVybGVzcy1ydW50aW1lcy9nb29nbGUtMjItZnVsbC9ydW50aW1lcy9ub2RlanMyMkAB for region us-central1
[debug] [2025-06-30T04:28:43.851Z] <<< [apiv2][status] GET https://cloudfunctions.googleapis.com/v2/projects/popchatv002/locations/us-central1/operations/operation-1751257720432-638c276562868-2f15351f-4544f374 200
[debug] [2025-06-30T04:28:43.851Z] <<< [apiv2][body] GET https://cloudfunctions.googleapis.com/v2/projects/popchatv002/locations/us-central1/operations/operation-1751257720432-638c276562868-2f15351f-4544f374 {"name":"projects/popchatv002/locations/us-central1/operations/operation-1751257720432-638c276562868-2f15351f-4544f374","metadata":{"@type":"type.googleapis.com/google.cloud.functions.v2.OperationMetadata","createTime":"2025-06-30T04:28:41.212843466Z","target":"projects/popchatv002/locations/us-central1/functions/addUserStatus","verb":"update","cancelRequested":false,"apiVersion":"v2","requestResource":{"@type":"type.googleapis.com/google.cloud.functions.v2.Function","name":"projects/popchatv002/locations/us-central1/functions/addUserStatus","buildConfig":{"runtime":"nodejs22","entryPoint":"addUserStatus","source":{"storageSource":{"bucket":"gcf-v2-sources-296369449480-us-central1","object":"addUserStatus/function-source.zip","generation":"1751257721123503"}},"environmentVariables":{"GOOGLE_NODE_RUN_SCRIPTS":""},"dockerRepository":"projects/popchatv002/locations/us-central1/repositories/gcf-artifacts","sourceProvenance":{"resolvedStorageSource":{"bucket":"gcf-v2-sources-296369449480-us-central1","object":"addUserStatus/function-source.zip","generation":"1751257099523851"}},"dockerRegistry":"ARTIFACT_REGISTRY","sourceToken":"Cldwcm9qZWN0cy8yOTYzNjk0NDk0ODAvbG9jYXRpb25zL3VzLWNlbnRyYWwxL2J1aWxkcy9kM2FhZjdlNS1hMWRkLTRjMWYtOGY0MC0xN2RmNDhlMTM1MzQSbHVzLWNlbnRyYWwxLWRvY2tlci5wa2cuZGV2L3BvcGNoYXR2MDAyL2djZi1hcnRpZmFjdHMvcG9wY2hhdHYwMDJfX3VzLS1jZW50cmFsMV9fdGVzdF9odHRwX2Z1bmN0aW9uOnZlcnNpb25fMRiI1PuH0AgiRXByb2plY3RzL3BvcGNoYXR2MDAyL2xvY2F0aW9ucy91cy1jZW50cmFsMS9mdW5jdGlvbnMvdGVzdEh0dHBGdW5jdGlvbioMCPOkiMMGENCd2b8BMghub2RlanMyMjp2CiNnY3IuaW8vZ2FlLXJ1bnRpbWVzL25vZGVqczIyOnN0YWJsZRJPdXMtY2VudHJhbDEtZG9ja2VyLnBrZy5kZXYvc2VydmVybGVzcy1ydW50aW1lcy9nb29nbGUtMjItZnVsbC9ydW50aW1lcy9ub2RlanMyMkAB","serviceAccount":"projects/popchatv002/serviceAccounts/296369449480-compute@developer.gserviceaccount.com","automaticUpdatePolicy":{}},"serviceConfig":{"service":"projects/popchatv002/locations/us-central1/services/adduserstatus","timeoutSeconds":60,"environmentVariables":{"FIREBASE_CONFIG":"{\"projectId\":\"popchatv002\",\"databaseURL\":\"https://popchatv002-default-rtdb.firebaseio.com\",\"storageBucket\":\"popchatv002.firebasestorage.app\"}","GCLOUD_PROJECT":"popchatv002","EVENTARC_CLOUD_EVENT_SOURCE":"projects/popchatv002/locations/us-central1/services/addUserStatus","FUNCTION_TARGET":"addUserStatus","LOG_EXECUTION_ID":"true","FUNCTION_SIGNATURE_TYPE":"http"},"ingressSettings":"ALLOW_ALL","uri":"https://adduserstatus-2zjil5azfa-uc.a.run.app","serviceAccountEmail":"296369449480-compute@developer.gserviceaccount.com","availableMemory":"256Mi","allTrafficOnLatestRevision":true,"revision":"adduserstatus-00026-fix","maxInstanceRequestConcurrency":80,"availableCpu":"1"},"state":"ACTIVE","labels":{"deployment-tool":"cli-firebase","firebase-functions-hash":"4fb95acf971fd44e46da4433b3dd2209ba159cb9"},"environment":"GEN_2","url":"https://us-central1-popchatv002.cloudfunctions.net/addUserStatus","satisfiesPzi":true},"stages":[{"name":"BUILD","message":"Reusing build","state":"COMPLETE","resource":"projects/296369449480/locations/us-central1/builds/d3aaf7e5-a1dd-4c1f-8f40-17df48e13534"},{"name":"SERVICE","message":"Updating Cloud Run service","state":"IN_PROGRESS","resource":"projects/popchatv002/locations/us-central1/services/adduserstatus","resourceUri":"https://console.cloud.google.com/run/detail/us-central1/adduserstatus?project=popchatv002","stateMessages":[{"severity":"INFO","type":"CloudRunServiceNewRevisionTrafficInfo","message":"A new revision will be deployed serving with 100% traffic."}]}],"sourceToken":"Cldwcm9qZWN0cy8yOTYzNjk0NDk0ODAvbG9jYXRpb25zL3VzLWNlbnRyYWwxL2J1aWxkcy9kM2FhZjdlNS1hMWRkLTRjMWYtOGY0MC0xN2RmNDhlMTM1MzQSbHVzLWNlbnRyYWwxLWRvY2tlci5wa2cuZGV2L3BvcGNoYXR2MDAyL2djZi1hcnRpZmFjdHMvcG9wY2hhdHYwMDJfX3VzLS1jZW50cmFsMV9fdGVzdF9odHRwX2Z1bmN0aW9uOnZlcnNpb25fMRiI1PuH0AgiRXByb2plY3RzL3BvcGNoYXR2MDAyL2xvY2F0aW9ucy91cy1jZW50cmFsMS9mdW5jdGlvbnMvdGVzdEh0dHBGdW5jdGlvbioMCPOkiMMGENCd2b8BMghub2RlanMyMjp2CiNnY3IuaW8vZ2FlLXJ1bnRpbWVzL25vZGVqczIyOnN0YWJsZRJPdXMtY2VudHJhbDEtZG9ja2VyLnBrZy5kZXYvc2VydmVybGVzcy1ydW50aW1lcy9nb29nbGUtMjItZnVsbC9ydW50aW1lcy9ub2RlanMyMkAB","operationType":"UPDATE_FUNCTION","buildName":"projects/296369449480/locations/us-central1/builds/d3aaf7e5-a1dd-4c1f-8f40-17df48e13534"},"done":false}
[debug] [2025-06-30T04:28:43.851Z] Got source token Cldwcm9qZWN0cy8yOTYzNjk0NDk0ODAvbG9jYXRpb25zL3VzLWNlbnRyYWwxL2J1aWxkcy9kM2FhZjdlNS1hMWRkLTRjMWYtOGY0MC0xN2RmNDhlMTM1MzQSbHVzLWNlbnRyYWwxLWRvY2tlci5wa2cuZGV2L3BvcGNoYXR2MDAyL2djZi1hcnRpZmFjdHMvcG9wY2hhdHYwMDJfX3VzLS1jZW50cmFsMV9fdGVzdF9odHRwX2Z1bmN0aW9uOnZlcnNpb25fMRiI1PuH0AgiRXByb2plY3RzL3BvcGNoYXR2MDAyL2xvY2F0aW9ucy91cy1jZW50cmFsMS9mdW5jdGlvbnMvdGVzdEh0dHBGdW5jdGlvbioMCPOkiMMGENCd2b8BMghub2RlanMyMjp2CiNnY3IuaW8vZ2FlLXJ1bnRpbWVzL25vZGVqczIyOnN0YWJsZRJPdXMtY2VudHJhbDEtZG9ja2VyLnBrZy5kZXYvc2VydmVybGVzcy1ydW50aW1lcy9nb29nbGUtMjItZnVsbC9ydW50aW1lcy9ub2RlanMyMkAB for region us-central1
[debug] [2025-06-30T04:28:43.974Z] <<< [apiv2][status] GET https://cloudfunctions.googleapis.com/v2/projects/popchatv002/locations/us-central1/operations/operation-1751257720468-638c27656b449-f90f96cc-332f62ae 200
[debug] [2025-06-30T04:28:43.974Z] <<< [apiv2][body] GET https://cloudfunctions.googleapis.com/v2/projects/popchatv002/locations/us-central1/operations/operation-1751257720468-638c27656b449-f90f96cc-332f62ae {"name":"projects/popchatv002/locations/us-central1/operations/operation-1751257720468-638c27656b449-f90f96cc-332f62ae","metadata":{"@type":"type.googleapis.com/google.cloud.functions.v2.OperationMetadata","createTime":"2025-06-30T04:28:41.321902137Z","target":"projects/popchatv002/locations/us-central1/functions/scheduledRandomUserMedia","verb":"update","cancelRequested":false,"apiVersion":"v2","requestResource":{"@type":"type.googleapis.com/google.cloud.functions.v2.Function","name":"projects/popchatv002/locations/us-central1/functions/scheduledRandomUserMedia","buildConfig":{"runtime":"nodejs22","entryPoint":"scheduledRandomUserMedia","source":{"storageSource":{"bucket":"gcf-v2-sources-296369449480-us-central1","object":"scheduledRandomUserMedia/function-source.zip","generation":"1751257721266112"}},"environmentVariables":{"GOOGLE_NODE_RUN_SCRIPTS":""},"dockerRepository":"projects/popchatv002/locations/us-central1/repositories/gcf-artifacts","sourceProvenance":{"resolvedStorageSource":{"bucket":"gcf-v2-sources-296369449480-us-central1","object":"scheduledRandomUserMedia/function-source.zip","generation":"1751257099544726"}},"dockerRegistry":"ARTIFACT_REGISTRY","sourceToken":"Cldwcm9qZWN0cy8yOTYzNjk0NDk0ODAvbG9jYXRpb25zL3VzLWNlbnRyYWwxL2J1aWxkcy9kM2FhZjdlNS1hMWRkLTRjMWYtOGY0MC0xN2RmNDhlMTM1MzQSbHVzLWNlbnRyYWwxLWRvY2tlci5wa2cuZGV2L3BvcGNoYXR2MDAyL2djZi1hcnRpZmFjdHMvcG9wY2hhdHYwMDJfX3VzLS1jZW50cmFsMV9fdGVzdF9odHRwX2Z1bmN0aW9uOnZlcnNpb25fMRiI1PuH0AgiRXByb2plY3RzL3BvcGNoYXR2MDAyL2xvY2F0aW9ucy91cy1jZW50cmFsMS9mdW5jdGlvbnMvdGVzdEh0dHBGdW5jdGlvbioMCPOkiMMGENCd2b8BMghub2RlanMyMjp2CiNnY3IuaW8vZ2FlLXJ1bnRpbWVzL25vZGVqczIyOnN0YWJsZRJPdXMtY2VudHJhbDEtZG9ja2VyLnBrZy5kZXYvc2VydmVybGVzcy1ydW50aW1lcy9nb29nbGUtMjItZnVsbC9ydW50aW1lcy9ub2RlanMyMkAB","serviceAccount":"projects/popchatv002/serviceAccounts/296369449480-compute@developer.gserviceaccount.com","automaticUpdatePolicy":{}},"serviceConfig":{"service":"projects/popchatv002/locations/us-central1/services/scheduledrandomusermedia","timeoutSeconds":60,"environmentVariables":{"FIREBASE_CONFIG":"{\"projectId\":\"popchatv002\",\"databaseURL\":\"https://popchatv002-default-rtdb.firebaseio.com\",\"storageBucket\":\"popchatv002.firebasestorage.app\"}","GCLOUD_PROJECT":"popchatv002","EVENTARC_CLOUD_EVENT_SOURCE":"projects/popchatv002/locations/us-central1/services/scheduledRandomUserMedia","FUNCTION_TARGET":"scheduledRandomUserMedia","LOG_EXECUTION_ID":"true","FUNCTION_SIGNATURE_TYPE":"http"},"ingressSettings":"ALLOW_ALL","uri":"https://scheduledrandomusermedia-2zjil5azfa-uc.a.run.app","serviceAccountEmail":"296369449480-compute@developer.gserviceaccount.com","availableMemory":"256Mi","allTrafficOnLatestRevision":true,"revision":"scheduledrandomusermedia-00026-jex","maxInstanceRequestConcurrency":80,"availableCpu":"1"},"state":"ACTIVE","labels":{"deployment-tool":"cli-firebase","deployment-scheduled":"true","firebase-functions-hash":"4fb95acf971fd44e46da4433b3dd2209ba159cb9"},"environment":"GEN_2","url":"https://us-central1-popchatv002.cloudfunctions.net/scheduledRandomUserMedia","satisfiesPzi":true},"stages":[{"name":"BUILD","message":"Reusing build","state":"COMPLETE","resource":"projects/296369449480/locations/us-central1/builds/d3aaf7e5-a1dd-4c1f-8f40-17df48e13534"},{"name":"SERVICE","message":"Updating Cloud Run service","state":"IN_PROGRESS","resource":"projects/popchatv002/locations/us-central1/services/scheduledrandomusermedia","resourceUri":"https://console.cloud.google.com/run/detail/us-central1/scheduledrandomusermedia?project=popchatv002","stateMessages":[{"severity":"INFO","type":"CloudRunServiceNewRevisionTrafficInfo","message":"A new revision will be deployed serving with 100% traffic."}]}],"sourceToken":"Cldwcm9qZWN0cy8yOTYzNjk0NDk0ODAvbG9jYXRpb25zL3VzLWNlbnRyYWwxL2J1aWxkcy9kM2FhZjdlNS1hMWRkLTRjMWYtOGY0MC0xN2RmNDhlMTM1MzQSbHVzLWNlbnRyYWwxLWRvY2tlci5wa2cuZGV2L3BvcGNoYXR2MDAyL2djZi1hcnRpZmFjdHMvcG9wY2hhdHYwMDJfX3VzLS1jZW50cmFsMV9fdGVzdF9odHRwX2Z1bmN0aW9uOnZlcnNpb25fMRiI1PuH0AgiRXByb2plY3RzL3BvcGNoYXR2MDAyL2xvY2F0aW9ucy91cy1jZW50cmFsMS9mdW5jdGlvbnMvdGVzdEh0dHBGdW5jdGlvbioMCPOkiMMGENCd2b8BMghub2RlanMyMjp2CiNnY3IuaW8vZ2FlLXJ1bnRpbWVzL25vZGVqczIyOnN0YWJsZRJPdXMtY2VudHJhbDEtZG9ja2VyLnBrZy5kZXYvc2VydmVybGVzcy1ydW50aW1lcy9nb29nbGUtMjItZnVsbC9ydW50aW1lcy9ub2RlanMyMkAB","operationType":"UPDATE_FUNCTION","buildName":"projects/296369449480/locations/us-central1/builds/d3aaf7e5-a1dd-4c1f-8f40-17df48e13534"},"done":false}
[debug] [2025-06-30T04:28:43.974Z] Got source token Cldwcm9qZWN0cy8yOTYzNjk0NDk0ODAvbG9jYXRpb25zL3VzLWNlbnRyYWwxL2J1aWxkcy9kM2FhZjdlNS1hMWRkLTRjMWYtOGY0MC0xN2RmNDhlMTM1MzQSbHVzLWNlbnRyYWwxLWRvY2tlci5wa2cuZGV2L3BvcGNoYXR2MDAyL2djZi1hcnRpZmFjdHMvcG9wY2hhdHYwMDJfX3VzLS1jZW50cmFsMV9fdGVzdF9odHRwX2Z1bmN0aW9uOnZlcnNpb25fMRiI1PuH0AgiRXByb2plY3RzL3BvcGNoYXR2MDAyL2xvY2F0aW9ucy91cy1jZW50cmFsMS9mdW5jdGlvbnMvdGVzdEh0dHBGdW5jdGlvbioMCPOkiMMGENCd2b8BMghub2RlanMyMjp2CiNnY3IuaW8vZ2FlLXJ1bnRpbWVzL25vZGVqczIyOnN0YWJsZRJPdXMtY2VudHJhbDEtZG9ja2VyLnBrZy5kZXYvc2VydmVybGVzcy1ydW50aW1lcy9nb29nbGUtMjItZnVsbC9ydW50aW1lcy9ub2RlanMyMkAB for region us-central1
[debug] [2025-06-30T04:28:44.779Z] [update-default-us-central1-writeToDatabase] Retrying task index 0
[debug] [2025-06-30T04:28:44.779Z] Checked if tokens are valid: true, expires at: 1751260621805
[debug] [2025-06-30T04:28:44.779Z] Checked if tokens are valid: true, expires at: 1751260621805
[debug] [2025-06-30T04:28:44.779Z] >>> [apiv2][query] GET https://cloudfunctions.googleapis.com/v2/projects/popchatv002/locations/us-central1/operations/operation-1751257719121-638c276422519-e7852deb-4cd8f505 [none]
[debug] [2025-06-30T04:28:45.016Z] <<< [apiv2][status] GET https://cloudfunctions.googleapis.com/v2/projects/popchatv002/locations/us-central1/operations/operation-1751257719121-638c276422519-e7852deb-4cd8f505 200
[debug] [2025-06-30T04:28:45.016Z] <<< [apiv2][body] GET https://cloudfunctions.googleapis.com/v2/projects/popchatv002/locations/us-central1/operations/operation-1751257719121-638c276422519-e7852deb-4cd8f505 {"name":"projects/popchatv002/locations/us-central1/operations/operation-1751257719121-638c276422519-e7852deb-4cd8f505","metadata":{"@type":"type.googleapis.com/google.cloud.functions.v2.OperationMetadata","createTime":"2025-06-30T04:28:39.856390040Z","target":"projects/popchatv002/locations/us-central1/functions/writeToDatabase","verb":"update","cancelRequested":false,"apiVersion":"v2","requestResource":{"@type":"type.googleapis.com/google.cloud.functions.v2.Function","name":"projects/popchatv002/locations/us-central1/functions/writeToDatabase","buildConfig":{"runtime":"nodejs22","entryPoint":"writeToDatabase","source":{"storageSource":{"bucket":"gcf-v2-sources-296369449480-us-central1","object":"writeToDatabase/function-source.zip","generation":"1751257719808189"}},"environmentVariables":{"GOOGLE_NODE_RUN_SCRIPTS":""},"dockerRepository":"projects/popchatv002/locations/us-central1/repositories/gcf-artifacts","sourceProvenance":{"resolvedStorageSource":{"bucket":"gcf-v2-sources-296369449480-us-central1","object":"writeToDatabase/function-source.zip","generation":"1751257098219640"}},"dockerRegistry":"ARTIFACT_REGISTRY","sourceToken":"Cldwcm9qZWN0cy8yOTYzNjk0NDk0ODAvbG9jYXRpb25zL3VzLWNlbnRyYWwxL2J1aWxkcy9kM2FhZjdlNS1hMWRkLTRjMWYtOGY0MC0xN2RmNDhlMTM1MzQSbHVzLWNlbnRyYWwxLWRvY2tlci5wa2cuZGV2L3BvcGNoYXR2MDAyL2djZi1hcnRpZmFjdHMvcG9wY2hhdHYwMDJfX3VzLS1jZW50cmFsMV9fdGVzdF9odHRwX2Z1bmN0aW9uOnZlcnNpb25fMRiI1PuH0AgiRXByb2plY3RzL3BvcGNoYXR2MDAyL2xvY2F0aW9ucy91cy1jZW50cmFsMS9mdW5jdGlvbnMvdGVzdEh0dHBGdW5jdGlvbioMCPOkiMMGENCd2b8BMghub2RlanMyMjp2CiNnY3IuaW8vZ2FlLXJ1bnRpbWVzL25vZGVqczIyOnN0YWJsZRJPdXMtY2VudHJhbDEtZG9ja2VyLnBrZy5kZXYvc2VydmVybGVzcy1ydW50aW1lcy9nb29nbGUtMjItZnVsbC9ydW50aW1lcy9ub2RlanMyMkAB","serviceAccount":"projects/popchatv002/serviceAccounts/296369449480-compute@developer.gserviceaccount.com","automaticUpdatePolicy":{}},"serviceConfig":{"service":"projects/popchatv002/locations/us-central1/services/writetodatabase","timeoutSeconds":60,"environmentVariables":{"FIREBASE_CONFIG":"{\"projectId\":\"popchatv002\",\"databaseURL\":\"https://popchatv002-default-rtdb.firebaseio.com\",\"storageBucket\":\"popchatv002.firebasestorage.app\"}","GCLOUD_PROJECT":"popchatv002","EVENTARC_CLOUD_EVENT_SOURCE":"projects/popchatv002/locations/us-central1/services/writeToDatabase","FUNCTION_TARGET":"writeToDatabase","LOG_EXECUTION_ID":"true","FUNCTION_SIGNATURE_TYPE":"http"},"ingressSettings":"ALLOW_ALL","uri":"https://writetodatabase-2zjil5azfa-uc.a.run.app","serviceAccountEmail":"296369449480-compute@developer.gserviceaccount.com","availableMemory":"256Mi","allTrafficOnLatestRevision":true,"revision":"writetodatabase-00025-lad","maxInstanceRequestConcurrency":80,"availableCpu":"1"},"state":"ACTIVE","labels":{"deployment-tool":"cli-firebase","firebase-functions-hash":"4fb95acf971fd44e46da4433b3dd2209ba159cb9"},"environment":"GEN_2","url":"https://us-central1-popchatv002.cloudfunctions.net/writeToDatabase","satisfiesPzi":true},"stages":[{"name":"BUILD","message":"Reusing build","state":"COMPLETE","resource":"projects/296369449480/locations/us-central1/builds/d3aaf7e5-a1dd-4c1f-8f40-17df48e13534"},{"name":"SERVICE","message":"Updating Cloud Run service","state":"IN_PROGRESS","resource":"projects/popchatv002/locations/us-central1/services/writetodatabase","resourceUri":"https://console.cloud.google.com/run/detail/us-central1/writetodatabase?project=popchatv002","stateMessages":[{"severity":"INFO","type":"CloudRunServiceNewRevisionTrafficInfo","message":"A new revision will be deployed serving with 100% traffic."}]}],"sourceToken":"Cldwcm9qZWN0cy8yOTYzNjk0NDk0ODAvbG9jYXRpb25zL3VzLWNlbnRyYWwxL2J1aWxkcy9kM2FhZjdlNS1hMWRkLTRjMWYtOGY0MC0xN2RmNDhlMTM1MzQSbHVzLWNlbnRyYWwxLWRvY2tlci5wa2cuZGV2L3BvcGNoYXR2MDAyL2djZi1hcnRpZmFjdHMvcG9wY2hhdHYwMDJfX3VzLS1jZW50cmFsMV9fdGVzdF9odHRwX2Z1bmN0aW9uOnZlcnNpb25fMRiI1PuH0AgiRXByb2plY3RzL3BvcGNoYXR2MDAyL2xvY2F0aW9ucy91cy1jZW50cmFsMS9mdW5jdGlvbnMvdGVzdEh0dHBGdW5jdGlvbioMCPOkiMMGENCd2b8BMghub2RlanMyMjp2CiNnY3IuaW8vZ2FlLXJ1bnRpbWVzL25vZGVqczIyOnN0YWJsZRJPdXMtY2VudHJhbDEtZG9ja2VyLnBrZy5kZXYvc2VydmVybGVzcy1ydW50aW1lcy9nb29nbGUtMjItZnVsbC9ydW50aW1lcy9ub2RlanMyMkAB","operationType":"UPDATE_FUNCTION","buildName":"projects/296369449480/locations/us-central1/builds/d3aaf7e5-a1dd-4c1f-8f40-17df48e13534"},"done":false}
[debug] [2025-06-30T04:28:45.016Z] Got source token Cldwcm9qZWN0cy8yOTYzNjk0NDk0ODAvbG9jYXRpb25zL3VzLWNlbnRyYWwxL2J1aWxkcy9kM2FhZjdlNS1hMWRkLTRjMWYtOGY0MC0xN2RmNDhlMTM1MzQSbHVzLWNlbnRyYWwxLWRvY2tlci5wa2cuZGV2L3BvcGNoYXR2MDAyL2djZi1hcnRpZmFjdHMvcG9wY2hhdHYwMDJfX3VzLS1jZW50cmFsMV9fdGVzdF9odHRwX2Z1bmN0aW9uOnZlcnNpb25fMRiI1PuH0AgiRXByb2plY3RzL3BvcGNoYXR2MDAyL2xvY2F0aW9ucy91cy1jZW50cmFsMS9mdW5jdGlvbnMvdGVzdEh0dHBGdW5jdGlvbioMCPOkiMMGENCd2b8BMghub2RlanMyMjp2CiNnY3IuaW8vZ2FlLXJ1bnRpbWVzL25vZGVqczIyOnN0YWJsZRJPdXMtY2VudHJhbDEtZG9ja2VyLnBrZy5kZXYvc2VydmVybGVzcy1ydW50aW1lcy9nb29nbGUtMjItZnVsbC9ydW50aW1lcy9ub2RlanMyMkAB for region us-central1
[debug] [2025-06-30T04:28:45.645Z] [update-default-us-central1-testSnapshotCycling] Retrying task index 0
[debug] [2025-06-30T04:28:45.645Z] Checked if tokens are valid: true, expires at: 1751260621805
[debug] [2025-06-30T04:28:45.645Z] Checked if tokens are valid: true, expires at: 1751260621805
[debug] [2025-06-30T04:28:45.645Z] >>> [apiv2][query] GET https://cloudfunctions.googleapis.com/v2/projects/popchatv002/locations/us-central1/operations/operation-1751257720468-638c27656b5fa-dbf4e1f2-487d5abc [none]
[debug] [2025-06-30T04:28:45.675Z] [update-default-us-central1-testSendAd] Retrying task index 0
[debug] [2025-06-30T04:28:45.675Z] Checked if tokens are valid: true, expires at: 1751260621805
[debug] [2025-06-30T04:28:45.675Z] Checked if tokens are valid: true, expires at: 1751260621805
[debug] [2025-06-30T04:28:45.675Z] >>> [apiv2][query] GET https://cloudfunctions.googleapis.com/v2/projects/popchatv002/locations/us-central1/operations/operation-1751257720430-638c276561ea2-189f244a-e33d5a7a [none]
[debug] [2025-06-30T04:28:45.737Z] [update-default-us-central1-telegramWebhook] Retrying task index 0
[debug] [2025-06-30T04:28:45.737Z] Checked if tokens are valid: true, expires at: 1751260621805
[debug] [2025-06-30T04:28:45.737Z] Checked if tokens are valid: true, expires at: 1751260621805
[debug] [2025-06-30T04:28:45.737Z] >>> [apiv2][query] GET https://cloudfunctions.googleapis.com/v2/projects/popchatv002/locations/us-central1/operations/operation-1751257720430-638c276561e9d-1191d8e0-ebf1a17f [none]
[debug] [2025-06-30T04:28:45.761Z] [update-default-us-central1-resetUserCounter] Retrying task index 0
[debug] [2025-06-30T04:28:45.761Z] Checked if tokens are valid: true, expires at: 1751260621805
[debug] [2025-06-30T04:28:45.761Z] Checked if tokens are valid: true, expires at: 1751260621805
[debug] [2025-06-30T04:28:45.761Z] >>> [apiv2][query] GET https://cloudfunctions.googleapis.com/v2/projects/popchatv002/locations/us-central1/operations/operation-1751257720413-638c27655de89-6698e35a-8f465e0a [none]
[debug] [2025-06-30T04:28:45.762Z] <<< [apiv2][status] GET https://cloudfunctions.googleapis.com/v2/projects/popchatv002/locations/us-central1/operations/operation-1751257720430-638c276561ea2-189f244a-e33d5a7a 200
[debug] [2025-06-30T04:28:45.762Z] <<< [apiv2][body] GET https://cloudfunctions.googleapis.com/v2/projects/popchatv002/locations/us-central1/operations/operation-1751257720430-638c276561ea2-189f244a-e33d5a7a {"name":"projects/popchatv002/locations/us-central1/operations/operation-1751257720430-638c276561ea2-189f244a-e33d5a7a","metadata":{"@type":"type.googleapis.com/google.cloud.functions.v2.OperationMetadata","createTime":"2025-06-30T04:28:41.056253777Z","target":"projects/popchatv002/locations/us-central1/functions/testSendAd","verb":"update","cancelRequested":false,"apiVersion":"v2","requestResource":{"@type":"type.googleapis.com/google.cloud.functions.v2.Function","name":"projects/popchatv002/locations/us-central1/functions/testSendAd","buildConfig":{"runtime":"nodejs22","entryPoint":"testSendAd","source":{"storageSource":{"bucket":"gcf-v2-sources-296369449480-us-central1","object":"testSendAd/function-source.zip","generation":"1751257721014420"}},"environmentVariables":{"GOOGLE_NODE_RUN_SCRIPTS":""},"dockerRepository":"projects/popchatv002/locations/us-central1/repositories/gcf-artifacts","sourceProvenance":{"resolvedStorageSource":{"bucket":"gcf-v2-sources-296369449480-us-central1","object":"testSendAd/function-source.zip","generation":"1751257099645799"}},"dockerRegistry":"ARTIFACT_REGISTRY","sourceToken":"Cldwcm9qZWN0cy8yOTYzNjk0NDk0ODAvbG9jYXRpb25zL3VzLWNlbnRyYWwxL2J1aWxkcy9kM2FhZjdlNS1hMWRkLTRjMWYtOGY0MC0xN2RmNDhlMTM1MzQSbHVzLWNlbnRyYWwxLWRvY2tlci5wa2cuZGV2L3BvcGNoYXR2MDAyL2djZi1hcnRpZmFjdHMvcG9wY2hhdHYwMDJfX3VzLS1jZW50cmFsMV9fdGVzdF9odHRwX2Z1bmN0aW9uOnZlcnNpb25fMRiI1PuH0AgiRXByb2plY3RzL3BvcGNoYXR2MDAyL2xvY2F0aW9ucy91cy1jZW50cmFsMS9mdW5jdGlvbnMvdGVzdEh0dHBGdW5jdGlvbioMCPOkiMMGENCd2b8BMghub2RlanMyMjp2CiNnY3IuaW8vZ2FlLXJ1bnRpbWVzL25vZGVqczIyOnN0YWJsZRJPdXMtY2VudHJhbDEtZG9ja2VyLnBrZy5kZXYvc2VydmVybGVzcy1ydW50aW1lcy9nb29nbGUtMjItZnVsbC9ydW50aW1lcy9ub2RlanMyMkAB","serviceAccount":"projects/popchatv002/serviceAccounts/296369449480-compute@developer.gserviceaccount.com","automaticUpdatePolicy":{}},"serviceConfig":{"service":"projects/popchatv002/locations/us-central1/services/testsendad","timeoutSeconds":60,"environmentVariables":{"FIREBASE_CONFIG":"{\"projectId\":\"popchatv002\",\"databaseURL\":\"https://popchatv002-default-rtdb.firebaseio.com\",\"storageBucket\":\"popchatv002.firebasestorage.app\"}","GCLOUD_PROJECT":"popchatv002","EVENTARC_CLOUD_EVENT_SOURCE":"projects/popchatv002/locations/us-central1/services/testSendAd","FUNCTION_TARGET":"testSendAd","LOG_EXECUTION_ID":"true","FUNCTION_SIGNATURE_TYPE":"http"},"ingressSettings":"ALLOW_ALL","uri":"https://testsendad-2zjil5azfa-uc.a.run.app","serviceAccountEmail":"296369449480-compute@developer.gserviceaccount.com","availableMemory":"256Mi","allTrafficOnLatestRevision":true,"revision":"testsendad-00017-viq","maxInstanceRequestConcurrency":80,"availableCpu":"1"},"state":"ACTIVE","labels":{"deployment-tool":"cli-firebase","firebase-functions-hash":"4fb95acf971fd44e46da4433b3dd2209ba159cb9"},"environment":"GEN_2","url":"https://us-central1-popchatv002.cloudfunctions.net/testSendAd","satisfiesPzi":true},"stages":[{"name":"BUILD","message":"Reusing build","state":"COMPLETE","resource":"projects/296369449480/locations/us-central1/builds/d3aaf7e5-a1dd-4c1f-8f40-17df48e13534"},{"name":"SERVICE","message":"Updating Cloud Run service","state":"IN_PROGRESS","resource":"projects/popchatv002/locations/us-central1/services/testsendad","resourceUri":"https://console.cloud.google.com/run/detail/us-central1/testsendad?project=popchatv002","stateMessages":[{"severity":"INFO","type":"CloudRunServiceNewRevisionTrafficInfo","message":"A new revision will be deployed serving with 100% traffic."}]}],"sourceToken":"Cldwcm9qZWN0cy8yOTYzNjk0NDk0ODAvbG9jYXRpb25zL3VzLWNlbnRyYWwxL2J1aWxkcy9kM2FhZjdlNS1hMWRkLTRjMWYtOGY0MC0xN2RmNDhlMTM1MzQSbHVzLWNlbnRyYWwxLWRvY2tlci5wa2cuZGV2L3BvcGNoYXR2MDAyL2djZi1hcnRpZmFjdHMvcG9wY2hhdHYwMDJfX3VzLS1jZW50cmFsMV9fdGVzdF9odHRwX2Z1bmN0aW9uOnZlcnNpb25fMRiI1PuH0AgiRXByb2plY3RzL3BvcGNoYXR2MDAyL2xvY2F0aW9ucy91cy1jZW50cmFsMS9mdW5jdGlvbnMvdGVzdEh0dHBGdW5jdGlvbioMCPOkiMMGENCd2b8BMghub2RlanMyMjp2CiNnY3IuaW8vZ2FlLXJ1bnRpbWVzL25vZGVqczIyOnN0YWJsZRJPdXMtY2VudHJhbDEtZG9ja2VyLnBrZy5kZXYvc2VydmVybGVzcy1ydW50aW1lcy9nb29nbGUtMjItZnVsbC9ydW50aW1lcy9ub2RlanMyMkAB","operationType":"UPDATE_FUNCTION","buildName":"projects/296369449480/locations/us-central1/builds/d3aaf7e5-a1dd-4c1f-8f40-17df48e13534"},"done":false}
[debug] [2025-06-30T04:28:45.762Z] Got source token Cldwcm9qZWN0cy8yOTYzNjk0NDk0ODAvbG9jYXRpb25zL3VzLWNlbnRyYWwxL2J1aWxkcy9kM2FhZjdlNS1hMWRkLTRjMWYtOGY0MC0xN2RmNDhlMTM1MzQSbHVzLWNlbnRyYWwxLWRvY2tlci5wa2cuZGV2L3BvcGNoYXR2MDAyL2djZi1hcnRpZmFjdHMvcG9wY2hhdHYwMDJfX3VzLS1jZW50cmFsMV9fdGVzdF9odHRwX2Z1bmN0aW9uOnZlcnNpb25fMRiI1PuH0AgiRXByb2plY3RzL3BvcGNoYXR2MDAyL2xvY2F0aW9ucy91cy1jZW50cmFsMS9mdW5jdGlvbnMvdGVzdEh0dHBGdW5jdGlvbioMCPOkiMMGENCd2b8BMghub2RlanMyMjp2CiNnY3IuaW8vZ2FlLXJ1bnRpbWVzL25vZGVqczIyOnN0YWJsZRJPdXMtY2VudHJhbDEtZG9ja2VyLnBrZy5kZXYvc2VydmVybGVzcy1ydW50aW1lcy9nb29nbGUtMjItZnVsbC9ydW50aW1lcy9ub2RlanMyMkAB for region us-central1
[debug] [2025-06-30T04:28:45.762Z] [update-default-us-central1-scheduledSendAd] Retrying task index 0
[debug] [2025-06-30T04:28:45.763Z] Checked if tokens are valid: true, expires at: 1751260621805
[debug] [2025-06-30T04:28:45.763Z] Checked if tokens are valid: true, expires at: 1751260621805
[debug] [2025-06-30T04:28:45.763Z] >>> [apiv2][query] GET https://cloudfunctions.googleapis.com/v2/projects/popchatv002/locations/us-central1/operations/operation-1751257720429-638c2765619c9-aa1c1132-72ed2591 [none]
[debug] [2025-06-30T04:28:45.783Z] [update-default-us-central1-sendHostToGroup] Retrying task index 0
[debug] [2025-06-30T04:28:45.783Z] Checked if tokens are valid: true, expires at: 1751260621805
[debug] [2025-06-30T04:28:45.783Z] Checked if tokens are valid: true, expires at: 1751260621805
[debug] [2025-06-30T04:28:45.784Z] >>> [apiv2][query] GET https://cloudfunctions.googleapis.com/v2/projects/popchatv002/locations/us-central1/operations/operation-1751257720469-638c27656b729-c899d5b1-c4413bff [none]
[debug] [2025-06-30T04:28:45.814Z] [update-default-us-central1-testScheduledFunction] Retrying task index 0
[debug] [2025-06-30T04:28:45.815Z] Checked if tokens are valid: true, expires at: 1751260621805
[debug] [2025-06-30T04:28:45.815Z] Checked if tokens are valid: true, expires at: 1751260621805
[debug] [2025-06-30T04:28:45.815Z] >>> [apiv2][query] GET https://cloudfunctions.googleapis.com/v2/projects/popchatv002/locations/us-central1/operations/operation-1751257720466-638c27656aac6-c7a788ed-f3b01150 [none]
[debug] [2025-06-30T04:28:45.829Z] [update-default-us-central1-trackUserSessionCreate] Retrying task index 0
[debug] [2025-06-30T04:28:45.830Z] Checked if tokens are valid: true, expires at: 1751260621805
[debug] [2025-06-30T04:28:45.830Z] Checked if tokens are valid: true, expires at: 1751260621805
[debug] [2025-06-30T04:28:45.830Z] >>> [apiv2][query] GET https://cloudfunctions.googleapis.com/v2/projects/popchatv002/locations/us-central1/operations/operation-1751257720430-638c276561e9c-985cfb27-d7e3892a [none]
[debug] [2025-06-30T04:28:45.830Z] [update-default-us-central1-trackUserSessionDelete] Retrying task index 0
[debug] [2025-06-30T04:28:45.830Z] Checked if tokens are valid: true, expires at: 1751260621805
[debug] [2025-06-30T04:28:45.830Z] Checked if tokens are valid: true, expires at: 1751260621805
[debug] [2025-06-30T04:28:45.830Z] >>> [apiv2][query] GET https://cloudfunctions.googleapis.com/v2/projects/popchatv002/locations/us-central1/operations/operation-1751257720431-638c2765623ef-1d50ed9e-7f2e316b [none]
[debug] [2025-06-30T04:28:45.859Z] [update-default-us-central1-addUserStatus] Retrying task index 0
[debug] [2025-06-30T04:28:45.860Z] Checked if tokens are valid: true, expires at: 1751260621805
[debug] [2025-06-30T04:28:45.860Z] Checked if tokens are valid: true, expires at: 1751260621805
[debug] [2025-06-30T04:28:45.860Z] >>> [apiv2][query] GET https://cloudfunctions.googleapis.com/v2/projects/popchatv002/locations/us-central1/operations/operation-1751257720432-638c276562868-2f15351f-4544f374 [none]
[debug] [2025-06-30T04:28:45.883Z] <<< [apiv2][status] GET https://cloudfunctions.googleapis.com/v2/projects/popchatv002/locations/us-central1/operations/operation-1751257720468-638c27656b5fa-dbf4e1f2-487d5abc 200
[debug] [2025-06-30T04:28:45.883Z] <<< [apiv2][body] GET https://cloudfunctions.googleapis.com/v2/projects/popchatv002/locations/us-central1/operations/operation-1751257720468-638c27656b5fa-dbf4e1f2-487d5abc {"name":"projects/popchatv002/locations/us-central1/operations/operation-1751257720468-638c27656b5fa-dbf4e1f2-487d5abc","metadata":{"@type":"type.googleapis.com/google.cloud.functions.v2.OperationMetadata","createTime":"2025-06-30T04:28:41.195718500Z","target":"projects/popchatv002/locations/us-central1/functions/testSnapshotCycling","verb":"update","cancelRequested":false,"apiVersion":"v2","requestResource":{"@type":"type.googleapis.com/google.cloud.functions.v2.Function","name":"projects/popchatv002/locations/us-central1/functions/testSnapshotCycling","buildConfig":{"runtime":"nodejs22","entryPoint":"testSnapshotCycling","source":{"storageSource":{"bucket":"gcf-v2-sources-296369449480-us-central1","object":"testSnapshotCycling/function-source.zip","generation":"1751257721146154"}},"environmentVariables":{"GOOGLE_NODE_RUN_SCRIPTS":""},"dockerRepository":"projects/popchatv002/locations/us-central1/repositories/gcf-artifacts","sourceProvenance":{"resolvedStorageSource":{"bucket":"gcf-v2-sources-296369449480-us-central1","object":"testSnapshotCycling/function-source.zip","generation":"1751257099513117"}},"dockerRegistry":"ARTIFACT_REGISTRY","sourceToken":"Cldwcm9qZWN0cy8yOTYzNjk0NDk0ODAvbG9jYXRpb25zL3VzLWNlbnRyYWwxL2J1aWxkcy9kM2FhZjdlNS1hMWRkLTRjMWYtOGY0MC0xN2RmNDhlMTM1MzQSbHVzLWNlbnRyYWwxLWRvY2tlci5wa2cuZGV2L3BvcGNoYXR2MDAyL2djZi1hcnRpZmFjdHMvcG9wY2hhdHYwMDJfX3VzLS1jZW50cmFsMV9fdGVzdF9odHRwX2Z1bmN0aW9uOnZlcnNpb25fMRiI1PuH0AgiRXByb2plY3RzL3BvcGNoYXR2MDAyL2xvY2F0aW9ucy91cy1jZW50cmFsMS9mdW5jdGlvbnMvdGVzdEh0dHBGdW5jdGlvbioMCPOkiMMGENCd2b8BMghub2RlanMyMjp2CiNnY3IuaW8vZ2FlLXJ1bnRpbWVzL25vZGVqczIyOnN0YWJsZRJPdXMtY2VudHJhbDEtZG9ja2VyLnBrZy5kZXYvc2VydmVybGVzcy1ydW50aW1lcy9nb29nbGUtMjItZnVsbC9ydW50aW1lcy9ub2RlanMyMkAB","serviceAccount":"projects/popchatv002/serviceAccounts/296369449480-compute@developer.gserviceaccount.com","automaticUpdatePolicy":{}},"serviceConfig":{"service":"projects/popchatv002/locations/us-central1/services/testsnapshotcycling","timeoutSeconds":60,"environmentVariables":{"FIREBASE_CONFIG":"{\"projectId\":\"popchatv002\",\"databaseURL\":\"https://popchatv002-default-rtdb.firebaseio.com\",\"storageBucket\":\"popchatv002.firebasestorage.app\"}","GCLOUD_PROJECT":"popchatv002","EVENTARC_CLOUD_EVENT_SOURCE":"projects/popchatv002/locations/us-central1/services/testSnapshotCycling","FUNCTION_TARGET":"testSnapshotCycling","LOG_EXECUTION_ID":"true","FUNCTION_SIGNATURE_TYPE":"http"},"ingressSettings":"ALLOW_ALL","uri":"https://testsnapshotcycling-2zjil5azfa-uc.a.run.app","serviceAccountEmail":"296369449480-compute@developer.gserviceaccount.com","availableMemory":"256Mi","allTrafficOnLatestRevision":true,"revision":"testsnapshotcycling-00013-ses","maxInstanceRequestConcurrency":80,"availableCpu":"1"},"state":"ACTIVE","labels":{"deployment-tool":"cli-firebase","firebase-functions-hash":"4fb95acf971fd44e46da4433b3dd2209ba159cb9"},"environment":"GEN_2","url":"https://us-central1-popchatv002.cloudfunctions.net/testSnapshotCycling","satisfiesPzi":true},"stages":[{"name":"BUILD","message":"Reusing build","state":"COMPLETE","resource":"projects/296369449480/locations/us-central1/builds/d3aaf7e5-a1dd-4c1f-8f40-17df48e13534"},{"name":"SERVICE","message":"Updating Cloud Run service","state":"IN_PROGRESS","resource":"projects/popchatv002/locations/us-central1/services/testsnapshotcycling","resourceUri":"https://console.cloud.google.com/run/detail/us-central1/testsnapshotcycling?project=popchatv002","stateMessages":[{"severity":"INFO","type":"CloudRunServiceNewRevisionTrafficInfo","message":"A new revision will be deployed serving with 100% traffic."}]}],"sourceToken":"Cldwcm9qZWN0cy8yOTYzNjk0NDk0ODAvbG9jYXRpb25zL3VzLWNlbnRyYWwxL2J1aWxkcy9kM2FhZjdlNS1hMWRkLTRjMWYtOGY0MC0xN2RmNDhlMTM1MzQSbHVzLWNlbnRyYWwxLWRvY2tlci5wa2cuZGV2L3BvcGNoYXR2MDAyL2djZi1hcnRpZmFjdHMvcG9wY2hhdHYwMDJfX3VzLS1jZW50cmFsMV9fdGVzdF9odHRwX2Z1bmN0aW9uOnZlcnNpb25fMRiI1PuH0AgiRXByb2plY3RzL3BvcGNoYXR2MDAyL2xvY2F0aW9ucy91cy1jZW50cmFsMS9mdW5jdGlvbnMvdGVzdEh0dHBGdW5jdGlvbioMCPOkiMMGENCd2b8BMghub2RlanMyMjp2CiNnY3IuaW8vZ2FlLXJ1bnRpbWVzL25vZGVqczIyOnN0YWJsZRJPdXMtY2VudHJhbDEtZG9ja2VyLnBrZy5kZXYvc2VydmVybGVzcy1ydW50aW1lcy9nb29nbGUtMjItZnVsbC9ydW50aW1lcy9ub2RlanMyMkAB","operationType":"UPDATE_FUNCTION","buildName":"projects/296369449480/locations/us-central1/builds/d3aaf7e5-a1dd-4c1f-8f40-17df48e13534"},"done":false}
[debug] [2025-06-30T04:28:45.883Z] Got source token Cldwcm9qZWN0cy8yOTYzNjk0NDk0ODAvbG9jYXRpb25zL3VzLWNlbnRyYWwxL2J1aWxkcy9kM2FhZjdlNS1hMWRkLTRjMWYtOGY0MC0xN2RmNDhlMTM1MzQSbHVzLWNlbnRyYWwxLWRvY2tlci5wa2cuZGV2L3BvcGNoYXR2MDAyL2djZi1hcnRpZmFjdHMvcG9wY2hhdHYwMDJfX3VzLS1jZW50cmFsMV9fdGVzdF9odHRwX2Z1bmN0aW9uOnZlcnNpb25fMRiI1PuH0AgiRXByb2plY3RzL3BvcGNoYXR2MDAyL2xvY2F0aW9ucy91cy1jZW50cmFsMS9mdW5jdGlvbnMvdGVzdEh0dHBGdW5jdGlvbioMCPOkiMMGENCd2b8BMghub2RlanMyMjp2CiNnY3IuaW8vZ2FlLXJ1bnRpbWVzL25vZGVqczIyOnN0YWJsZRJPdXMtY2VudHJhbDEtZG9ja2VyLnBrZy5kZXYvc2VydmVybGVzcy1ydW50aW1lcy9nb29nbGUtMjItZnVsbC9ydW50aW1lcy9ub2RlanMyMkAB for region us-central1
[debug] [2025-06-30T04:28:45.923Z] <<< [apiv2][status] GET https://cloudfunctions.googleapis.com/v2/projects/popchatv002/locations/us-central1/operations/operation-1751257720430-638c276561e9c-985cfb27-d7e3892a 200
[debug] [2025-06-30T04:28:45.923Z] <<< [apiv2][body] GET https://cloudfunctions.googleapis.com/v2/projects/popchatv002/locations/us-central1/operations/operation-1751257720430-638c276561e9c-985cfb27-d7e3892a {"name":"projects/popchatv002/locations/us-central1/operations/operation-1751257720430-638c276561e9c-985cfb27-d7e3892a","metadata":{"@type":"type.googleapis.com/google.cloud.functions.v2.OperationMetadata","createTime":"2025-06-30T04:28:41.200534349Z","target":"projects/popchatv002/locations/us-central1/functions/trackUserSessionCreate","verb":"update","cancelRequested":false,"apiVersion":"v2","requestResource":{"@type":"type.googleapis.com/google.cloud.functions.v2.Function","name":"projects/popchatv002/locations/us-central1/functions/trackUserSessionCreate","buildConfig":{"runtime":"nodejs22","entryPoint":"trackUserSessionCreate","source":{"storageSource":{"bucket":"gcf-v2-sources-296369449480-us-central1","object":"trackUserSessionCreate/function-source.zip","generation":"1751257721148371"}},"environmentVariables":{"GOOGLE_NODE_RUN_SCRIPTS":""},"dockerRepository":"projects/popchatv002/locations/us-central1/repositories/gcf-artifacts","sourceProvenance":{"resolvedStorageSource":{"bucket":"gcf-v2-sources-296369449480-us-central1","object":"trackUserSessionCreate/function-source.zip","generation":"1751257099505409"}},"dockerRegistry":"ARTIFACT_REGISTRY","sourceToken":"Cldwcm9qZWN0cy8yOTYzNjk0NDk0ODAvbG9jYXRpb25zL3VzLWNlbnRyYWwxL2J1aWxkcy9kM2FhZjdlNS1hMWRkLTRjMWYtOGY0MC0xN2RmNDhlMTM1MzQSbHVzLWNlbnRyYWwxLWRvY2tlci5wa2cuZGV2L3BvcGNoYXR2MDAyL2djZi1hcnRpZmFjdHMvcG9wY2hhdHYwMDJfX3VzLS1jZW50cmFsMV9fdGVzdF9odHRwX2Z1bmN0aW9uOnZlcnNpb25fMRiI1PuH0AgiRXByb2plY3RzL3BvcGNoYXR2MDAyL2xvY2F0aW9ucy91cy1jZW50cmFsMS9mdW5jdGlvbnMvdGVzdEh0dHBGdW5jdGlvbioMCPOkiMMGENCd2b8BMghub2RlanMyMjp2CiNnY3IuaW8vZ2FlLXJ1bnRpbWVzL25vZGVqczIyOnN0YWJsZRJPdXMtY2VudHJhbDEtZG9ja2VyLnBrZy5kZXYvc2VydmVybGVzcy1ydW50aW1lcy9nb29nbGUtMjItZnVsbC9ydW50aW1lcy9ub2RlanMyMkAB","serviceAccount":"projects/popchatv002/serviceAccounts/296369449480-compute@developer.gserviceaccount.com","automaticUpdatePolicy":{}},"serviceConfig":{"service":"projects/popchatv002/locations/us-central1/services/trackusersessioncreate","timeoutSeconds":60,"environmentVariables":{"FIREBASE_CONFIG":"{\"projectId\":\"popchatv002\",\"databaseURL\":\"https://popchatv002-default-rtdb.firebaseio.com\",\"storageBucket\":\"popchatv002.firebasestorage.app\"}","GCLOUD_PROJECT":"popchatv002","EVENTARC_CLOUD_EVENT_SOURCE":"projects/popchatv002/locations/us-central1/services/trackUserSessionCreate","FUNCTION_SIGNATURE_TYPE":"cloudevent","FUNCTION_TARGET":"trackUserSessionCreate","LOG_EXECUTION_ID":"true"},"ingressSettings":"ALLOW_ALL","uri":"https://trackusersessioncreate-2zjil5azfa-uc.a.run.app","serviceAccountEmail":"296369449480-compute@developer.gserviceaccount.com","availableMemory":"256Mi","allTrafficOnLatestRevision":true,"revision":"trackusersessioncreate-00028-bey","maxInstanceRequestConcurrency":80,"availableCpu":"1"},"eventTrigger":{"trigger":"projects/popchatv002/locations/us-central1/triggers/trackusersessioncreate-981783","triggerRegion":"us-central1","eventType":"google.firebase.database.ref.v1.created","eventFilters":[{"attribute":"ref","value":"status/{userId}","operator":"match-path-pattern"},{"attribute":"instance","value":"*","operator":"match-path-pattern"}],"pubsubTopic":"projects/popchatv002/topics/eventarc-us-central1-trackusersessioncreate-981783-499","serviceAccountEmail":"296369449480-compute@developer.gserviceaccount.com","retryPolicy":"RETRY_POLICY_DO_NOT_RETRY"},"state":"ACTIVE","labels":{"deployment-tool":"cli-firebase","firebase-functions-hash":"4fb95acf971fd44e46da4433b3dd2209ba159cb9"},"environment":"GEN_2","url":"https://us-central1-popchatv002.cloudfunctions.net/trackUserSessionCreate","satisfiesPzi":true},"stages":[{"name":"BUILD","message":"Reusing build","state":"COMPLETE","resource":"projects/296369449480/locations/us-central1/builds/d3aaf7e5-a1dd-4c1f-8f40-17df48e13534"},{"name":"SERVICE","message":"Updating Cloud Run service","state":"IN_PROGRESS","resource":"projects/popchatv002/locations/us-central1/services/trackusersessioncreate","resourceUri":"https://console.cloud.google.com/run/detail/us-central1/trackusersessioncreate?project=popchatv002","stateMessages":[{"severity":"INFO","type":"CloudRunServiceNewRevisionTrafficInfo","message":"A new revision will be deployed serving with 100% traffic."}]},{"name":"TRIGGER","state":"NOT_STARTED"}],"sourceToken":"Cldwcm9qZWN0cy8yOTYzNjk0NDk0ODAvbG9jYXRpb25zL3VzLWNlbnRyYWwxL2J1aWxkcy9kM2FhZjdlNS1hMWRkLTRjMWYtOGY0MC0xN2RmNDhlMTM1MzQSbHVzLWNlbnRyYWwxLWRvY2tlci5wa2cuZGV2L3BvcGNoYXR2MDAyL2djZi1hcnRpZmFjdHMvcG9wY2hhdHYwMDJfX3VzLS1jZW50cmFsMV9fdGVzdF9odHRwX2Z1bmN0aW9uOnZlcnNpb25fMRiI1PuH0AgiRXByb2plY3RzL3BvcGNoYXR2MDAyL2xvY2F0aW9ucy91cy1jZW50cmFsMS9mdW5jdGlvbnMvdGVzdEh0dHBGdW5jdGlvbioMCPOkiMMGENCd2b8BMghub2RlanMyMjp2CiNnY3IuaW8vZ2FlLXJ1bnRpbWVzL25vZGVqczIyOnN0YWJsZRJPdXMtY2VudHJhbDEtZG9ja2VyLnBrZy5kZXYvc2VydmVybGVzcy1ydW50aW1lcy9nb29nbGUtMjItZnVsbC9ydW50aW1lcy9ub2RlanMyMkAB","operationType":"UPDATE_FUNCTION","buildName":"projects/296369449480/locations/us-central1/builds/d3aaf7e5-a1dd-4c1f-8f40-17df48e13534"},"done":false}
[debug] [2025-06-30T04:28:45.924Z] Got source token Cldwcm9qZWN0cy8yOTYzNjk0NDk0ODAvbG9jYXRpb25zL3VzLWNlbnRyYWwxL2J1aWxkcy9kM2FhZjdlNS1hMWRkLTRjMWYtOGY0MC0xN2RmNDhlMTM1MzQSbHVzLWNlbnRyYWwxLWRvY2tlci5wa2cuZGV2L3BvcGNoYXR2MDAyL2djZi1hcnRpZmFjdHMvcG9wY2hhdHYwMDJfX3VzLS1jZW50cmFsMV9fdGVzdF9odHRwX2Z1bmN0aW9uOnZlcnNpb25fMRiI1PuH0AgiRXByb2plY3RzL3BvcGNoYXR2MDAyL2xvY2F0aW9ucy91cy1jZW50cmFsMS9mdW5jdGlvbnMvdGVzdEh0dHBGdW5jdGlvbioMCPOkiMMGENCd2b8BMghub2RlanMyMjp2CiNnY3IuaW8vZ2FlLXJ1bnRpbWVzL25vZGVqczIyOnN0YWJsZRJPdXMtY2VudHJhbDEtZG9ja2VyLnBrZy5kZXYvc2VydmVybGVzcy1ydW50aW1lcy9nb29nbGUtMjItZnVsbC9ydW50aW1lcy9ub2RlanMyMkAB for region us-central1
[debug] [2025-06-30T04:28:45.983Z] [update-default-us-central1-scheduledRandomUserMedia] Retrying task index 0
[debug] [2025-06-30T04:28:45.984Z] Checked if tokens are valid: true, expires at: 1751260621805
[debug] [2025-06-30T04:28:45.984Z] Checked if tokens are valid: true, expires at: 1751260621805
[debug] [2025-06-30T04:28:45.984Z] >>> [apiv2][query] GET https://cloudfunctions.googleapis.com/v2/projects/popchatv002/locations/us-central1/operations/operation-1751257720468-638c27656b449-f90f96cc-332f62ae [none]
[debug] [2025-06-30T04:28:45.986Z] <<< [apiv2][status] GET https://cloudfunctions.googleapis.com/v2/projects/popchatv002/locations/us-central1/operations/operation-1751257720430-638c276561e9d-1191d8e0-ebf1a17f 200
[debug] [2025-06-30T04:28:45.986Z] <<< [apiv2][body] GET https://cloudfunctions.googleapis.com/v2/projects/popchatv002/locations/us-central1/operations/operation-1751257720430-638c276561e9d-1191d8e0-ebf1a17f {"name":"projects/popchatv002/locations/us-central1/operations/operation-1751257720430-638c276561e9d-1191d8e0-ebf1a17f","metadata":{"@type":"type.googleapis.com/google.cloud.functions.v2.OperationMetadata","createTime":"2025-06-30T04:28:41.091952358Z","target":"projects/popchatv002/locations/us-central1/functions/telegramWebhook","verb":"update","cancelRequested":false,"apiVersion":"v2","requestResource":{"@type":"type.googleapis.com/google.cloud.functions.v2.Function","name":"projects/popchatv002/locations/us-central1/functions/telegramWebhook","buildConfig":{"runtime":"nodejs22","entryPoint":"telegramWebhook","source":{"storageSource":{"bucket":"gcf-v2-sources-296369449480-us-central1","object":"telegramWebhook/function-source.zip","generation":"1751257721051170"}},"environmentVariables":{"GOOGLE_NODE_RUN_SCRIPTS":""},"dockerRepository":"projects/popchatv002/locations/us-central1/repositories/gcf-artifacts","sourceProvenance":{"resolvedStorageSource":{"bucket":"gcf-v2-sources-296369449480-us-central1","object":"telegramWebhook/function-source.zip","generation":"1751257099563488"}},"dockerRegistry":"ARTIFACT_REGISTRY","sourceToken":"Cldwcm9qZWN0cy8yOTYzNjk0NDk0ODAvbG9jYXRpb25zL3VzLWNlbnRyYWwxL2J1aWxkcy9kM2FhZjdlNS1hMWRkLTRjMWYtOGY0MC0xN2RmNDhlMTM1MzQSbHVzLWNlbnRyYWwxLWRvY2tlci5wa2cuZGV2L3BvcGNoYXR2MDAyL2djZi1hcnRpZmFjdHMvcG9wY2hhdHYwMDJfX3VzLS1jZW50cmFsMV9fdGVzdF9odHRwX2Z1bmN0aW9uOnZlcnNpb25fMRiI1PuH0AgiRXByb2plY3RzL3BvcGNoYXR2MDAyL2xvY2F0aW9ucy91cy1jZW50cmFsMS9mdW5jdGlvbnMvdGVzdEh0dHBGdW5jdGlvbioMCPOkiMMGENCd2b8BMghub2RlanMyMjp2CiNnY3IuaW8vZ2FlLXJ1bnRpbWVzL25vZGVqczIyOnN0YWJsZRJPdXMtY2VudHJhbDEtZG9ja2VyLnBrZy5kZXYvc2VydmVybGVzcy1ydW50aW1lcy9nb29nbGUtMjItZnVsbC9ydW50aW1lcy9ub2RlanMyMkAB","serviceAccount":"projects/popchatv002/serviceAccounts/296369449480-compute@developer.gserviceaccount.com","automaticUpdatePolicy":{}},"serviceConfig":{"service":"projects/popchatv002/locations/us-central1/services/telegramwebhook","timeoutSeconds":60,"environmentVariables":{"FIREBASE_CONFIG":"{\"projectId\":\"popchatv002\",\"databaseURL\":\"https://popchatv002-default-rtdb.firebaseio.com\",\"storageBucket\":\"popchatv002.firebasestorage.app\"}","GCLOUD_PROJECT":"popchatv002","EVENTARC_CLOUD_EVENT_SOURCE":"projects/popchatv002/locations/us-central1/services/telegramWebhook","FUNCTION_TARGET":"telegramWebhook","LOG_EXECUTION_ID":"true","FUNCTION_SIGNATURE_TYPE":"http"},"ingressSettings":"ALLOW_ALL","uri":"https://telegramwebhook-2zjil5azfa-uc.a.run.app","serviceAccountEmail":"296369449480-compute@developer.gserviceaccount.com","availableMemory":"256Mi","allTrafficOnLatestRevision":true,"revision":"telegramwebhook-00012-rig","maxInstanceRequestConcurrency":80,"availableCpu":"1"},"state":"ACTIVE","labels":{"deployment-tool":"cli-firebase","firebase-functions-hash":"4fb95acf971fd44e46da4433b3dd2209ba159cb9"},"environment":"GEN_2","url":"https://us-central1-popchatv002.cloudfunctions.net/telegramWebhook","satisfiesPzi":true},"stages":[{"name":"BUILD","message":"Reusing build","state":"COMPLETE","resource":"projects/296369449480/locations/us-central1/builds/d3aaf7e5-a1dd-4c1f-8f40-17df48e13534"},{"name":"SERVICE","message":"Updating Cloud Run service","state":"IN_PROGRESS","resource":"projects/popchatv002/locations/us-central1/services/telegramwebhook","resourceUri":"https://console.cloud.google.com/run/detail/us-central1/telegramwebhook?project=popchatv002","stateMessages":[{"severity":"INFO","type":"CloudRunServiceNewRevisionTrafficInfo","message":"A new revision will be deployed serving with 100% traffic."}]}],"sourceToken":"Cldwcm9qZWN0cy8yOTYzNjk0NDk0ODAvbG9jYXRpb25zL3VzLWNlbnRyYWwxL2J1aWxkcy9kM2FhZjdlNS1hMWRkLTRjMWYtOGY0MC0xN2RmNDhlMTM1MzQSbHVzLWNlbnRyYWwxLWRvY2tlci5wa2cuZGV2L3BvcGNoYXR2MDAyL2djZi1hcnRpZmFjdHMvcG9wY2hhdHYwMDJfX3VzLS1jZW50cmFsMV9fdGVzdF9odHRwX2Z1bmN0aW9uOnZlcnNpb25fMRiI1PuH0AgiRXByb2plY3RzL3BvcGNoYXR2MDAyL2xvY2F0aW9ucy91cy1jZW50cmFsMS9mdW5jdGlvbnMvdGVzdEh0dHBGdW5jdGlvbioMCPOkiMMGENCd2b8BMghub2RlanMyMjp2CiNnY3IuaW8vZ2FlLXJ1bnRpbWVzL25vZGVqczIyOnN0YWJsZRJPdXMtY2VudHJhbDEtZG9ja2VyLnBrZy5kZXYvc2VydmVybGVzcy1ydW50aW1lcy9nb29nbGUtMjItZnVsbC9ydW50aW1lcy9ub2RlanMyMkAB","operationType":"UPDATE_FUNCTION","buildName":"projects/296369449480/locations/us-central1/builds/d3aaf7e5-a1dd-4c1f-8f40-17df48e13534"},"done":false}
[debug] [2025-06-30T04:28:45.986Z] Got source token Cldwcm9qZWN0cy8yOTYzNjk0NDk0ODAvbG9jYXRpb25zL3VzLWNlbnRyYWwxL2J1aWxkcy9kM2FhZjdlNS1hMWRkLTRjMWYtOGY0MC0xN2RmNDhlMTM1MzQSbHVzLWNlbnRyYWwxLWRvY2tlci5wa2cuZGV2L3BvcGNoYXR2MDAyL2djZi1hcnRpZmFjdHMvcG9wY2hhdHYwMDJfX3VzLS1jZW50cmFsMV9fdGVzdF9odHRwX2Z1bmN0aW9uOnZlcnNpb25fMRiI1PuH0AgiRXByb2plY3RzL3BvcGNoYXR2MDAyL2xvY2F0aW9ucy91cy1jZW50cmFsMS9mdW5jdGlvbnMvdGVzdEh0dHBGdW5jdGlvbioMCPOkiMMGENCd2b8BMghub2RlanMyMjp2CiNnY3IuaW8vZ2FlLXJ1bnRpbWVzL25vZGVqczIyOnN0YWJsZRJPdXMtY2VudHJhbDEtZG9ja2VyLnBrZy5kZXYvc2VydmVybGVzcy1ydW50aW1lcy9nb29nbGUtMjItZnVsbC9ydW50aW1lcy9ub2RlanMyMkAB for region us-central1
[debug] [2025-06-30T04:28:46.005Z] <<< [apiv2][status] GET https://cloudfunctions.googleapis.com/v2/projects/popchatv002/locations/us-central1/operations/operation-1751257720429-638c2765619c9-aa1c1132-72ed2591 200
[debug] [2025-06-30T04:28:46.005Z] <<< [apiv2][body] GET https://cloudfunctions.googleapis.com/v2/projects/popchatv002/locations/us-central1/operations/operation-1751257720429-638c2765619c9-aa1c1132-72ed2591 {"name":"projects/popchatv002/locations/us-central1/operations/operation-1751257720429-638c2765619c9-aa1c1132-72ed2591","metadata":{"@type":"type.googleapis.com/google.cloud.functions.v2.OperationMetadata","createTime":"2025-06-30T04:28:41.087145853Z","target":"projects/popchatv002/locations/us-central1/functions/scheduledSendAd","verb":"update","cancelRequested":false,"apiVersion":"v2","requestResource":{"@type":"type.googleapis.com/google.cloud.functions.v2.Function","name":"projects/popchatv002/locations/us-central1/functions/scheduledSendAd","buildConfig":{"runtime":"nodejs22","entryPoint":"scheduledSendAd","source":{"storageSource":{"bucket":"gcf-v2-sources-296369449480-us-central1","object":"scheduledSendAd/function-source.zip","generation":"1751257721047016"}},"environmentVariables":{"GOOGLE_NODE_RUN_SCRIPTS":""},"dockerRepository":"projects/popchatv002/locations/us-central1/repositories/gcf-artifacts","sourceProvenance":{"resolvedStorageSource":{"bucket":"gcf-v2-sources-296369449480-us-central1","object":"scheduledSendAd/function-source.zip","generation":"1751257504667326"}},"dockerRegistry":"ARTIFACT_REGISTRY","sourceToken":"Cldwcm9qZWN0cy8yOTYzNjk0NDk0ODAvbG9jYXRpb25zL3VzLWNlbnRyYWwxL2J1aWxkcy9kM2FhZjdlNS1hMWRkLTRjMWYtOGY0MC0xN2RmNDhlMTM1MzQSbHVzLWNlbnRyYWwxLWRvY2tlci5wa2cuZGV2L3BvcGNoYXR2MDAyL2djZi1hcnRpZmFjdHMvcG9wY2hhdHYwMDJfX3VzLS1jZW50cmFsMV9fdGVzdF9odHRwX2Z1bmN0aW9uOnZlcnNpb25fMRiI1PuH0AgiRXByb2plY3RzL3BvcGNoYXR2MDAyL2xvY2F0aW9ucy91cy1jZW50cmFsMS9mdW5jdGlvbnMvdGVzdEh0dHBGdW5jdGlvbioMCPOkiMMGENCd2b8BMghub2RlanMyMjp2CiNnY3IuaW8vZ2FlLXJ1bnRpbWVzL25vZGVqczIyOnN0YWJsZRJPdXMtY2VudHJhbDEtZG9ja2VyLnBrZy5kZXYvc2VydmVybGVzcy1ydW50aW1lcy9nb29nbGUtMjItZnVsbC9ydW50aW1lcy9ub2RlanMyMkAB","serviceAccount":"projects/popchatv002/serviceAccounts/296369449480-compute@developer.gserviceaccount.com","automaticUpdatePolicy":{}},"serviceConfig":{"service":"projects/popchatv002/locations/us-central1/services/scheduledsendad","timeoutSeconds":60,"environmentVariables":{"FIREBASE_CONFIG":"{\"projectId\":\"popchatv002\",\"databaseURL\":\"https://popchatv002-default-rtdb.firebaseio.com\",\"storageBucket\":\"popchatv002.firebasestorage.app\"}","GCLOUD_PROJECT":"popchatv002","EVENTARC_CLOUD_EVENT_SOURCE":"projects/popchatv002/locations/us-central1/services/scheduledSendAd","FUNCTION_TARGET":"scheduledSendAd","LOG_EXECUTION_ID":"true","FUNCTION_SIGNATURE_TYPE":"http"},"ingressSettings":"ALLOW_ALL","uri":"https://scheduledsendad-2zjil5azfa-uc.a.run.app","serviceAccountEmail":"296369449480-compute@developer.gserviceaccount.com","availableMemory":"256Mi","allTrafficOnLatestRevision":true,"revision":"scheduledsendad-00019-jep","maxInstanceRequestConcurrency":80,"availableCpu":"1"},"state":"ACTIVE","labels":{"deployment-tool":"cli-firebase","deployment-scheduled":"true","firebase-functions-hash":"4fb95acf971fd44e46da4433b3dd2209ba159cb9"},"environment":"GEN_2","url":"https://us-central1-popchatv002.cloudfunctions.net/scheduledSendAd","satisfiesPzi":true},"stages":[{"name":"BUILD","message":"Reusing build","state":"COMPLETE","resource":"projects/296369449480/locations/us-central1/builds/d3aaf7e5-a1dd-4c1f-8f40-17df48e13534"},{"name":"SERVICE","message":"Updating Cloud Run service","state":"IN_PROGRESS","resource":"projects/popchatv002/locations/us-central1/services/scheduledsendad","resourceUri":"https://console.cloud.google.com/run/detail/us-central1/scheduledsendad?project=popchatv002","stateMessages":[{"severity":"INFO","type":"CloudRunServiceNewRevisionTrafficInfo","message":"A new revision will be deployed serving with 100% traffic."}]}],"sourceToken":"Cldwcm9qZWN0cy8yOTYzNjk0NDk0ODAvbG9jYXRpb25zL3VzLWNlbnRyYWwxL2J1aWxkcy9kM2FhZjdlNS1hMWRkLTRjMWYtOGY0MC0xN2RmNDhlMTM1MzQSbHVzLWNlbnRyYWwxLWRvY2tlci5wa2cuZGV2L3BvcGNoYXR2MDAyL2djZi1hcnRpZmFjdHMvcG9wY2hhdHYwMDJfX3VzLS1jZW50cmFsMV9fdGVzdF9odHRwX2Z1bmN0aW9uOnZlcnNpb25fMRiI1PuH0AgiRXByb2plY3RzL3BvcGNoYXR2MDAyL2xvY2F0aW9ucy91cy1jZW50cmFsMS9mdW5jdGlvbnMvdGVzdEh0dHBGdW5jdGlvbioMCPOkiMMGENCd2b8BMghub2RlanMyMjp2CiNnY3IuaW8vZ2FlLXJ1bnRpbWVzL25vZGVqczIyOnN0YWJsZRJPdXMtY2VudHJhbDEtZG9ja2VyLnBrZy5kZXYvc2VydmVybGVzcy1ydW50aW1lcy9nb29nbGUtMjItZnVsbC9ydW50aW1lcy9ub2RlanMyMkAB","operationType":"UPDATE_FUNCTION","buildName":"projects/296369449480/locations/us-central1/builds/d3aaf7e5-a1dd-4c1f-8f40-17df48e13534"},"done":false}
[debug] [2025-06-30T04:28:46.006Z] Got source token Cldwcm9qZWN0cy8yOTYzNjk0NDk0ODAvbG9jYXRpb25zL3VzLWNlbnRyYWwxL2J1aWxkcy9kM2FhZjdlNS1hMWRkLTRjMWYtOGY0MC0xN2RmNDhlMTM1MzQSbHVzLWNlbnRyYWwxLWRvY2tlci5wa2cuZGV2L3BvcGNoYXR2MDAyL2djZi1hcnRpZmFjdHMvcG9wY2hhdHYwMDJfX3VzLS1jZW50cmFsMV9fdGVzdF9odHRwX2Z1bmN0aW9uOnZlcnNpb25fMRiI1PuH0AgiRXByb2plY3RzL3BvcGNoYXR2MDAyL2xvY2F0aW9ucy91cy1jZW50cmFsMS9mdW5jdGlvbnMvdGVzdEh0dHBGdW5jdGlvbioMCPOkiMMGENCd2b8BMghub2RlanMyMjp2CiNnY3IuaW8vZ2FlLXJ1bnRpbWVzL25vZGVqczIyOnN0YWJsZRJPdXMtY2VudHJhbDEtZG9ja2VyLnBrZy5kZXYvc2VydmVybGVzcy1ydW50aW1lcy9nb29nbGUtMjItZnVsbC9ydW50aW1lcy9ub2RlanMyMkAB for region us-central1
[debug] [2025-06-30T04:28:46.047Z] <<< [apiv2][status] GET https://cloudfunctions.googleapis.com/v2/projects/popchatv002/locations/us-central1/operations/operation-1751257720413-638c27655de89-6698e35a-8f465e0a 200
[debug] [2025-06-30T04:28:46.047Z] <<< [apiv2][body] GET https://cloudfunctions.googleapis.com/v2/projects/popchatv002/locations/us-central1/operations/operation-1751257720413-638c27655de89-6698e35a-8f465e0a {"name":"projects/popchatv002/locations/us-central1/operations/operation-1751257720413-638c27655de89-6698e35a-8f465e0a","metadata":{"@type":"type.googleapis.com/google.cloud.functions.v2.OperationMetadata","createTime":"2025-06-30T04:28:41.095424257Z","target":"projects/popchatv002/locations/us-central1/functions/resetUserCounter","verb":"update","cancelRequested":false,"apiVersion":"v2","requestResource":{"@type":"type.googleapis.com/google.cloud.functions.v2.Function","name":"projects/popchatv002/locations/us-central1/functions/resetUserCounter","buildConfig":{"runtime":"nodejs22","entryPoint":"resetUserCounter","source":{"storageSource":{"bucket":"gcf-v2-sources-296369449480-us-central1","object":"resetUserCounter/function-source.zip","generation":"1751257721056668"}},"environmentVariables":{"GOOGLE_NODE_RUN_SCRIPTS":""},"dockerRepository":"projects/popchatv002/locations/us-central1/repositories/gcf-artifacts","sourceProvenance":{"resolvedStorageSource":{"bucket":"gcf-v2-sources-296369449480-us-central1","object":"resetUserCounter/function-source.zip","generation":"1751257099518160"}},"dockerRegistry":"ARTIFACT_REGISTRY","sourceToken":"Cldwcm9qZWN0cy8yOTYzNjk0NDk0ODAvbG9jYXRpb25zL3VzLWNlbnRyYWwxL2J1aWxkcy9kM2FhZjdlNS1hMWRkLTRjMWYtOGY0MC0xN2RmNDhlMTM1MzQSbHVzLWNlbnRyYWwxLWRvY2tlci5wa2cuZGV2L3BvcGNoYXR2MDAyL2djZi1hcnRpZmFjdHMvcG9wY2hhdHYwMDJfX3VzLS1jZW50cmFsMV9fdGVzdF9odHRwX2Z1bmN0aW9uOnZlcnNpb25fMRiI1PuH0AgiRXByb2plY3RzL3BvcGNoYXR2MDAyL2xvY2F0aW9ucy91cy1jZW50cmFsMS9mdW5jdGlvbnMvdGVzdEh0dHBGdW5jdGlvbioMCPOkiMMGENCd2b8BMghub2RlanMyMjp2CiNnY3IuaW8vZ2FlLXJ1bnRpbWVzL25vZGVqczIyOnN0YWJsZRJPdXMtY2VudHJhbDEtZG9ja2VyLnBrZy5kZXYvc2VydmVybGVzcy1ydW50aW1lcy9nb29nbGUtMjItZnVsbC9ydW50aW1lcy9ub2RlanMyMkAB","serviceAccount":"projects/popchatv002/serviceAccounts/296369449480-compute@developer.gserviceaccount.com","automaticUpdatePolicy":{}},"serviceConfig":{"service":"projects/popchatv002/locations/us-central1/services/resetusercounter","timeoutSeconds":60,"environmentVariables":{"FIREBASE_CONFIG":"{\"projectId\":\"popchatv002\",\"databaseURL\":\"https://popchatv002-default-rtdb.firebaseio.com\",\"storageBucket\":\"popchatv002.firebasestorage.app\"}","GCLOUD_PROJECT":"popchatv002","EVENTARC_CLOUD_EVENT_SOURCE":"projects/popchatv002/locations/us-central1/services/resetUserCounter","FUNCTION_TARGET":"resetUserCounter","LOG_EXECUTION_ID":"true","FUNCTION_SIGNATURE_TYPE":"http"},"ingressSettings":"ALLOW_ALL","uri":"https://resetusercounter-2zjil5azfa-uc.a.run.app","serviceAccountEmail":"296369449480-compute@developer.gserviceaccount.com","availableMemory":"256Mi","allTrafficOnLatestRevision":true,"revision":"resetusercounter-00014-cef","maxInstanceRequestConcurrency":80,"availableCpu":"1"},"state":"ACTIVE","labels":{"deployment-tool":"cli-firebase","firebase-functions-hash":"4fb95acf971fd44e46da4433b3dd2209ba159cb9"},"environment":"GEN_2","url":"https://us-central1-popchatv002.cloudfunctions.net/resetUserCounter","satisfiesPzi":true},"stages":[{"name":"BUILD","message":"Reusing build","state":"COMPLETE","resource":"projects/296369449480/locations/us-central1/builds/d3aaf7e5-a1dd-4c1f-8f40-17df48e13534"},{"name":"SERVICE","message":"Updating Cloud Run service","state":"IN_PROGRESS","resource":"projects/popchatv002/locations/us-central1/services/resetusercounter","resourceUri":"https://console.cloud.google.com/run/detail/us-central1/resetusercounter?project=popchatv002","stateMessages":[{"severity":"INFO","type":"CloudRunServiceNewRevisionTrafficInfo","message":"A new revision will be deployed serving with 100% traffic."}]}],"sourceToken":"Cldwcm9qZWN0cy8yOTYzNjk0NDk0ODAvbG9jYXRpb25zL3VzLWNlbnRyYWwxL2J1aWxkcy9kM2FhZjdlNS1hMWRkLTRjMWYtOGY0MC0xN2RmNDhlMTM1MzQSbHVzLWNlbnRyYWwxLWRvY2tlci5wa2cuZGV2L3BvcGNoYXR2MDAyL2djZi1hcnRpZmFjdHMvcG9wY2hhdHYwMDJfX3VzLS1jZW50cmFsMV9fdGVzdF9odHRwX2Z1bmN0aW9uOnZlcnNpb25fMRiI1PuH0AgiRXByb2plY3RzL3BvcGNoYXR2MDAyL2xvY2F0aW9ucy91cy1jZW50cmFsMS9mdW5jdGlvbnMvdGVzdEh0dHBGdW5jdGlvbioMCPOkiMMGENCd2b8BMghub2RlanMyMjp2CiNnY3IuaW8vZ2FlLXJ1bnRpbWVzL25vZGVqczIyOnN0YWJsZRJPdXMtY2VudHJhbDEtZG9ja2VyLnBrZy5kZXYvc2VydmVybGVzcy1ydW50aW1lcy9nb29nbGUtMjItZnVsbC9ydW50aW1lcy9ub2RlanMyMkAB","operationType":"UPDATE_FUNCTION","buildName":"projects/296369449480/locations/us-central1/builds/d3aaf7e5-a1dd-4c1f-8f40-17df48e13534"},"done":false}
[debug] [2025-06-30T04:28:46.047Z] Got source token Cldwcm9qZWN0cy8yOTYzNjk0NDk0ODAvbG9jYXRpb25zL3VzLWNlbnRyYWwxL2J1aWxkcy9kM2FhZjdlNS1hMWRkLTRjMWYtOGY0MC0xN2RmNDhlMTM1MzQSbHVzLWNlbnRyYWwxLWRvY2tlci5wa2cuZGV2L3BvcGNoYXR2MDAyL2djZi1hcnRpZmFjdHMvcG9wY2hhdHYwMDJfX3VzLS1jZW50cmFsMV9fdGVzdF9odHRwX2Z1bmN0aW9uOnZlcnNpb25fMRiI1PuH0AgiRXByb2plY3RzL3BvcGNoYXR2MDAyL2xvY2F0aW9ucy91cy1jZW50cmFsMS9mdW5jdGlvbnMvdGVzdEh0dHBGdW5jdGlvbioMCPOkiMMGENCd2b8BMghub2RlanMyMjp2CiNnY3IuaW8vZ2FlLXJ1bnRpbWVzL25vZGVqczIyOnN0YWJsZRJPdXMtY2VudHJhbDEtZG9ja2VyLnBrZy5kZXYvc2VydmVybGVzcy1ydW50aW1lcy9nb29nbGUtMjItZnVsbC9ydW50aW1lcy9ub2RlanMyMkAB for region us-central1
[debug] [2025-06-30T04:28:46.054Z] <<< [apiv2][status] GET https://cloudfunctions.googleapis.com/v2/projects/popchatv002/locations/us-central1/operations/operation-1751257720469-638c27656b729-c899d5b1-c4413bff 200
[debug] [2025-06-30T04:28:46.055Z] <<< [apiv2][body] GET https://cloudfunctions.googleapis.com/v2/projects/popchatv002/locations/us-central1/operations/operation-1751257720469-638c27656b729-c899d5b1-c4413bff {"name":"projects/popchatv002/locations/us-central1/operations/operation-1751257720469-638c27656b729-c899d5b1-c4413bff","metadata":{"@type":"type.googleapis.com/google.cloud.functions.v2.OperationMetadata","createTime":"2025-06-30T04:28:41.149278176Z","target":"projects/popchatv002/locations/us-central1/functions/sendHostToGroup","verb":"update","cancelRequested":false,"apiVersion":"v2","requestResource":{"@type":"type.googleapis.com/google.cloud.functions.v2.Function","name":"projects/popchatv002/locations/us-central1/functions/sendHostToGroup","buildConfig":{"runtime":"nodejs22","entryPoint":"sendHostToGroup","source":{"storageSource":{"bucket":"gcf-v2-sources-296369449480-us-central1","object":"sendHostToGroup/function-source.zip","generation":"1751257721098329"}},"environmentVariables":{"GOOGLE_NODE_RUN_SCRIPTS":""},"dockerRepository":"projects/popchatv002/locations/us-central1/repositories/gcf-artifacts","sourceProvenance":{"resolvedStorageSource":{"bucket":"gcf-v2-sources-296369449480-us-central1","object":"sendHostToGroup/function-source.zip","generation":"1751257099576409"}},"dockerRegistry":"ARTIFACT_REGISTRY","sourceToken":"Cldwcm9qZWN0cy8yOTYzNjk0NDk0ODAvbG9jYXRpb25zL3VzLWNlbnRyYWwxL2J1aWxkcy9kM2FhZjdlNS1hMWRkLTRjMWYtOGY0MC0xN2RmNDhlMTM1MzQSbHVzLWNlbnRyYWwxLWRvY2tlci5wa2cuZGV2L3BvcGNoYXR2MDAyL2djZi1hcnRpZmFjdHMvcG9wY2hhdHYwMDJfX3VzLS1jZW50cmFsMV9fdGVzdF9odHRwX2Z1bmN0aW9uOnZlcnNpb25fMRiI1PuH0AgiRXByb2plY3RzL3BvcGNoYXR2MDAyL2xvY2F0aW9ucy91cy1jZW50cmFsMS9mdW5jdGlvbnMvdGVzdEh0dHBGdW5jdGlvbioMCPOkiMMGENCd2b8BMghub2RlanMyMjp2CiNnY3IuaW8vZ2FlLXJ1bnRpbWVzL25vZGVqczIyOnN0YWJsZRJPdXMtY2VudHJhbDEtZG9ja2VyLnBrZy5kZXYvc2VydmVybGVzcy1ydW50aW1lcy9nb29nbGUtMjItZnVsbC9ydW50aW1lcy9ub2RlanMyMkAB","serviceAccount":"projects/popchatv002/serviceAccounts/296369449480-compute@developer.gserviceaccount.com","automaticUpdatePolicy":{}},"serviceConfig":{"service":"projects/popchatv002/locations/us-central1/services/sendhosttogroup","timeoutSeconds":60,"environmentVariables":{"FIREBASE_CONFIG":"{\"projectId\":\"popchatv002\",\"databaseURL\":\"https://popchatv002-default-rtdb.firebaseio.com\",\"storageBucket\":\"popchatv002.firebasestorage.app\"}","GCLOUD_PROJECT":"popchatv002","EVENTARC_CLOUD_EVENT_SOURCE":"projects/popchatv002/locations/us-central1/services/sendHostToGroup","FUNCTION_TARGET":"sendHostToGroup","LOG_EXECUTION_ID":"true","FUNCTION_SIGNATURE_TYPE":"http"},"ingressSettings":"ALLOW_ALL","uri":"https://sendhosttogroup-2zjil5azfa-uc.a.run.app","serviceAccountEmail":"296369449480-compute@developer.gserviceaccount.com","availableMemory":"256Mi","allTrafficOnLatestRevision":true,"revision":"sendhosttogroup-00023-viy","maxInstanceRequestConcurrency":80,"availableCpu":"1"},"state":"ACTIVE","labels":{"deployment-tool":"cli-firebase","firebase-functions-hash":"4fb95acf971fd44e46da4433b3dd2209ba159cb9"},"environment":"GEN_2","url":"https://us-central1-popchatv002.cloudfunctions.net/sendHostToGroup","satisfiesPzi":true},"stages":[{"name":"BUILD","message":"Reusing build","state":"COMPLETE","resource":"projects/296369449480/locations/us-central1/builds/d3aaf7e5-a1dd-4c1f-8f40-17df48e13534"},{"name":"SERVICE","message":"Updating Cloud Run service","state":"IN_PROGRESS","resource":"projects/popchatv002/locations/us-central1/services/sendhosttogroup","resourceUri":"https://console.cloud.google.com/run/detail/us-central1/sendhosttogroup?project=popchatv002","stateMessages":[{"severity":"INFO","type":"CloudRunServiceNewRevisionTrafficInfo","message":"A new revision will be deployed serving with 100% traffic."}]}],"sourceToken":"Cldwcm9qZWN0cy8yOTYzNjk0NDk0ODAvbG9jYXRpb25zL3VzLWNlbnRyYWwxL2J1aWxkcy9kM2FhZjdlNS1hMWRkLTRjMWYtOGY0MC0xN2RmNDhlMTM1MzQSbHVzLWNlbnRyYWwxLWRvY2tlci5wa2cuZGV2L3BvcGNoYXR2MDAyL2djZi1hcnRpZmFjdHMvcG9wY2hhdHYwMDJfX3VzLS1jZW50cmFsMV9fdGVzdF9odHRwX2Z1bmN0aW9uOnZlcnNpb25fMRiI1PuH0AgiRXByb2plY3RzL3BvcGNoYXR2MDAyL2xvY2F0aW9ucy91cy1jZW50cmFsMS9mdW5jdGlvbnMvdGVzdEh0dHBGdW5jdGlvbioMCPOkiMMGENCd2b8BMghub2RlanMyMjp2CiNnY3IuaW8vZ2FlLXJ1bnRpbWVzL25vZGVqczIyOnN0YWJsZRJPdXMtY2VudHJhbDEtZG9ja2VyLnBrZy5kZXYvc2VydmVybGVzcy1ydW50aW1lcy9nb29nbGUtMjItZnVsbC9ydW50aW1lcy9ub2RlanMyMkAB","operationType":"UPDATE_FUNCTION","buildName":"projects/296369449480/locations/us-central1/builds/d3aaf7e5-a1dd-4c1f-8f40-17df48e13534"},"done":false}
[debug] [2025-06-30T04:28:46.055Z] Got source token Cldwcm9qZWN0cy8yOTYzNjk0NDk0ODAvbG9jYXRpb25zL3VzLWNlbnRyYWwxL2J1aWxkcy9kM2FhZjdlNS1hMWRkLTRjMWYtOGY0MC0xN2RmNDhlMTM1MzQSbHVzLWNlbnRyYWwxLWRvY2tlci5wa2cuZGV2L3BvcGNoYXR2MDAyL2djZi1hcnRpZmFjdHMvcG9wY2hhdHYwMDJfX3VzLS1jZW50cmFsMV9fdGVzdF9odHRwX2Z1bmN0aW9uOnZlcnNpb25fMRiI1PuH0AgiRXByb2plY3RzL3BvcGNoYXR2MDAyL2xvY2F0aW9ucy91cy1jZW50cmFsMS9mdW5jdGlvbnMvdGVzdEh0dHBGdW5jdGlvbioMCPOkiMMGENCd2b8BMghub2RlanMyMjp2CiNnY3IuaW8vZ2FlLXJ1bnRpbWVzL25vZGVqczIyOnN0YWJsZRJPdXMtY2VudHJhbDEtZG9ja2VyLnBrZy5kZXYvc2VydmVybGVzcy1ydW50aW1lcy9nb29nbGUtMjItZnVsbC9ydW50aW1lcy9ub2RlanMyMkAB for region us-central1
[debug] [2025-06-30T04:28:46.067Z] <<< [apiv2][status] GET https://cloudfunctions.googleapis.com/v2/projects/popchatv002/locations/us-central1/operations/operation-1751257720431-638c2765623ef-1d50ed9e-7f2e316b 200
[debug] [2025-06-30T04:28:46.067Z] <<< [apiv2][body] GET https://cloudfunctions.googleapis.com/v2/projects/popchatv002/locations/us-central1/operations/operation-1751257720431-638c2765623ef-1d50ed9e-7f2e316b {"name":"projects/popchatv002/locations/us-central1/operations/operation-1751257720431-638c2765623ef-1d50ed9e-7f2e316b","metadata":{"@type":"type.googleapis.com/google.cloud.functions.v2.OperationMetadata","createTime":"2025-06-30T04:28:41.206328431Z","target":"projects/popchatv002/locations/us-central1/functions/trackUserSessionDelete","verb":"update","cancelRequested":false,"apiVersion":"v2","requestResource":{"@type":"type.googleapis.com/google.cloud.functions.v2.Function","name":"projects/popchatv002/locations/us-central1/functions/trackUserSessionDelete","buildConfig":{"runtime":"nodejs22","entryPoint":"trackUserSessionDelete","source":{"storageSource":{"bucket":"gcf-v2-sources-296369449480-us-central1","object":"trackUserSessionDelete/function-source.zip","generation":"1751257721149279"}},"environmentVariables":{"GOOGLE_NODE_RUN_SCRIPTS":""},"dockerRepository":"projects/popchatv002/locations/us-central1/repositories/gcf-artifacts","sourceProvenance":{"resolvedStorageSource":{"bucket":"gcf-v2-sources-296369449480-us-central1","object":"trackUserSessionDelete/function-source.zip","generation":"1751257099512193"}},"dockerRegistry":"ARTIFACT_REGISTRY","sourceToken":"Cldwcm9qZWN0cy8yOTYzNjk0NDk0ODAvbG9jYXRpb25zL3VzLWNlbnRyYWwxL2J1aWxkcy9kM2FhZjdlNS1hMWRkLTRjMWYtOGY0MC0xN2RmNDhlMTM1MzQSbHVzLWNlbnRyYWwxLWRvY2tlci5wa2cuZGV2L3BvcGNoYXR2MDAyL2djZi1hcnRpZmFjdHMvcG9wY2hhdHYwMDJfX3VzLS1jZW50cmFsMV9fdGVzdF9odHRwX2Z1bmN0aW9uOnZlcnNpb25fMRiI1PuH0AgiRXByb2plY3RzL3BvcGNoYXR2MDAyL2xvY2F0aW9ucy91cy1jZW50cmFsMS9mdW5jdGlvbnMvdGVzdEh0dHBGdW5jdGlvbioMCPOkiMMGENCd2b8BMghub2RlanMyMjp2CiNnY3IuaW8vZ2FlLXJ1bnRpbWVzL25vZGVqczIyOnN0YWJsZRJPdXMtY2VudHJhbDEtZG9ja2VyLnBrZy5kZXYvc2VydmVybGVzcy1ydW50aW1lcy9nb29nbGUtMjItZnVsbC9ydW50aW1lcy9ub2RlanMyMkAB","serviceAccount":"projects/popchatv002/serviceAccounts/296369449480-compute@developer.gserviceaccount.com","automaticUpdatePolicy":{}},"serviceConfig":{"service":"projects/popchatv002/locations/us-central1/services/trackusersessiondelete","timeoutSeconds":60,"environmentVariables":{"FIREBASE_CONFIG":"{\"projectId\":\"popchatv002\",\"databaseURL\":\"https://popchatv002-default-rtdb.firebaseio.com\",\"storageBucket\":\"popchatv002.firebasestorage.app\"}","GCLOUD_PROJECT":"popchatv002","EVENTARC_CLOUD_EVENT_SOURCE":"projects/popchatv002/locations/us-central1/services/trackUserSessionDelete","FUNCTION_SIGNATURE_TYPE":"cloudevent","FUNCTION_TARGET":"trackUserSessionDelete","LOG_EXECUTION_ID":"true"},"ingressSettings":"ALLOW_ALL","uri":"https://trackusersessiondelete-2zjil5azfa-uc.a.run.app","serviceAccountEmail":"296369449480-compute@developer.gserviceaccount.com","availableMemory":"256Mi","allTrafficOnLatestRevision":true,"revision":"trackusersessiondelete-00029-boj","maxInstanceRequestConcurrency":80,"availableCpu":"1"},"eventTrigger":{"trigger":"projects/popchatv002/locations/us-central1/triggers/trackusersessiondelete-166122","triggerRegion":"us-central1","eventType":"google.firebase.database.ref.v1.deleted","eventFilters":[{"attribute":"ref","value":"status/{userId}","operator":"match-path-pattern"},{"attribute":"instance","value":"*","operator":"match-path-pattern"}],"pubsubTopic":"projects/popchatv002/topics/eventarc-us-central1-trackusersessiondelete-166122-935","serviceAccountEmail":"296369449480-compute@developer.gserviceaccount.com","retryPolicy":"RETRY_POLICY_DO_NOT_RETRY"},"state":"ACTIVE","labels":{"deployment-tool":"cli-firebase","firebase-functions-hash":"4fb95acf971fd44e46da4433b3dd2209ba159cb9"},"environment":"GEN_2","url":"https://us-central1-popchatv002.cloudfunctions.net/trackUserSessionDelete","satisfiesPzi":true},"stages":[{"name":"BUILD","message":"Reusing build","state":"COMPLETE","resource":"projects/296369449480/locations/us-central1/builds/d3aaf7e5-a1dd-4c1f-8f40-17df48e13534"},{"name":"SERVICE","message":"Updating Cloud Run service","state":"IN_PROGRESS","resource":"projects/popchatv002/locations/us-central1/services/trackusersessiondelete","resourceUri":"https://console.cloud.google.com/run/detail/us-central1/trackusersessiondelete?project=popchatv002","stateMessages":[{"severity":"INFO","type":"CloudRunServiceNewRevisionTrafficInfo","message":"A new revision will be deployed serving with 100% traffic."}]},{"name":"TRIGGER","state":"NOT_STARTED"}],"sourceToken":"Cldwcm9qZWN0cy8yOTYzNjk0NDk0ODAvbG9jYXRpb25zL3VzLWNlbnRyYWwxL2J1aWxkcy9kM2FhZjdlNS1hMWRkLTRjMWYtOGY0MC0xN2RmNDhlMTM1MzQSbHVzLWNlbnRyYWwxLWRvY2tlci5wa2cuZGV2L3BvcGNoYXR2MDAyL2djZi1hcnRpZmFjdHMvcG9wY2hhdHYwMDJfX3VzLS1jZW50cmFsMV9fdGVzdF9odHRwX2Z1bmN0aW9uOnZlcnNpb25fMRiI1PuH0AgiRXByb2plY3RzL3BvcGNoYXR2MDAyL2xvY2F0aW9ucy91cy1jZW50cmFsMS9mdW5jdGlvbnMvdGVzdEh0dHBGdW5jdGlvbioMCPOkiMMGENCd2b8BMghub2RlanMyMjp2CiNnY3IuaW8vZ2FlLXJ1bnRpbWVzL25vZGVqczIyOnN0YWJsZRJPdXMtY2VudHJhbDEtZG9ja2VyLnBrZy5kZXYvc2VydmVybGVzcy1ydW50aW1lcy9nb29nbGUtMjItZnVsbC9ydW50aW1lcy9ub2RlanMyMkAB","operationType":"UPDATE_FUNCTION","buildName":"projects/296369449480/locations/us-central1/builds/d3aaf7e5-a1dd-4c1f-8f40-17df48e13534"},"done":false}
[debug] [2025-06-30T04:28:46.067Z] Got source token Cldwcm9qZWN0cy8yOTYzNjk0NDk0ODAvbG9jYXRpb25zL3VzLWNlbnRyYWwxL2J1aWxkcy9kM2FhZjdlNS1hMWRkLTRjMWYtOGY0MC0xN2RmNDhlMTM1MzQSbHVzLWNlbnRyYWwxLWRvY2tlci5wa2cuZGV2L3BvcGNoYXR2MDAyL2djZi1hcnRpZmFjdHMvcG9wY2hhdHYwMDJfX3VzLS1jZW50cmFsMV9fdGVzdF9odHRwX2Z1bmN0aW9uOnZlcnNpb25fMRiI1PuH0AgiRXByb2plY3RzL3BvcGNoYXR2MDAyL2xvY2F0aW9ucy91cy1jZW50cmFsMS9mdW5jdGlvbnMvdGVzdEh0dHBGdW5jdGlvbioMCPOkiMMGENCd2b8BMghub2RlanMyMjp2CiNnY3IuaW8vZ2FlLXJ1bnRpbWVzL25vZGVqczIyOnN0YWJsZRJPdXMtY2VudHJhbDEtZG9ja2VyLnBrZy5kZXYvc2VydmVybGVzcy1ydW50aW1lcy9nb29nbGUtMjItZnVsbC9ydW50aW1lcy9ub2RlanMyMkAB for region us-central1
[debug] [2025-06-30T04:28:46.069Z] <<< [apiv2][status] GET https://cloudfunctions.googleapis.com/v2/projects/popchatv002/locations/us-central1/operations/operation-1751257720466-638c27656aac6-c7a788ed-f3b01150 200
[debug] [2025-06-30T04:28:46.069Z] <<< [apiv2][body] GET https://cloudfunctions.googleapis.com/v2/projects/popchatv002/locations/us-central1/operations/operation-1751257720466-638c27656aac6-c7a788ed-f3b01150 {"name":"projects/popchatv002/locations/us-central1/operations/operation-1751257720466-638c27656aac6-c7a788ed-f3b01150","metadata":{"@type":"type.googleapis.com/google.cloud.functions.v2.OperationMetadata","createTime":"2025-06-30T04:28:41.164815608Z","target":"projects/popchatv002/locations/us-central1/functions/testScheduledFunction","verb":"update","cancelRequested":false,"apiVersion":"v2","requestResource":{"@type":"type.googleapis.com/google.cloud.functions.v2.Function","name":"projects/popchatv002/locations/us-central1/functions/testScheduledFunction","buildConfig":{"runtime":"nodejs22","entryPoint":"testScheduledFunction","source":{"storageSource":{"bucket":"gcf-v2-sources-296369449480-us-central1","object":"testScheduledFunction/function-source.zip","generation":"1751257721123130"}},"environmentVariables":{"GOOGLE_NODE_RUN_SCRIPTS":""},"dockerRepository":"projects/popchatv002/locations/us-central1/repositories/gcf-artifacts","sourceProvenance":{"resolvedStorageSource":{"bucket":"gcf-v2-sources-296369449480-us-central1","object":"testScheduledFunction/function-source.zip","generation":"1751257099559976"}},"dockerRegistry":"ARTIFACT_REGISTRY","sourceToken":"Cldwcm9qZWN0cy8yOTYzNjk0NDk0ODAvbG9jYXRpb25zL3VzLWNlbnRyYWwxL2J1aWxkcy9kM2FhZjdlNS1hMWRkLTRjMWYtOGY0MC0xN2RmNDhlMTM1MzQSbHVzLWNlbnRyYWwxLWRvY2tlci5wa2cuZGV2L3BvcGNoYXR2MDAyL2djZi1hcnRpZmFjdHMvcG9wY2hhdHYwMDJfX3VzLS1jZW50cmFsMV9fdGVzdF9odHRwX2Z1bmN0aW9uOnZlcnNpb25fMRiI1PuH0AgiRXByb2plY3RzL3BvcGNoYXR2MDAyL2xvY2F0aW9ucy91cy1jZW50cmFsMS9mdW5jdGlvbnMvdGVzdEh0dHBGdW5jdGlvbioMCPOkiMMGENCd2b8BMghub2RlanMyMjp2CiNnY3IuaW8vZ2FlLXJ1bnRpbWVzL25vZGVqczIyOnN0YWJsZRJPdXMtY2VudHJhbDEtZG9ja2VyLnBrZy5kZXYvc2VydmVybGVzcy1ydW50aW1lcy9nb29nbGUtMjItZnVsbC9ydW50aW1lcy9ub2RlanMyMkAB","serviceAccount":"projects/popchatv002/serviceAccounts/296369449480-compute@developer.gserviceaccount.com","automaticUpdatePolicy":{}},"serviceConfig":{"service":"projects/popchatv002/locations/us-central1/services/testscheduledfunction","timeoutSeconds":60,"environmentVariables":{"FIREBASE_CONFIG":"{\"projectId\":\"popchatv002\",\"databaseURL\":\"https://popchatv002-default-rtdb.firebaseio.com\",\"storageBucket\":\"popchatv002.firebasestorage.app\"}","GCLOUD_PROJECT":"popchatv002","EVENTARC_CLOUD_EVENT_SOURCE":"projects/popchatv002/locations/us-central1/services/testScheduledFunction","FUNCTION_TARGET":"testScheduledFunction","LOG_EXECUTION_ID":"true","FUNCTION_SIGNATURE_TYPE":"http"},"ingressSettings":"ALLOW_ALL","uri":"https://testscheduledfunction-2zjil5azfa-uc.a.run.app","serviceAccountEmail":"296369449480-compute@developer.gserviceaccount.com","availableMemory":"256Mi","allTrafficOnLatestRevision":true,"revision":"testscheduledfunction-00024-xin","maxInstanceRequestConcurrency":80,"availableCpu":"1"},"state":"ACTIVE","labels":{"deployment-tool":"cli-firebase","firebase-functions-hash":"4fb95acf971fd44e46da4433b3dd2209ba159cb9"},"environment":"GEN_2","url":"https://us-central1-popchatv002.cloudfunctions.net/testScheduledFunction","satisfiesPzi":true},"stages":[{"name":"BUILD","message":"Reusing build","state":"COMPLETE","resource":"projects/296369449480/locations/us-central1/builds/d3aaf7e5-a1dd-4c1f-8f40-17df48e13534"},{"name":"SERVICE","message":"Updating Cloud Run service","state":"IN_PROGRESS","resource":"projects/popchatv002/locations/us-central1/services/testscheduledfunction","resourceUri":"https://console.cloud.google.com/run/detail/us-central1/testscheduledfunction?project=popchatv002","stateMessages":[{"severity":"INFO","type":"CloudRunServiceNewRevisionTrafficInfo","message":"A new revision will be deployed serving with 100% traffic."}]}],"sourceToken":"Cldwcm9qZWN0cy8yOTYzNjk0NDk0ODAvbG9jYXRpb25zL3VzLWNlbnRyYWwxL2J1aWxkcy9kM2FhZjdlNS1hMWRkLTRjMWYtOGY0MC0xN2RmNDhlMTM1MzQSbHVzLWNlbnRyYWwxLWRvY2tlci5wa2cuZGV2L3BvcGNoYXR2MDAyL2djZi1hcnRpZmFjdHMvcG9wY2hhdHYwMDJfX3VzLS1jZW50cmFsMV9fdGVzdF9odHRwX2Z1bmN0aW9uOnZlcnNpb25fMRiI1PuH0AgiRXByb2plY3RzL3BvcGNoYXR2MDAyL2xvY2F0aW9ucy91cy1jZW50cmFsMS9mdW5jdGlvbnMvdGVzdEh0dHBGdW5jdGlvbioMCPOkiMMGENCd2b8BMghub2RlanMyMjp2CiNnY3IuaW8vZ2FlLXJ1bnRpbWVzL25vZGVqczIyOnN0YWJsZRJPdXMtY2VudHJhbDEtZG9ja2VyLnBrZy5kZXYvc2VydmVybGVzcy1ydW50aW1lcy9nb29nbGUtMjItZnVsbC9ydW50aW1lcy9ub2RlanMyMkAB","operationType":"UPDATE_FUNCTION","buildName":"projects/296369449480/locations/us-central1/builds/d3aaf7e5-a1dd-4c1f-8f40-17df48e13534"},"done":false}
[debug] [2025-06-30T04:28:46.069Z] Got source token Cldwcm9qZWN0cy8yOTYzNjk0NDk0ODAvbG9jYXRpb25zL3VzLWNlbnRyYWwxL2J1aWxkcy9kM2FhZjdlNS1hMWRkLTRjMWYtOGY0MC0xN2RmNDhlMTM1MzQSbHVzLWNlbnRyYWwxLWRvY2tlci5wa2cuZGV2L3BvcGNoYXR2MDAyL2djZi1hcnRpZmFjdHMvcG9wY2hhdHYwMDJfX3VzLS1jZW50cmFsMV9fdGVzdF9odHRwX2Z1bmN0aW9uOnZlcnNpb25fMRiI1PuH0AgiRXByb2plY3RzL3BvcGNoYXR2MDAyL2xvY2F0aW9ucy91cy1jZW50cmFsMS9mdW5jdGlvbnMvdGVzdEh0dHBGdW5jdGlvbioMCPOkiMMGENCd2b8BMghub2RlanMyMjp2CiNnY3IuaW8vZ2FlLXJ1bnRpbWVzL25vZGVqczIyOnN0YWJsZRJPdXMtY2VudHJhbDEtZG9ja2VyLnBrZy5kZXYvc2VydmVybGVzcy1ydW50aW1lcy9nb29nbGUtMjItZnVsbC9ydW50aW1lcy9ub2RlanMyMkAB for region us-central1
[debug] [2025-06-30T04:28:46.115Z] <<< [apiv2][status] GET https://cloudfunctions.googleapis.com/v2/projects/popchatv002/locations/us-central1/operations/operation-1751257720432-638c276562868-2f15351f-4544f374 200
[debug] [2025-06-30T04:28:46.115Z] <<< [apiv2][body] GET https://cloudfunctions.googleapis.com/v2/projects/popchatv002/locations/us-central1/operations/operation-1751257720432-638c276562868-2f15351f-4544f374 {"name":"projects/popchatv002/locations/us-central1/operations/operation-1751257720432-638c276562868-2f15351f-4544f374","metadata":{"@type":"type.googleapis.com/google.cloud.functions.v2.OperationMetadata","createTime":"2025-06-30T04:28:41.212843466Z","target":"projects/popchatv002/locations/us-central1/functions/addUserStatus","verb":"update","cancelRequested":false,"apiVersion":"v2","requestResource":{"@type":"type.googleapis.com/google.cloud.functions.v2.Function","name":"projects/popchatv002/locations/us-central1/functions/addUserStatus","buildConfig":{"runtime":"nodejs22","entryPoint":"addUserStatus","source":{"storageSource":{"bucket":"gcf-v2-sources-296369449480-us-central1","object":"addUserStatus/function-source.zip","generation":"1751257721123503"}},"environmentVariables":{"GOOGLE_NODE_RUN_SCRIPTS":""},"dockerRepository":"projects/popchatv002/locations/us-central1/repositories/gcf-artifacts","sourceProvenance":{"resolvedStorageSource":{"bucket":"gcf-v2-sources-296369449480-us-central1","object":"addUserStatus/function-source.zip","generation":"1751257099523851"}},"dockerRegistry":"ARTIFACT_REGISTRY","sourceToken":"Cldwcm9qZWN0cy8yOTYzNjk0NDk0ODAvbG9jYXRpb25zL3VzLWNlbnRyYWwxL2J1aWxkcy9kM2FhZjdlNS1hMWRkLTRjMWYtOGY0MC0xN2RmNDhlMTM1MzQSbHVzLWNlbnRyYWwxLWRvY2tlci5wa2cuZGV2L3BvcGNoYXR2MDAyL2djZi1hcnRpZmFjdHMvcG9wY2hhdHYwMDJfX3VzLS1jZW50cmFsMV9fdGVzdF9odHRwX2Z1bmN0aW9uOnZlcnNpb25fMRiI1PuH0AgiRXByb2plY3RzL3BvcGNoYXR2MDAyL2xvY2F0aW9ucy91cy1jZW50cmFsMS9mdW5jdGlvbnMvdGVzdEh0dHBGdW5jdGlvbioMCPOkiMMGENCd2b8BMghub2RlanMyMjp2CiNnY3IuaW8vZ2FlLXJ1bnRpbWVzL25vZGVqczIyOnN0YWJsZRJPdXMtY2VudHJhbDEtZG9ja2VyLnBrZy5kZXYvc2VydmVybGVzcy1ydW50aW1lcy9nb29nbGUtMjItZnVsbC9ydW50aW1lcy9ub2RlanMyMkAB","serviceAccount":"projects/popchatv002/serviceAccounts/296369449480-compute@developer.gserviceaccount.com","automaticUpdatePolicy":{}},"serviceConfig":{"service":"projects/popchatv002/locations/us-central1/services/adduserstatus","timeoutSeconds":60,"environmentVariables":{"FIREBASE_CONFIG":"{\"projectId\":\"popchatv002\",\"databaseURL\":\"https://popchatv002-default-rtdb.firebaseio.com\",\"storageBucket\":\"popchatv002.firebasestorage.app\"}","GCLOUD_PROJECT":"popchatv002","EVENTARC_CLOUD_EVENT_SOURCE":"projects/popchatv002/locations/us-central1/services/addUserStatus","FUNCTION_TARGET":"addUserStatus","LOG_EXECUTION_ID":"true","FUNCTION_SIGNATURE_TYPE":"http"},"ingressSettings":"ALLOW_ALL","uri":"https://adduserstatus-2zjil5azfa-uc.a.run.app","serviceAccountEmail":"296369449480-compute@developer.gserviceaccount.com","availableMemory":"256Mi","allTrafficOnLatestRevision":true,"revision":"adduserstatus-00026-fix","maxInstanceRequestConcurrency":80,"availableCpu":"1"},"state":"ACTIVE","labels":{"deployment-tool":"cli-firebase","firebase-functions-hash":"4fb95acf971fd44e46da4433b3dd2209ba159cb9"},"environment":"GEN_2","url":"https://us-central1-popchatv002.cloudfunctions.net/addUserStatus","satisfiesPzi":true},"stages":[{"name":"BUILD","message":"Reusing build","state":"COMPLETE","resource":"projects/296369449480/locations/us-central1/builds/d3aaf7e5-a1dd-4c1f-8f40-17df48e13534"},{"name":"SERVICE","message":"Updating Cloud Run service","state":"IN_PROGRESS","resource":"projects/popchatv002/locations/us-central1/services/adduserstatus","resourceUri":"https://console.cloud.google.com/run/detail/us-central1/adduserstatus?project=popchatv002","stateMessages":[{"severity":"INFO","type":"CloudRunServiceNewRevisionTrafficInfo","message":"A new revision will be deployed serving with 100% traffic."}]}],"sourceToken":"Cldwcm9qZWN0cy8yOTYzNjk0NDk0ODAvbG9jYXRpb25zL3VzLWNlbnRyYWwxL2J1aWxkcy9kM2FhZjdlNS1hMWRkLTRjMWYtOGY0MC0xN2RmNDhlMTM1MzQSbHVzLWNlbnRyYWwxLWRvY2tlci5wa2cuZGV2L3BvcGNoYXR2MDAyL2djZi1hcnRpZmFjdHMvcG9wY2hhdHYwMDJfX3VzLS1jZW50cmFsMV9fdGVzdF9odHRwX2Z1bmN0aW9uOnZlcnNpb25fMRiI1PuH0AgiRXByb2plY3RzL3BvcGNoYXR2MDAyL2xvY2F0aW9ucy91cy1jZW50cmFsMS9mdW5jdGlvbnMvdGVzdEh0dHBGdW5jdGlvbioMCPOkiMMGENCd2b8BMghub2RlanMyMjp2CiNnY3IuaW8vZ2FlLXJ1bnRpbWVzL25vZGVqczIyOnN0YWJsZRJPdXMtY2VudHJhbDEtZG9ja2VyLnBrZy5kZXYvc2VydmVybGVzcy1ydW50aW1lcy9nb29nbGUtMjItZnVsbC9ydW50aW1lcy9ub2RlanMyMkAB","operationType":"UPDATE_FUNCTION","buildName":"projects/296369449480/locations/us-central1/builds/d3aaf7e5-a1dd-4c1f-8f40-17df48e13534"},"done":false}
[debug] [2025-06-30T04:28:46.115Z] Got source token Cldwcm9qZWN0cy8yOTYzNjk0NDk0ODAvbG9jYXRpb25zL3VzLWNlbnRyYWwxL2J1aWxkcy9kM2FhZjdlNS1hMWRkLTRjMWYtOGY0MC0xN2RmNDhlMTM1MzQSbHVzLWNlbnRyYWwxLWRvY2tlci5wa2cuZGV2L3BvcGNoYXR2MDAyL2djZi1hcnRpZmFjdHMvcG9wY2hhdHYwMDJfX3VzLS1jZW50cmFsMV9fdGVzdF9odHRwX2Z1bmN0aW9uOnZlcnNpb25fMRiI1PuH0AgiRXByb2plY3RzL3BvcGNoYXR2MDAyL2xvY2F0aW9ucy91cy1jZW50cmFsMS9mdW5jdGlvbnMvdGVzdEh0dHBGdW5jdGlvbioMCPOkiMMGENCd2b8BMghub2RlanMyMjp2CiNnY3IuaW8vZ2FlLXJ1bnRpbWVzL25vZGVqczIyOnN0YWJsZRJPdXMtY2VudHJhbDEtZG9ja2VyLnBrZy5kZXYvc2VydmVybGVzcy1ydW50aW1lcy9nb29nbGUtMjItZnVsbC9ydW50aW1lcy9ub2RlanMyMkAB for region us-central1
[debug] [2025-06-30T04:28:46.242Z] <<< [apiv2][status] GET https://cloudfunctions.googleapis.com/v2/projects/popchatv002/locations/us-central1/operations/operation-1751257720468-638c27656b449-f90f96cc-332f62ae 200
[debug] [2025-06-30T04:28:46.242Z] <<< [apiv2][body] GET https://cloudfunctions.googleapis.com/v2/projects/popchatv002/locations/us-central1/operations/operation-1751257720468-638c27656b449-f90f96cc-332f62ae {"name":"projects/popchatv002/locations/us-central1/operations/operation-1751257720468-638c27656b449-f90f96cc-332f62ae","metadata":{"@type":"type.googleapis.com/google.cloud.functions.v2.OperationMetadata","createTime":"2025-06-30T04:28:41.321902137Z","target":"projects/popchatv002/locations/us-central1/functions/scheduledRandomUserMedia","verb":"update","cancelRequested":false,"apiVersion":"v2","requestResource":{"@type":"type.googleapis.com/google.cloud.functions.v2.Function","name":"projects/popchatv002/locations/us-central1/functions/scheduledRandomUserMedia","buildConfig":{"runtime":"nodejs22","entryPoint":"scheduledRandomUserMedia","source":{"storageSource":{"bucket":"gcf-v2-sources-296369449480-us-central1","object":"scheduledRandomUserMedia/function-source.zip","generation":"1751257721266112"}},"environmentVariables":{"GOOGLE_NODE_RUN_SCRIPTS":""},"dockerRepository":"projects/popchatv002/locations/us-central1/repositories/gcf-artifacts","sourceProvenance":{"resolvedStorageSource":{"bucket":"gcf-v2-sources-296369449480-us-central1","object":"scheduledRandomUserMedia/function-source.zip","generation":"1751257099544726"}},"dockerRegistry":"ARTIFACT_REGISTRY","sourceToken":"Cldwcm9qZWN0cy8yOTYzNjk0NDk0ODAvbG9jYXRpb25zL3VzLWNlbnRyYWwxL2J1aWxkcy9kM2FhZjdlNS1hMWRkLTRjMWYtOGY0MC0xN2RmNDhlMTM1MzQSbHVzLWNlbnRyYWwxLWRvY2tlci5wa2cuZGV2L3BvcGNoYXR2MDAyL2djZi1hcnRpZmFjdHMvcG9wY2hhdHYwMDJfX3VzLS1jZW50cmFsMV9fdGVzdF9odHRwX2Z1bmN0aW9uOnZlcnNpb25fMRiI1PuH0AgiRXByb2plY3RzL3BvcGNoYXR2MDAyL2xvY2F0aW9ucy91cy1jZW50cmFsMS9mdW5jdGlvbnMvdGVzdEh0dHBGdW5jdGlvbioMCPOkiMMGENCd2b8BMghub2RlanMyMjp2CiNnY3IuaW8vZ2FlLXJ1bnRpbWVzL25vZGVqczIyOnN0YWJsZRJPdXMtY2VudHJhbDEtZG9ja2VyLnBrZy5kZXYvc2VydmVybGVzcy1ydW50aW1lcy9nb29nbGUtMjItZnVsbC9ydW50aW1lcy9ub2RlanMyMkAB","serviceAccount":"projects/popchatv002/serviceAccounts/296369449480-compute@developer.gserviceaccount.com","automaticUpdatePolicy":{}},"serviceConfig":{"service":"projects/popchatv002/locations/us-central1/services/scheduledrandomusermedia","timeoutSeconds":60,"environmentVariables":{"FIREBASE_CONFIG":"{\"projectId\":\"popchatv002\",\"databaseURL\":\"https://popchatv002-default-rtdb.firebaseio.com\",\"storageBucket\":\"popchatv002.firebasestorage.app\"}","GCLOUD_PROJECT":"popchatv002","EVENTARC_CLOUD_EVENT_SOURCE":"projects/popchatv002/locations/us-central1/services/scheduledRandomUserMedia","FUNCTION_TARGET":"scheduledRandomUserMedia","LOG_EXECUTION_ID":"true","FUNCTION_SIGNATURE_TYPE":"http"},"ingressSettings":"ALLOW_ALL","uri":"https://scheduledrandomusermedia-2zjil5azfa-uc.a.run.app","serviceAccountEmail":"296369449480-compute@developer.gserviceaccount.com","availableMemory":"256Mi","allTrafficOnLatestRevision":true,"revision":"scheduledrandomusermedia-00026-jex","maxInstanceRequestConcurrency":80,"availableCpu":"1"},"state":"ACTIVE","labels":{"deployment-tool":"cli-firebase","deployment-scheduled":"true","firebase-functions-hash":"4fb95acf971fd44e46da4433b3dd2209ba159cb9"},"environment":"GEN_2","url":"https://us-central1-popchatv002.cloudfunctions.net/scheduledRandomUserMedia","satisfiesPzi":true},"stages":[{"name":"BUILD","message":"Reusing build","state":"COMPLETE","resource":"projects/296369449480/locations/us-central1/builds/d3aaf7e5-a1dd-4c1f-8f40-17df48e13534"},{"name":"SERVICE","message":"Updating Cloud Run service","state":"IN_PROGRESS","resource":"projects/popchatv002/locations/us-central1/services/scheduledrandomusermedia","resourceUri":"https://console.cloud.google.com/run/detail/us-central1/scheduledrandomusermedia?project=popchatv002","stateMessages":[{"severity":"INFO","type":"CloudRunServiceNewRevisionTrafficInfo","message":"A new revision will be deployed serving with 100% traffic."}]}],"sourceToken":"Cldwcm9qZWN0cy8yOTYzNjk0NDk0ODAvbG9jYXRpb25zL3VzLWNlbnRyYWwxL2J1aWxkcy9kM2FhZjdlNS1hMWRkLTRjMWYtOGY0MC0xN2RmNDhlMTM1MzQSbHVzLWNlbnRyYWwxLWRvY2tlci5wa2cuZGV2L3BvcGNoYXR2MDAyL2djZi1hcnRpZmFjdHMvcG9wY2hhdHYwMDJfX3VzLS1jZW50cmFsMV9fdGVzdF9odHRwX2Z1bmN0aW9uOnZlcnNpb25fMRiI1PuH0AgiRXByb2plY3RzL3BvcGNoYXR2MDAyL2xvY2F0aW9ucy91cy1jZW50cmFsMS9mdW5jdGlvbnMvdGVzdEh0dHBGdW5jdGlvbioMCPOkiMMGENCd2b8BMghub2RlanMyMjp2CiNnY3IuaW8vZ2FlLXJ1bnRpbWVzL25vZGVqczIyOnN0YWJsZRJPdXMtY2VudHJhbDEtZG9ja2VyLnBrZy5kZXYvc2VydmVybGVzcy1ydW50aW1lcy9nb29nbGUtMjItZnVsbC9ydW50aW1lcy9ub2RlanMyMkAB","operationType":"UPDATE_FUNCTION","buildName":"projects/296369449480/locations/us-central1/builds/d3aaf7e5-a1dd-4c1f-8f40-17df48e13534"},"done":false}
[debug] [2025-06-30T04:28:46.242Z] Got source token Cldwcm9qZWN0cy8yOTYzNjk0NDk0ODAvbG9jYXRpb25zL3VzLWNlbnRyYWwxL2J1aWxkcy9kM2FhZjdlNS1hMWRkLTRjMWYtOGY0MC0xN2RmNDhlMTM1MzQSbHVzLWNlbnRyYWwxLWRvY2tlci5wa2cuZGV2L3BvcGNoYXR2MDAyL2djZi1hcnRpZmFjdHMvcG9wY2hhdHYwMDJfX3VzLS1jZW50cmFsMV9fdGVzdF9odHRwX2Z1bmN0aW9uOnZlcnNpb25fMRiI1PuH0AgiRXByb2plY3RzL3BvcGNoYXR2MDAyL2xvY2F0aW9ucy91cy1jZW50cmFsMS9mdW5jdGlvbnMvdGVzdEh0dHBGdW5jdGlvbioMCPOkiMMGENCd2b8BMghub2RlanMyMjp2CiNnY3IuaW8vZ2FlLXJ1bnRpbWVzL25vZGVqczIyOnN0YWJsZRJPdXMtY2VudHJhbDEtZG9ja2VyLnBrZy5kZXYvc2VydmVybGVzcy1ydW50aW1lcy9nb29nbGUtMjItZnVsbC9ydW50aW1lcy9ub2RlanMyMkAB for region us-central1
[debug] [2025-06-30T04:28:49.025Z] [update-default-us-central1-writeToDatabase] Retrying task index 0
[debug] [2025-06-30T04:28:49.026Z] Checked if tokens are valid: true, expires at: 1751260621805
[debug] [2025-06-30T04:28:49.026Z] Checked if tokens are valid: true, expires at: 1751260621805
[debug] [2025-06-30T04:28:49.026Z] >>> [apiv2][query] GET https://cloudfunctions.googleapis.com/v2/projects/popchatv002/locations/us-central1/operations/operation-1751257719121-638c276422519-e7852deb-4cd8f505 [none]
[debug] [2025-06-30T04:28:49.211Z] [update-default-us-central1-testHttpFunction] Retrying task index 0
[debug] [2025-06-30T04:28:49.211Z] Checked if tokens are valid: true, expires at: 1751260621805
[debug] [2025-06-30T04:28:49.211Z] Checked if tokens are valid: true, expires at: 1751260621805
[debug] [2025-06-30T04:28:49.211Z] >>> [apiv2][query] GET https://cloudfunctions.googleapis.com/v2/projects/popchatv002/locations/us-central1/operations/operation-1751257669670-638c2734f9585-0072f9f8-120a953a [none]
[debug] [2025-06-30T04:28:49.270Z] <<< [apiv2][status] GET https://cloudfunctions.googleapis.com/v2/projects/popchatv002/locations/us-central1/operations/operation-1751257719121-638c276422519-e7852deb-4cd8f505 200
[debug] [2025-06-30T04:28:49.270Z] <<< [apiv2][body] GET https://cloudfunctions.googleapis.com/v2/projects/popchatv002/locations/us-central1/operations/operation-1751257719121-638c276422519-e7852deb-4cd8f505 {"name":"projects/popchatv002/locations/us-central1/operations/operation-1751257719121-638c276422519-e7852deb-4cd8f505","metadata":{"@type":"type.googleapis.com/google.cloud.functions.v2.OperationMetadata","createTime":"2025-06-30T04:28:39.856390040Z","endTime":"2025-06-30T04:28:46.794690808Z","target":"projects/popchatv002/locations/us-central1/functions/writeToDatabase","verb":"update","cancelRequested":false,"apiVersion":"v2","requestResource":{"@type":"type.googleapis.com/google.cloud.functions.v2.Function","name":"projects/popchatv002/locations/us-central1/functions/writeToDatabase","buildConfig":{"runtime":"nodejs22","entryPoint":"writeToDatabase","source":{"storageSource":{"bucket":"gcf-v2-sources-296369449480-us-central1","object":"writeToDatabase/function-source.zip","generation":"1751257719808189"}},"environmentVariables":{"GOOGLE_NODE_RUN_SCRIPTS":""},"dockerRepository":"projects/popchatv002/locations/us-central1/repositories/gcf-artifacts","sourceProvenance":{"resolvedStorageSource":{"bucket":"gcf-v2-sources-296369449480-us-central1","object":"writeToDatabase/function-source.zip","generation":"1751257098219640"}},"dockerRegistry":"ARTIFACT_REGISTRY","sourceToken":"Cldwcm9qZWN0cy8yOTYzNjk0NDk0ODAvbG9jYXRpb25zL3VzLWNlbnRyYWwxL2J1aWxkcy9kM2FhZjdlNS1hMWRkLTRjMWYtOGY0MC0xN2RmNDhlMTM1MzQSbHVzLWNlbnRyYWwxLWRvY2tlci5wa2cuZGV2L3BvcGNoYXR2MDAyL2djZi1hcnRpZmFjdHMvcG9wY2hhdHYwMDJfX3VzLS1jZW50cmFsMV9fdGVzdF9odHRwX2Z1bmN0aW9uOnZlcnNpb25fMRiI1PuH0AgiRXByb2plY3RzL3BvcGNoYXR2MDAyL2xvY2F0aW9ucy91cy1jZW50cmFsMS9mdW5jdGlvbnMvdGVzdEh0dHBGdW5jdGlvbioMCPOkiMMGENCd2b8BMghub2RlanMyMjp2CiNnY3IuaW8vZ2FlLXJ1bnRpbWVzL25vZGVqczIyOnN0YWJsZRJPdXMtY2VudHJhbDEtZG9ja2VyLnBrZy5kZXYvc2VydmVybGVzcy1ydW50aW1lcy9nb29nbGUtMjItZnVsbC9ydW50aW1lcy9ub2RlanMyMkAB","serviceAccount":"projects/popchatv002/serviceAccounts/296369449480-compute@developer.gserviceaccount.com","automaticUpdatePolicy":{}},"serviceConfig":{"service":"projects/popchatv002/locations/us-central1/services/writetodatabase","timeoutSeconds":60,"environmentVariables":{"FIREBASE_CONFIG":"{\"projectId\":\"popchatv002\",\"databaseURL\":\"https://popchatv002-default-rtdb.firebaseio.com\",\"storageBucket\":\"popchatv002.firebasestorage.app\"}","GCLOUD_PROJECT":"popchatv002","EVENTARC_CLOUD_EVENT_SOURCE":"projects/popchatv002/locations/us-central1/services/writeToDatabase","FUNCTION_TARGET":"writeToDatabase","LOG_EXECUTION_ID":"true","FUNCTION_SIGNATURE_TYPE":"http"},"ingressSettings":"ALLOW_ALL","uri":"https://writetodatabase-2zjil5azfa-uc.a.run.app","serviceAccountEmail":"296369449480-compute@developer.gserviceaccount.com","availableMemory":"256Mi","allTrafficOnLatestRevision":true,"revision":"writetodatabase-00025-lad","maxInstanceRequestConcurrency":80,"availableCpu":"1"},"state":"ACTIVE","labels":{"deployment-tool":"cli-firebase","firebase-functions-hash":"4fb95acf971fd44e46da4433b3dd2209ba159cb9"},"environment":"GEN_2","url":"https://us-central1-popchatv002.cloudfunctions.net/writeToDatabase","satisfiesPzi":true},"stages":[{"name":"BUILD","message":"Reusing build","state":"COMPLETE","resource":"projects/296369449480/locations/us-central1/builds/d3aaf7e5-a1dd-4c1f-8f40-17df48e13534"},{"name":"SERVICE","message":"Updating Cloud Run service","state":"COMPLETE","resource":"projects/popchatv002/locations/us-central1/services/writetodatabase","resourceUri":"https://console.cloud.google.com/run/detail/us-central1/writetodatabase?project=popchatv002","stateMessages":[{"severity":"INFO","type":"CloudRunServiceNewRevisionTrafficInfo","message":"A new revision will be deployed serving with 100% traffic."}]}],"sourceToken":"Cldwcm9qZWN0cy8yOTYzNjk0NDk0ODAvbG9jYXRpb25zL3VzLWNlbnRyYWwxL2J1aWxkcy9kM2FhZjdlNS1hMWRkLTRjMWYtOGY0MC0xN2RmNDhlMTM1MzQSbHVzLWNlbnRyYWwxLWRvY2tlci5wa2cuZGV2L3BvcGNoYXR2MDAyL2djZi1hcnRpZmFjdHMvcG9wY2hhdHYwMDJfX3VzLS1jZW50cmFsMV9fdGVzdF9odHRwX2Z1bmN0aW9uOnZlcnNpb25fMRiI1PuH0AgiRXByb2plY3RzL3BvcGNoYXR2MDAyL2xvY2F0aW9ucy91cy1jZW50cmFsMS9mdW5jdGlvbnMvdGVzdEh0dHBGdW5jdGlvbioMCPOkiMMGENCd2b8BMghub2RlanMyMjp2CiNnY3IuaW8vZ2FlLXJ1bnRpbWVzL25vZGVqczIyOnN0YWJsZRJPdXMtY2VudHJhbDEtZG9ja2VyLnBrZy5kZXYvc2VydmVybGVzcy1ydW50aW1lcy9nb29nbGUtMjItZnVsbC9ydW50aW1lcy9ub2RlanMyMkAB","operationType":"UPDATE_FUNCTION","buildName":"projects/296369449480/locations/us-central1/builds/d3aaf7e5-a1dd-4c1f-8f40-17df48e13534"},"done":true,"response":{"@type":"type.googleapis.com/google.cloud.functions.v2.Function","name":"projects/popchatv002/locations/us-central1/functions/writeToDatabase","buildConfig":{"build":"projects/296369449480/locations/us-central1/builds/d3aaf7e5-a1dd-4c1f-8f40-17df48e13534","runtime":"nodejs22","entryPoint":"writeToDatabase","source":{"storageSource":{"bucket":"gcf-v2-sources-296369449480-us-central1","object":"writeToDatabase/function-source.zip","generation":"1751257719808189"}},"environmentVariables":{"GOOGLE_NODE_RUN_SCRIPTS":""},"dockerRepository":"projects/popchatv002/locations/us-central1/repositories/gcf-artifacts","sourceProvenance":{"resolvedStorageSource":{"bucket":"gcf-v2-sources-296369449480-us-central1","object":"writeToDatabase/function-source.zip","generation":"1751257719808189"}},"dockerRegistry":"ARTIFACT_REGISTRY","serviceAccount":"projects/popchatv002/serviceAccounts/296369449480-compute@developer.gserviceaccount.com","automaticUpdatePolicy":{}},"serviceConfig":{"service":"projects/popchatv002/locations/us-central1/services/writetodatabase","timeoutSeconds":60,"environmentVariables":{"FIREBASE_CONFIG":"{\"projectId\":\"popchatv002\",\"databaseURL\":\"https://popchatv002-default-rtdb.firebaseio.com\",\"storageBucket\":\"popchatv002.firebasestorage.app\"}","GCLOUD_PROJECT":"popchatv002","EVENTARC_CLOUD_EVENT_SOURCE":"projects/popchatv002/locations/us-central1/services/writeToDatabase","FUNCTION_TARGET":"writeToDatabase","LOG_EXECUTION_ID":"true","FUNCTION_SIGNATURE_TYPE":"http"},"maxInstanceCount":20,"ingressSettings":"ALLOW_ALL","uri":"https://writetodatabase-2zjil5azfa-uc.a.run.app","serviceAccountEmail":"296369449480-compute@developer.gserviceaccount.com","availableMemory":"256Mi","allTrafficOnLatestRevision":true,"revision":"writetodatabase-00026-ziw","maxInstanceRequestConcurrency":80,"availableCpu":"1"},"state":"ACTIVE","updateTime":"2025-06-30T04:28:39.859049708Z","labels":{"deployment-tool":"cli-firebase","firebase-functions-hash":"4fb95acf971fd44e46da4433b3dd2209ba159cb9"},"environment":"GEN_2","url":"https://us-central1-popchatv002.cloudfunctions.net/writeToDatabase","createTime":"2025-06-17T19:37:23.338968378Z","satisfiesPzi":true}}
[debug] [2025-06-30T04:28:49.270Z] Got source token Cldwcm9qZWN0cy8yOTYzNjk0NDk0ODAvbG9jYXRpb25zL3VzLWNlbnRyYWwxL2J1aWxkcy9kM2FhZjdlNS1hMWRkLTRjMWYtOGY0MC0xN2RmNDhlMTM1MzQSbHVzLWNlbnRyYWwxLWRvY2tlci5wa2cuZGV2L3BvcGNoYXR2MDAyL2djZi1hcnRpZmFjdHMvcG9wY2hhdHYwMDJfX3VzLS1jZW50cmFsMV9fdGVzdF9odHRwX2Z1bmN0aW9uOnZlcnNpb25fMRiI1PuH0AgiRXByb2plY3RzL3BvcGNoYXR2MDAyL2xvY2F0aW9ucy91cy1jZW50cmFsMS9mdW5jdGlvbnMvdGVzdEh0dHBGdW5jdGlvbioMCPOkiMMGENCd2b8BMghub2RlanMyMjp2CiNnY3IuaW8vZ2FlLXJ1bnRpbWVzL25vZGVqczIyOnN0YWJsZRJPdXMtY2VudHJhbDEtZG9ja2VyLnBrZy5kZXYvc2VydmVybGVzcy1ydW50aW1lcy9nb29nbGUtMjItZnVsbC9ydW50aW1lcy9ub2RlanMyMkAB for region us-central1
[info] +  functions[writeToDatabase(us-central1)] Successful update operation. 
[debug] [2025-06-30T04:28:49.444Z] <<< [apiv2][status] GET https://cloudfunctions.googleapis.com/v2/projects/popchatv002/locations/us-central1/operations/operation-1751257669670-638c2734f9585-0072f9f8-120a953a 200
[debug] [2025-06-30T04:28:49.444Z] <<< [apiv2][body] GET https://cloudfunctions.googleapis.com/v2/projects/popchatv002/locations/us-central1/operations/operation-1751257669670-638c2734f9585-0072f9f8-120a953a {"name":"projects/popchatv002/locations/us-central1/operations/operation-1751257669670-638c2734f9585-0072f9f8-120a953a","metadata":{"@type":"type.googleapis.com/google.cloud.functions.v2.OperationMetadata","createTime":"2025-06-30T04:27:50.440188006Z","endTime":"2025-06-30T04:28:43.999632527Z","target":"projects/popchatv002/locations/us-central1/functions/testHttpFunction","verb":"update","cancelRequested":false,"apiVersion":"v2","requestResource":{"@type":"type.googleapis.com/google.cloud.functions.v2.Function","name":"projects/popchatv002/locations/us-central1/functions/testHttpFunction","buildConfig":{"runtime":"nodejs22","entryPoint":"testHttpFunction","source":{"storageSource":{"bucket":"gcf-v2-sources-296369449480-us-central1","object":"testHttpFunction/function-source.zip","generation":"1751257670400593"}},"environmentVariables":{"GOOGLE_NODE_RUN_SCRIPTS":""},"dockerRepository":"projects/popchatv002/locations/us-central1/repositories/gcf-artifacts","sourceProvenance":{"resolvedStorageSource":{"bucket":"gcf-v2-sources-296369449480-us-central1","object":"testHttpFunction/function-source.zip","generation":"1751257038130210"}},"dockerRegistry":"ARTIFACT_REGISTRY","serviceAccount":"projects/popchatv002/serviceAccounts/296369449480-compute@developer.gserviceaccount.com","automaticUpdatePolicy":{}},"serviceConfig":{"service":"projects/popchatv002/locations/us-central1/services/testhttpfunction","timeoutSeconds":60,"environmentVariables":{"FIREBASE_CONFIG":"{\"projectId\":\"popchatv002\",\"databaseURL\":\"https://popchatv002-default-rtdb.firebaseio.com\",\"storageBucket\":\"popchatv002.firebasestorage.app\"}","GCLOUD_PROJECT":"popchatv002","EVENTARC_CLOUD_EVENT_SOURCE":"projects/popchatv002/locations/us-central1/services/testHttpFunction","FUNCTION_TARGET":"testHttpFunction","LOG_EXECUTION_ID":"true","FUNCTION_SIGNATURE_TYPE":"http"},"ingressSettings":"ALLOW_ALL","uri":"https://testhttpfunction-2zjil5azfa-uc.a.run.app","serviceAccountEmail":"296369449480-compute@developer.gserviceaccount.com","availableMemory":"256Mi","allTrafficOnLatestRevision":true,"revision":"testhttpfunction-00025-siz","maxInstanceRequestConcurrency":80,"availableCpu":"1"},"state":"ACTIVE","labels":{"deployment-tool":"cli-firebase","firebase-functions-hash":"4fb95acf971fd44e46da4433b3dd2209ba159cb9"},"environment":"GEN_2","url":"https://us-central1-popchatv002.cloudfunctions.net/testHttpFunction","satisfiesPzi":true},"stages":[{"name":"BUILD","message":"Build finished","state":"COMPLETE","resource":"projects/296369449480/locations/us-central1/builds/d3aaf7e5-a1dd-4c1f-8f40-17df48e13534","resourceUri":"https://console.cloud.google.com/cloud-build/builds;region=us-central1/d3aaf7e5-a1dd-4c1f-8f40-17df48e13534?project=296369449480"},{"name":"SERVICE","message":"Updating Cloud Run service","state":"COMPLETE","resource":"projects/popchatv002/locations/us-central1/services/testhttpfunction","resourceUri":"https://console.cloud.google.com/run/detail/us-central1/testhttpfunction?project=popchatv002","stateMessages":[{"severity":"INFO","type":"CloudRunServiceNewRevisionTrafficInfo","message":"A new revision will be deployed serving with 100% traffic."}]}],"sourceToken":"Cldwcm9qZWN0cy8yOTYzNjk0NDk0ODAvbG9jYXRpb25zL3VzLWNlbnRyYWwxL2J1aWxkcy9kM2FhZjdlNS1hMWRkLTRjMWYtOGY0MC0xN2RmNDhlMTM1MzQSbHVzLWNlbnRyYWwxLWRvY2tlci5wa2cuZGV2L3BvcGNoYXR2MDAyL2djZi1hcnRpZmFjdHMvcG9wY2hhdHYwMDJfX3VzLS1jZW50cmFsMV9fdGVzdF9odHRwX2Z1bmN0aW9uOnZlcnNpb25fMRiI1PuH0AgiRXByb2plY3RzL3BvcGNoYXR2MDAyL2xvY2F0aW9ucy91cy1jZW50cmFsMS9mdW5jdGlvbnMvdGVzdEh0dHBGdW5jdGlvbioMCPOkiMMGENCd2b8BMghub2RlanMyMjp2CiNnY3IuaW8vZ2FlLXJ1bnRpbWVzL25vZGVqczIyOnN0YWJsZRJPdXMtY2VudHJhbDEtZG9ja2VyLnBrZy5kZXYvc2VydmVybGVzcy1ydW50aW1lcy9nb29nbGUtMjItZnVsbC9ydW50aW1lcy9ub2RlanMyMkAB","operationType":"UPDATE_FUNCTION","buildName":"projects/296369449480/locations/us-central1/builds/d3aaf7e5-a1dd-4c1f-8f40-17df48e13534"},"done":true,"response":{"@type":"type.googleapis.com/google.cloud.functions.v2.Function","name":"projects/popchatv002/locations/us-central1/functions/testHttpFunction","buildConfig":{"build":"projects/296369449480/locations/us-central1/builds/d3aaf7e5-a1dd-4c1f-8f40-17df48e13534","runtime":"nodejs22","entryPoint":"testHttpFunction","source":{"storageSource":{"bucket":"gcf-v2-sources-296369449480-us-central1","object":"testHttpFunction/function-source.zip","generation":"1751257670400593"}},"environmentVariables":{"GOOGLE_NODE_RUN_SCRIPTS":""},"dockerRepository":"projects/popchatv002/locations/us-central1/repositories/gcf-artifacts","sourceProvenance":{"resolvedStorageSource":{"bucket":"gcf-v2-sources-296369449480-us-central1","object":"testHttpFunction/function-source.zip","generation":"1751257670400593"}},"dockerRegistry":"ARTIFACT_REGISTRY","serviceAccount":"projects/popchatv002/serviceAccounts/296369449480-compute@developer.gserviceaccount.com","automaticUpdatePolicy":{}},"serviceConfig":{"service":"projects/popchatv002/locations/us-central1/services/testhttpfunction","timeoutSeconds":60,"environmentVariables":{"FIREBASE_CONFIG":"{\"projectId\":\"popchatv002\",\"databaseURL\":\"https://popchatv002-default-rtdb.firebaseio.com\",\"storageBucket\":\"popchatv002.firebasestorage.app\"}","GCLOUD_PROJECT":"popchatv002","EVENTARC_CLOUD_EVENT_SOURCE":"projects/popchatv002/locations/us-central1/services/testHttpFunction","FUNCTION_TARGET":"testHttpFunction","LOG_EXECUTION_ID":"true","FUNCTION_SIGNATURE_TYPE":"http"},"maxInstanceCount":20,"ingressSettings":"ALLOW_ALL","uri":"https://testhttpfunction-2zjil5azfa-uc.a.run.app","serviceAccountEmail":"296369449480-compute@developer.gserviceaccount.com","availableMemory":"256Mi","allTrafficOnLatestRevision":true,"revision":"testhttpfunction-00026-rom","maxInstanceRequestConcurrency":80,"availableCpu":"1"},"state":"ACTIVE","updateTime":"2025-06-30T04:27:50.441980948Z","labels":{"firebase-functions-hash":"4fb95acf971fd44e46da4433b3dd2209ba159cb9","deployment-tool":"cli-firebase"},"environment":"GEN_2","url":"https://us-central1-popchatv002.cloudfunctions.net/testHttpFunction","createTime":"2025-06-17T19:36:02.735230980Z","satisfiesPzi":true}}
[debug] [2025-06-30T04:28:49.444Z] Got source token Cldwcm9qZWN0cy8yOTYzNjk0NDk0ODAvbG9jYXRpb25zL3VzLWNlbnRyYWwxL2J1aWxkcy9kM2FhZjdlNS1hMWRkLTRjMWYtOGY0MC0xN2RmNDhlMTM1MzQSbHVzLWNlbnRyYWwxLWRvY2tlci5wa2cuZGV2L3BvcGNoYXR2MDAyL2djZi1hcnRpZmFjdHMvcG9wY2hhdHYwMDJfX3VzLS1jZW50cmFsMV9fdGVzdF9odHRwX2Z1bmN0aW9uOnZlcnNpb25fMRiI1PuH0AgiRXByb2plY3RzL3BvcGNoYXR2MDAyL2xvY2F0aW9ucy91cy1jZW50cmFsMS9mdW5jdGlvbnMvdGVzdEh0dHBGdW5jdGlvbioMCPOkiMMGENCd2b8BMghub2RlanMyMjp2CiNnY3IuaW8vZ2FlLXJ1bnRpbWVzL25vZGVqczIyOnN0YWJsZRJPdXMtY2VudHJhbDEtZG9ja2VyLnBrZy5kZXYvc2VydmVybGVzcy1ydW50aW1lcy9nb29nbGUtMjItZnVsbC9ydW50aW1lcy9ub2RlanMyMkAB for region us-central1
[info] +  functions[testHttpFunction(us-central1)] Successful update operation. 
[debug] [2025-06-30T04:28:49.775Z] [update-default-us-central1-testSendAd] Retrying task index 0
[debug] [2025-06-30T04:28:49.775Z] Checked if tokens are valid: true, expires at: 1751260621805
[debug] [2025-06-30T04:28:49.775Z] Checked if tokens are valid: true, expires at: 1751260621805
[debug] [2025-06-30T04:28:49.775Z] >>> [apiv2][query] GET https://cloudfunctions.googleapis.com/v2/projects/popchatv002/locations/us-central1/operations/operation-1751257720430-638c276561ea2-189f244a-e33d5a7a [none]
[debug] [2025-06-30T04:28:49.864Z] <<< [apiv2][status] GET https://cloudfunctions.googleapis.com/v2/projects/popchatv002/locations/us-central1/operations/operation-1751257720430-638c276561ea2-189f244a-e33d5a7a 200
[debug] [2025-06-30T04:28:49.865Z] <<< [apiv2][body] GET https://cloudfunctions.googleapis.com/v2/projects/popchatv002/locations/us-central1/operations/operation-1751257720430-638c276561ea2-189f244a-e33d5a7a {"name":"projects/popchatv002/locations/us-central1/operations/operation-1751257720430-638c276561ea2-189f244a-e33d5a7a","metadata":{"@type":"type.googleapis.com/google.cloud.functions.v2.OperationMetadata","createTime":"2025-06-30T04:28:41.056253777Z","endTime":"2025-06-30T04:28:47.215655307Z","target":"projects/popchatv002/locations/us-central1/functions/testSendAd","verb":"update","cancelRequested":false,"apiVersion":"v2","requestResource":{"@type":"type.googleapis.com/google.cloud.functions.v2.Function","name":"projects/popchatv002/locations/us-central1/functions/testSendAd","buildConfig":{"runtime":"nodejs22","entryPoint":"testSendAd","source":{"storageSource":{"bucket":"gcf-v2-sources-296369449480-us-central1","object":"testSendAd/function-source.zip","generation":"1751257721014420"}},"environmentVariables":{"GOOGLE_NODE_RUN_SCRIPTS":""},"dockerRepository":"projects/popchatv002/locations/us-central1/repositories/gcf-artifacts","sourceProvenance":{"resolvedStorageSource":{"bucket":"gcf-v2-sources-296369449480-us-central1","object":"testSendAd/function-source.zip","generation":"1751257099645799"}},"dockerRegistry":"ARTIFACT_REGISTRY","sourceToken":"Cldwcm9qZWN0cy8yOTYzNjk0NDk0ODAvbG9jYXRpb25zL3VzLWNlbnRyYWwxL2J1aWxkcy9kM2FhZjdlNS1hMWRkLTRjMWYtOGY0MC0xN2RmNDhlMTM1MzQSbHVzLWNlbnRyYWwxLWRvY2tlci5wa2cuZGV2L3BvcGNoYXR2MDAyL2djZi1hcnRpZmFjdHMvcG9wY2hhdHYwMDJfX3VzLS1jZW50cmFsMV9fdGVzdF9odHRwX2Z1bmN0aW9uOnZlcnNpb25fMRiI1PuH0AgiRXByb2plY3RzL3BvcGNoYXR2MDAyL2xvY2F0aW9ucy91cy1jZW50cmFsMS9mdW5jdGlvbnMvdGVzdEh0dHBGdW5jdGlvbioMCPOkiMMGENCd2b8BMghub2RlanMyMjp2CiNnY3IuaW8vZ2FlLXJ1bnRpbWVzL25vZGVqczIyOnN0YWJsZRJPdXMtY2VudHJhbDEtZG9ja2VyLnBrZy5kZXYvc2VydmVybGVzcy1ydW50aW1lcy9nb29nbGUtMjItZnVsbC9ydW50aW1lcy9ub2RlanMyMkAB","serviceAccount":"projects/popchatv002/serviceAccounts/296369449480-compute@developer.gserviceaccount.com","automaticUpdatePolicy":{}},"serviceConfig":{"service":"projects/popchatv002/locations/us-central1/services/testsendad","timeoutSeconds":60,"environmentVariables":{"FIREBASE_CONFIG":"{\"projectId\":\"popchatv002\",\"databaseURL\":\"https://popchatv002-default-rtdb.firebaseio.com\",\"storageBucket\":\"popchatv002.firebasestorage.app\"}","GCLOUD_PROJECT":"popchatv002","EVENTARC_CLOUD_EVENT_SOURCE":"projects/popchatv002/locations/us-central1/services/testSendAd","FUNCTION_TARGET":"testSendAd","LOG_EXECUTION_ID":"true","FUNCTION_SIGNATURE_TYPE":"http"},"ingressSettings":"ALLOW_ALL","uri":"https://testsendad-2zjil5azfa-uc.a.run.app","serviceAccountEmail":"296369449480-compute@developer.gserviceaccount.com","availableMemory":"256Mi","allTrafficOnLatestRevision":true,"revision":"testsendad-00017-viq","maxInstanceRequestConcurrency":80,"availableCpu":"1"},"state":"ACTIVE","labels":{"deployment-tool":"cli-firebase","firebase-functions-hash":"4fb95acf971fd44e46da4433b3dd2209ba159cb9"},"environment":"GEN_2","url":"https://us-central1-popchatv002.cloudfunctions.net/testSendAd","satisfiesPzi":true},"stages":[{"name":"BUILD","message":"Reusing build","state":"COMPLETE","resource":"projects/296369449480/locations/us-central1/builds/d3aaf7e5-a1dd-4c1f-8f40-17df48e13534"},{"name":"SERVICE","message":"Updating Cloud Run service","state":"COMPLETE","resource":"projects/popchatv002/locations/us-central1/services/testsendad","resourceUri":"https://console.cloud.google.com/run/detail/us-central1/testsendad?project=popchatv002","stateMessages":[{"severity":"INFO","type":"CloudRunServiceNewRevisionTrafficInfo","message":"A new revision will be deployed serving with 100% traffic."}]}],"sourceToken":"Cldwcm9qZWN0cy8yOTYzNjk0NDk0ODAvbG9jYXRpb25zL3VzLWNlbnRyYWwxL2J1aWxkcy9kM2FhZjdlNS1hMWRkLTRjMWYtOGY0MC0xN2RmNDhlMTM1MzQSbHVzLWNlbnRyYWwxLWRvY2tlci5wa2cuZGV2L3BvcGNoYXR2MDAyL2djZi1hcnRpZmFjdHMvcG9wY2hhdHYwMDJfX3VzLS1jZW50cmFsMV9fdGVzdF9odHRwX2Z1bmN0aW9uOnZlcnNpb25fMRiI1PuH0AgiRXByb2plY3RzL3BvcGNoYXR2MDAyL2xvY2F0aW9ucy91cy1jZW50cmFsMS9mdW5jdGlvbnMvdGVzdEh0dHBGdW5jdGlvbioMCPOkiMMGENCd2b8BMghub2RlanMyMjp2CiNnY3IuaW8vZ2FlLXJ1bnRpbWVzL25vZGVqczIyOnN0YWJsZRJPdXMtY2VudHJhbDEtZG9ja2VyLnBrZy5kZXYvc2VydmVybGVzcy1ydW50aW1lcy9nb29nbGUtMjItZnVsbC9ydW50aW1lcy9ub2RlanMyMkAB","operationType":"UPDATE_FUNCTION","buildName":"projects/296369449480/locations/us-central1/builds/d3aaf7e5-a1dd-4c1f-8f40-17df48e13534"},"done":true,"response":{"@type":"type.googleapis.com/google.cloud.functions.v2.Function","name":"projects/popchatv002/locations/us-central1/functions/testSendAd","buildConfig":{"build":"projects/296369449480/locations/us-central1/builds/d3aaf7e5-a1dd-4c1f-8f40-17df48e13534","runtime":"nodejs22","entryPoint":"testSendAd","source":{"storageSource":{"bucket":"gcf-v2-sources-296369449480-us-central1","object":"testSendAd/function-source.zip","generation":"1751257721014420"}},"environmentVariables":{"GOOGLE_NODE_RUN_SCRIPTS":""},"dockerRepository":"projects/popchatv002/locations/us-central1/repositories/gcf-artifacts","sourceProvenance":{"resolvedStorageSource":{"bucket":"gcf-v2-sources-296369449480-us-central1","object":"testSendAd/function-source.zip","generation":"1751257721014420"}},"dockerRegistry":"ARTIFACT_REGISTRY","serviceAccount":"projects/popchatv002/serviceAccounts/296369449480-compute@developer.gserviceaccount.com","automaticUpdatePolicy":{}},"serviceConfig":{"service":"projects/popchatv002/locations/us-central1/services/testsendad","timeoutSeconds":60,"environmentVariables":{"FIREBASE_CONFIG":"{\"projectId\":\"popchatv002\",\"databaseURL\":\"https://popchatv002-default-rtdb.firebaseio.com\",\"storageBucket\":\"popchatv002.firebasestorage.app\"}","GCLOUD_PROJECT":"popchatv002","EVENTARC_CLOUD_EVENT_SOURCE":"projects/popchatv002/locations/us-central1/services/testSendAd","FUNCTION_TARGET":"testSendAd","LOG_EXECUTION_ID":"true","FUNCTION_SIGNATURE_TYPE":"http"},"maxInstanceCount":20,"ingressSettings":"ALLOW_ALL","uri":"https://testsendad-2zjil5azfa-uc.a.run.app","serviceAccountEmail":"296369449480-compute@developer.gserviceaccount.com","availableMemory":"256Mi","allTrafficOnLatestRevision":true,"revision":"testsendad-00018-noy","maxInstanceRequestConcurrency":80,"availableCpu":"1"},"state":"ACTIVE","updateTime":"2025-06-30T04:28:41.057943247Z","labels":{"deployment-tool":"cli-firebase","firebase-functions-hash":"4fb95acf971fd44e46da4433b3dd2209ba159cb9"},"environment":"GEN_2","url":"https://us-central1-popchatv002.cloudfunctions.net/testSendAd","createTime":"2025-06-21T22:10:41.832646806Z","satisfiesPzi":true}}
[debug] [2025-06-30T04:28:49.865Z] Got source token Cldwcm9qZWN0cy8yOTYzNjk0NDk0ODAvbG9jYXRpb25zL3VzLWNlbnRyYWwxL2J1aWxkcy9kM2FhZjdlNS1hMWRkLTRjMWYtOGY0MC0xN2RmNDhlMTM1MzQSbHVzLWNlbnRyYWwxLWRvY2tlci5wa2cuZGV2L3BvcGNoYXR2MDAyL2djZi1hcnRpZmFjdHMvcG9wY2hhdHYwMDJfX3VzLS1jZW50cmFsMV9fdGVzdF9odHRwX2Z1bmN0aW9uOnZlcnNpb25fMRiI1PuH0AgiRXByb2plY3RzL3BvcGNoYXR2MDAyL2xvY2F0aW9ucy91cy1jZW50cmFsMS9mdW5jdGlvbnMvdGVzdEh0dHBGdW5jdGlvbioMCPOkiMMGENCd2b8BMghub2RlanMyMjp2CiNnY3IuaW8vZ2FlLXJ1bnRpbWVzL25vZGVqczIyOnN0YWJsZRJPdXMtY2VudHJhbDEtZG9ja2VyLnBrZy5kZXYvc2VydmVybGVzcy1ydW50aW1lcy9nb29nbGUtMjItZnVsbC9ydW50aW1lcy9ub2RlanMyMkAB for region us-central1
[info] +  functions[testSendAd(us-central1)] Successful update operation. 
[debug] [2025-06-30T04:28:49.883Z] [update-default-us-central1-testSnapshotCycling] Retrying task index 0
[debug] [2025-06-30T04:28:49.884Z] Checked if tokens are valid: true, expires at: 1751260621805
[debug] [2025-06-30T04:28:49.884Z] Checked if tokens are valid: true, expires at: 1751260621805
[debug] [2025-06-30T04:28:49.884Z] >>> [apiv2][query] GET https://cloudfunctions.googleapis.com/v2/projects/popchatv002/locations/us-central1/operations/operation-1751257720468-638c27656b5fa-dbf4e1f2-487d5abc [none]
[debug] [2025-06-30T04:28:49.929Z] [update-default-us-central1-trackUserSessionCreate] Retrying task index 0
[debug] [2025-06-30T04:28:49.930Z] Checked if tokens are valid: true, expires at: 1751260621805
[debug] [2025-06-30T04:28:49.930Z] Checked if tokens are valid: true, expires at: 1751260621805
[debug] [2025-06-30T04:28:49.930Z] >>> [apiv2][query] GET https://cloudfunctions.googleapis.com/v2/projects/popchatv002/locations/us-central1/operations/operation-1751257720430-638c276561e9c-985cfb27-d7e3892a [none]
[debug] [2025-06-30T04:28:49.992Z] [update-default-us-central1-telegramWebhook] Retrying task index 0
[debug] [2025-06-30T04:28:49.993Z] Checked if tokens are valid: true, expires at: 1751260621805
[debug] [2025-06-30T04:28:49.993Z] Checked if tokens are valid: true, expires at: 1751260621805
[debug] [2025-06-30T04:28:49.993Z] >>> [apiv2][query] GET https://cloudfunctions.googleapis.com/v2/projects/popchatv002/locations/us-central1/operations/operation-1751257720430-638c276561e9d-1191d8e0-ebf1a17f [none]
[debug] [2025-06-30T04:28:50.008Z] [update-default-us-central1-scheduledSendAd] Retrying task index 0
[debug] [2025-06-30T04:28:50.008Z] Checked if tokens are valid: true, expires at: 1751260621805
[debug] [2025-06-30T04:28:50.008Z] Checked if tokens are valid: true, expires at: 1751260621805
[debug] [2025-06-30T04:28:50.008Z] >>> [apiv2][query] GET https://cloudfunctions.googleapis.com/v2/projects/popchatv002/locations/us-central1/operations/operation-1751257720429-638c2765619c9-aa1c1132-72ed2591 [none]
[debug] [2025-06-30T04:28:50.053Z] [update-default-us-central1-resetUserCounter] Retrying task index 0
[debug] [2025-06-30T04:28:50.054Z] Checked if tokens are valid: true, expires at: 1751260621805
[debug] [2025-06-30T04:28:50.054Z] Checked if tokens are valid: true, expires at: 1751260621805
[debug] [2025-06-30T04:28:50.054Z] >>> [apiv2][query] GET https://cloudfunctions.googleapis.com/v2/projects/popchatv002/locations/us-central1/operations/operation-1751257720413-638c27655de89-6698e35a-8f465e0a [none]
[debug] [2025-06-30T04:28:50.069Z] [update-default-us-central1-sendHostToGroup] Retrying task index 0
[debug] [2025-06-30T04:28:50.069Z] Checked if tokens are valid: true, expires at: 1751260621805
[debug] [2025-06-30T04:28:50.069Z] Checked if tokens are valid: true, expires at: 1751260621805
[debug] [2025-06-30T04:28:50.070Z] >>> [apiv2][query] GET https://cloudfunctions.googleapis.com/v2/projects/popchatv002/locations/us-central1/operations/operation-1751257720469-638c27656b729-c899d5b1-c4413bff [none]
[debug] [2025-06-30T04:28:50.070Z] [update-default-us-central1-trackUserSessionDelete] Retrying task index 0
[debug] [2025-06-30T04:28:50.070Z] Checked if tokens are valid: true, expires at: 1751260621805
[debug] [2025-06-30T04:28:50.070Z] Checked if tokens are valid: true, expires at: 1751260621805
[debug] [2025-06-30T04:28:50.070Z] >>> [apiv2][query] GET https://cloudfunctions.googleapis.com/v2/projects/popchatv002/locations/us-central1/operations/operation-1751257720431-638c2765623ef-1d50ed9e-7f2e316b [none]
[debug] [2025-06-30T04:28:50.070Z] [update-default-us-central1-testScheduledFunction] Retrying task index 0
[debug] [2025-06-30T04:28:50.071Z] Checked if tokens are valid: true, expires at: 1751260621805
[debug] [2025-06-30T04:28:50.071Z] Checked if tokens are valid: true, expires at: 1751260621805
[debug] [2025-06-30T04:28:50.071Z] >>> [apiv2][query] GET https://cloudfunctions.googleapis.com/v2/projects/popchatv002/locations/us-central1/operations/operation-1751257720466-638c27656aac6-c7a788ed-f3b01150 [none]
[debug] [2025-06-30T04:28:50.116Z] [update-default-us-central1-addUserStatus] Retrying task index 0
[debug] [2025-06-30T04:28:50.116Z] Checked if tokens are valid: true, expires at: 1751260621805
[debug] [2025-06-30T04:28:50.116Z] Checked if tokens are valid: true, expires at: 1751260621805
[debug] [2025-06-30T04:28:50.116Z] >>> [apiv2][query] GET https://cloudfunctions.googleapis.com/v2/projects/popchatv002/locations/us-central1/operations/operation-1751257720432-638c276562868-2f15351f-4544f374 [none]
[debug] [2025-06-30T04:28:50.157Z] <<< [apiv2][status] GET https://cloudfunctions.googleapis.com/v2/projects/popchatv002/locations/us-central1/operations/operation-1751257720468-638c27656b5fa-dbf4e1f2-487d5abc 200
[debug] [2025-06-30T04:28:50.157Z] <<< [apiv2][body] GET https://cloudfunctions.googleapis.com/v2/projects/popchatv002/locations/us-central1/operations/operation-1751257720468-638c27656b5fa-dbf4e1f2-487d5abc {"name":"projects/popchatv002/locations/us-central1/operations/operation-1751257720468-638c27656b5fa-dbf4e1f2-487d5abc","metadata":{"@type":"type.googleapis.com/google.cloud.functions.v2.OperationMetadata","createTime":"2025-06-30T04:28:41.195718500Z","target":"projects/popchatv002/locations/us-central1/functions/testSnapshotCycling","verb":"update","cancelRequested":false,"apiVersion":"v2","requestResource":{"@type":"type.googleapis.com/google.cloud.functions.v2.Function","name":"projects/popchatv002/locations/us-central1/functions/testSnapshotCycling","buildConfig":{"runtime":"nodejs22","entryPoint":"testSnapshotCycling","source":{"storageSource":{"bucket":"gcf-v2-sources-296369449480-us-central1","object":"testSnapshotCycling/function-source.zip","generation":"1751257721146154"}},"environmentVariables":{"GOOGLE_NODE_RUN_SCRIPTS":""},"dockerRepository":"projects/popchatv002/locations/us-central1/repositories/gcf-artifacts","sourceProvenance":{"resolvedStorageSource":{"bucket":"gcf-v2-sources-296369449480-us-central1","object":"testSnapshotCycling/function-source.zip","generation":"1751257099513117"}},"dockerRegistry":"ARTIFACT_REGISTRY","sourceToken":"Cldwcm9qZWN0cy8yOTYzNjk0NDk0ODAvbG9jYXRpb25zL3VzLWNlbnRyYWwxL2J1aWxkcy9kM2FhZjdlNS1hMWRkLTRjMWYtOGY0MC0xN2RmNDhlMTM1MzQSbHVzLWNlbnRyYWwxLWRvY2tlci5wa2cuZGV2L3BvcGNoYXR2MDAyL2djZi1hcnRpZmFjdHMvcG9wY2hhdHYwMDJfX3VzLS1jZW50cmFsMV9fdGVzdF9odHRwX2Z1bmN0aW9uOnZlcnNpb25fMRiI1PuH0AgiRXByb2plY3RzL3BvcGNoYXR2MDAyL2xvY2F0aW9ucy91cy1jZW50cmFsMS9mdW5jdGlvbnMvdGVzdEh0dHBGdW5jdGlvbioMCPOkiMMGENCd2b8BMghub2RlanMyMjp2CiNnY3IuaW8vZ2FlLXJ1bnRpbWVzL25vZGVqczIyOnN0YWJsZRJPdXMtY2VudHJhbDEtZG9ja2VyLnBrZy5kZXYvc2VydmVybGVzcy1ydW50aW1lcy9nb29nbGUtMjItZnVsbC9ydW50aW1lcy9ub2RlanMyMkAB","serviceAccount":"projects/popchatv002/serviceAccounts/296369449480-compute@developer.gserviceaccount.com","automaticUpdatePolicy":{}},"serviceConfig":{"service":"projects/popchatv002/locations/us-central1/services/testsnapshotcycling","timeoutSeconds":60,"environmentVariables":{"FIREBASE_CONFIG":"{\"projectId\":\"popchatv002\",\"databaseURL\":\"https://popchatv002-default-rtdb.firebaseio.com\",\"storageBucket\":\"popchatv002.firebasestorage.app\"}","GCLOUD_PROJECT":"popchatv002","EVENTARC_CLOUD_EVENT_SOURCE":"projects/popchatv002/locations/us-central1/services/testSnapshotCycling","FUNCTION_TARGET":"testSnapshotCycling","LOG_EXECUTION_ID":"true","FUNCTION_SIGNATURE_TYPE":"http"},"ingressSettings":"ALLOW_ALL","uri":"https://testsnapshotcycling-2zjil5azfa-uc.a.run.app","serviceAccountEmail":"296369449480-compute@developer.gserviceaccount.com","availableMemory":"256Mi","allTrafficOnLatestRevision":true,"revision":"testsnapshotcycling-00013-ses","maxInstanceRequestConcurrency":80,"availableCpu":"1"},"state":"ACTIVE","labels":{"deployment-tool":"cli-firebase","firebase-functions-hash":"4fb95acf971fd44e46da4433b3dd2209ba159cb9"},"environment":"GEN_2","url":"https://us-central1-popchatv002.cloudfunctions.net/testSnapshotCycling","satisfiesPzi":true},"stages":[{"name":"BUILD","message":"Reusing build","state":"COMPLETE","resource":"projects/296369449480/locations/us-central1/builds/d3aaf7e5-a1dd-4c1f-8f40-17df48e13534"},{"name":"SERVICE","message":"Updating Cloud Run service","state":"IN_PROGRESS","resource":"projects/popchatv002/locations/us-central1/services/testsnapshotcycling","resourceUri":"https://console.cloud.google.com/run/detail/us-central1/testsnapshotcycling?project=popchatv002","stateMessages":[{"severity":"INFO","type":"CloudRunServiceNewRevisionTrafficInfo","message":"A new revision will be deployed serving with 100% traffic."}]}],"sourceToken":"Cldwcm9qZWN0cy8yOTYzNjk0NDk0ODAvbG9jYXRpb25zL3VzLWNlbnRyYWwxL2J1aWxkcy9kM2FhZjdlNS1hMWRkLTRjMWYtOGY0MC0xN2RmNDhlMTM1MzQSbHVzLWNlbnRyYWwxLWRvY2tlci5wa2cuZGV2L3BvcGNoYXR2MDAyL2djZi1hcnRpZmFjdHMvcG9wY2hhdHYwMDJfX3VzLS1jZW50cmFsMV9fdGVzdF9odHRwX2Z1bmN0aW9uOnZlcnNpb25fMRiI1PuH0AgiRXByb2plY3RzL3BvcGNoYXR2MDAyL2xvY2F0aW9ucy91cy1jZW50cmFsMS9mdW5jdGlvbnMvdGVzdEh0dHBGdW5jdGlvbioMCPOkiMMGENCd2b8BMghub2RlanMyMjp2CiNnY3IuaW8vZ2FlLXJ1bnRpbWVzL25vZGVqczIyOnN0YWJsZRJPdXMtY2VudHJhbDEtZG9ja2VyLnBrZy5kZXYvc2VydmVybGVzcy1ydW50aW1lcy9nb29nbGUtMjItZnVsbC9ydW50aW1lcy9ub2RlanMyMkAB","operationType":"UPDATE_FUNCTION","buildName":"projects/296369449480/locations/us-central1/builds/d3aaf7e5-a1dd-4c1f-8f40-17df48e13534"},"done":false}
[debug] [2025-06-30T04:28:50.157Z] Got source token Cldwcm9qZWN0cy8yOTYzNjk0NDk0ODAvbG9jYXRpb25zL3VzLWNlbnRyYWwxL2J1aWxkcy9kM2FhZjdlNS1hMWRkLTRjMWYtOGY0MC0xN2RmNDhlMTM1MzQSbHVzLWNlbnRyYWwxLWRvY2tlci5wa2cuZGV2L3BvcGNoYXR2MDAyL2djZi1hcnRpZmFjdHMvcG9wY2hhdHYwMDJfX3VzLS1jZW50cmFsMV9fdGVzdF9odHRwX2Z1bmN0aW9uOnZlcnNpb25fMRiI1PuH0AgiRXByb2plY3RzL3BvcGNoYXR2MDAyL2xvY2F0aW9ucy91cy1jZW50cmFsMS9mdW5jdGlvbnMvdGVzdEh0dHBGdW5jdGlvbioMCPOkiMMGENCd2b8BMghub2RlanMyMjp2CiNnY3IuaW8vZ2FlLXJ1bnRpbWVzL25vZGVqczIyOnN0YWJsZRJPdXMtY2VudHJhbDEtZG9ja2VyLnBrZy5kZXYvc2VydmVybGVzcy1ydW50aW1lcy9nb29nbGUtMjItZnVsbC9ydW50aW1lcy9ub2RlanMyMkAB for region us-central1
[debug] [2025-06-30T04:28:50.174Z] <<< [apiv2][status] GET https://cloudfunctions.googleapis.com/v2/projects/popchatv002/locations/us-central1/operations/operation-1751257720430-638c276561e9c-985cfb27-d7e3892a 200
[debug] [2025-06-30T04:28:50.174Z] <<< [apiv2][body] GET https://cloudfunctions.googleapis.com/v2/projects/popchatv002/locations/us-central1/operations/operation-1751257720430-638c276561e9c-985cfb27-d7e3892a {"name":"projects/popchatv002/locations/us-central1/operations/operation-1751257720430-638c276561e9c-985cfb27-d7e3892a","metadata":{"@type":"type.googleapis.com/google.cloud.functions.v2.OperationMetadata","createTime":"2025-06-30T04:28:41.200534349Z","target":"projects/popchatv002/locations/us-central1/functions/trackUserSessionCreate","verb":"update","cancelRequested":false,"apiVersion":"v2","requestResource":{"@type":"type.googleapis.com/google.cloud.functions.v2.Function","name":"projects/popchatv002/locations/us-central1/functions/trackUserSessionCreate","buildConfig":{"runtime":"nodejs22","entryPoint":"trackUserSessionCreate","source":{"storageSource":{"bucket":"gcf-v2-sources-296369449480-us-central1","object":"trackUserSessionCreate/function-source.zip","generation":"1751257721148371"}},"environmentVariables":{"GOOGLE_NODE_RUN_SCRIPTS":""},"dockerRepository":"projects/popchatv002/locations/us-central1/repositories/gcf-artifacts","sourceProvenance":{"resolvedStorageSource":{"bucket":"gcf-v2-sources-296369449480-us-central1","object":"trackUserSessionCreate/function-source.zip","generation":"1751257099505409"}},"dockerRegistry":"ARTIFACT_REGISTRY","sourceToken":"Cldwcm9qZWN0cy8yOTYzNjk0NDk0ODAvbG9jYXRpb25zL3VzLWNlbnRyYWwxL2J1aWxkcy9kM2FhZjdlNS1hMWRkLTRjMWYtOGY0MC0xN2RmNDhlMTM1MzQSbHVzLWNlbnRyYWwxLWRvY2tlci5wa2cuZGV2L3BvcGNoYXR2MDAyL2djZi1hcnRpZmFjdHMvcG9wY2hhdHYwMDJfX3VzLS1jZW50cmFsMV9fdGVzdF9odHRwX2Z1bmN0aW9uOnZlcnNpb25fMRiI1PuH0AgiRXByb2plY3RzL3BvcGNoYXR2MDAyL2xvY2F0aW9ucy91cy1jZW50cmFsMS9mdW5jdGlvbnMvdGVzdEh0dHBGdW5jdGlvbioMCPOkiMMGENCd2b8BMghub2RlanMyMjp2CiNnY3IuaW8vZ2FlLXJ1bnRpbWVzL25vZGVqczIyOnN0YWJsZRJPdXMtY2VudHJhbDEtZG9ja2VyLnBrZy5kZXYvc2VydmVybGVzcy1ydW50aW1lcy9nb29nbGUtMjItZnVsbC9ydW50aW1lcy9ub2RlanMyMkAB","serviceAccount":"projects/popchatv002/serviceAccounts/296369449480-compute@developer.gserviceaccount.com","automaticUpdatePolicy":{}},"serviceConfig":{"service":"projects/popchatv002/locations/us-central1/services/trackusersessioncreate","timeoutSeconds":60,"environmentVariables":{"FIREBASE_CONFIG":"{\"projectId\":\"popchatv002\",\"databaseURL\":\"https://popchatv002-default-rtdb.firebaseio.com\",\"storageBucket\":\"popchatv002.firebasestorage.app\"}","GCLOUD_PROJECT":"popchatv002","EVENTARC_CLOUD_EVENT_SOURCE":"projects/popchatv002/locations/us-central1/services/trackUserSessionCreate","FUNCTION_SIGNATURE_TYPE":"cloudevent","FUNCTION_TARGET":"trackUserSessionCreate","LOG_EXECUTION_ID":"true"},"ingressSettings":"ALLOW_ALL","uri":"https://trackusersessioncreate-2zjil5azfa-uc.a.run.app","serviceAccountEmail":"296369449480-compute@developer.gserviceaccount.com","availableMemory":"256Mi","allTrafficOnLatestRevision":true,"revision":"trackusersessioncreate-00028-bey","maxInstanceRequestConcurrency":80,"availableCpu":"1"},"eventTrigger":{"trigger":"projects/popchatv002/locations/us-central1/triggers/trackusersessioncreate-981783","triggerRegion":"us-central1","eventType":"google.firebase.database.ref.v1.created","eventFilters":[{"attribute":"ref","value":"status/{userId}","operator":"match-path-pattern"},{"attribute":"instance","value":"*","operator":"match-path-pattern"}],"pubsubTopic":"projects/popchatv002/topics/eventarc-us-central1-trackusersessioncreate-981783-499","serviceAccountEmail":"296369449480-compute@developer.gserviceaccount.com","retryPolicy":"RETRY_POLICY_DO_NOT_RETRY"},"state":"ACTIVE","labels":{"deployment-tool":"cli-firebase","firebase-functions-hash":"4fb95acf971fd44e46da4433b3dd2209ba159cb9"},"environment":"GEN_2","url":"https://us-central1-popchatv002.cloudfunctions.net/trackUserSessionCreate","satisfiesPzi":true},"stages":[{"name":"BUILD","message":"Reusing build","state":"COMPLETE","resource":"projects/296369449480/locations/us-central1/builds/d3aaf7e5-a1dd-4c1f-8f40-17df48e13534"},{"name":"SERVICE","message":"Updating Cloud Run service","state":"IN_PROGRESS","resource":"projects/popchatv002/locations/us-central1/services/trackusersessioncreate","resourceUri":"https://console.cloud.google.com/run/detail/us-central1/trackusersessioncreate?project=popchatv002","stateMessages":[{"severity":"INFO","type":"CloudRunServiceNewRevisionTrafficInfo","message":"A new revision will be deployed serving with 100% traffic."}]},{"name":"TRIGGER","state":"NOT_STARTED"}],"sourceToken":"Cldwcm9qZWN0cy8yOTYzNjk0NDk0ODAvbG9jYXRpb25zL3VzLWNlbnRyYWwxL2J1aWxkcy9kM2FhZjdlNS1hMWRkLTRjMWYtOGY0MC0xN2RmNDhlMTM1MzQSbHVzLWNlbnRyYWwxLWRvY2tlci5wa2cuZGV2L3BvcGNoYXR2MDAyL2djZi1hcnRpZmFjdHMvcG9wY2hhdHYwMDJfX3VzLS1jZW50cmFsMV9fdGVzdF9odHRwX2Z1bmN0aW9uOnZlcnNpb25fMRiI1PuH0AgiRXByb2plY3RzL3BvcGNoYXR2MDAyL2xvY2F0aW9ucy91cy1jZW50cmFsMS9mdW5jdGlvbnMvdGVzdEh0dHBGdW5jdGlvbioMCPOkiMMGENCd2b8BMghub2RlanMyMjp2CiNnY3IuaW8vZ2FlLXJ1bnRpbWVzL25vZGVqczIyOnN0YWJsZRJPdXMtY2VudHJhbDEtZG9ja2VyLnBrZy5kZXYvc2VydmVybGVzcy1ydW50aW1lcy9nb29nbGUtMjItZnVsbC9ydW50aW1lcy9ub2RlanMyMkAB","operationType":"UPDATE_FUNCTION","buildName":"projects/296369449480/locations/us-central1/builds/d3aaf7e5-a1dd-4c1f-8f40-17df48e13534"},"done":false}
[debug] [2025-06-30T04:28:50.175Z] Got source token Cldwcm9qZWN0cy8yOTYzNjk0NDk0ODAvbG9jYXRpb25zL3VzLWNlbnRyYWwxL2J1aWxkcy9kM2FhZjdlNS1hMWRkLTRjMWYtOGY0MC0xN2RmNDhlMTM1MzQSbHVzLWNlbnRyYWwxLWRvY2tlci5wa2cuZGV2L3BvcGNoYXR2MDAyL2djZi1hcnRpZmFjdHMvcG9wY2hhdHYwMDJfX3VzLS1jZW50cmFsMV9fdGVzdF9odHRwX2Z1bmN0aW9uOnZlcnNpb25fMRiI1PuH0AgiRXByb2plY3RzL3BvcGNoYXR2MDAyL2xvY2F0aW9ucy91cy1jZW50cmFsMS9mdW5jdGlvbnMvdGVzdEh0dHBGdW5jdGlvbioMCPOkiMMGENCd2b8BMghub2RlanMyMjp2CiNnY3IuaW8vZ2FlLXJ1bnRpbWVzL25vZGVqczIyOnN0YWJsZRJPdXMtY2VudHJhbDEtZG9ja2VyLnBrZy5kZXYvc2VydmVybGVzcy1ydW50aW1lcy9nb29nbGUtMjItZnVsbC9ydW50aW1lcy9ub2RlanMyMkAB for region us-central1
[debug] [2025-06-30T04:28:50.227Z] <<< [apiv2][status] GET https://cloudfunctions.googleapis.com/v2/projects/popchatv002/locations/us-central1/operations/operation-1751257720430-638c276561e9d-1191d8e0-ebf1a17f 200
[debug] [2025-06-30T04:28:50.227Z] <<< [apiv2][body] GET https://cloudfunctions.googleapis.com/v2/projects/popchatv002/locations/us-central1/operations/operation-1751257720430-638c276561e9d-1191d8e0-ebf1a17f {"name":"projects/popchatv002/locations/us-central1/operations/operation-1751257720430-638c276561e9d-1191d8e0-ebf1a17f","metadata":{"@type":"type.googleapis.com/google.cloud.functions.v2.OperationMetadata","createTime":"2025-06-30T04:28:41.091952358Z","target":"projects/popchatv002/locations/us-central1/functions/telegramWebhook","verb":"update","cancelRequested":false,"apiVersion":"v2","requestResource":{"@type":"type.googleapis.com/google.cloud.functions.v2.Function","name":"projects/popchatv002/locations/us-central1/functions/telegramWebhook","buildConfig":{"runtime":"nodejs22","entryPoint":"telegramWebhook","source":{"storageSource":{"bucket":"gcf-v2-sources-296369449480-us-central1","object":"telegramWebhook/function-source.zip","generation":"1751257721051170"}},"environmentVariables":{"GOOGLE_NODE_RUN_SCRIPTS":""},"dockerRepository":"projects/popchatv002/locations/us-central1/repositories/gcf-artifacts","sourceProvenance":{"resolvedStorageSource":{"bucket":"gcf-v2-sources-296369449480-us-central1","object":"telegramWebhook/function-source.zip","generation":"1751257099563488"}},"dockerRegistry":"ARTIFACT_REGISTRY","sourceToken":"Cldwcm9qZWN0cy8yOTYzNjk0NDk0ODAvbG9jYXRpb25zL3VzLWNlbnRyYWwxL2J1aWxkcy9kM2FhZjdlNS1hMWRkLTRjMWYtOGY0MC0xN2RmNDhlMTM1MzQSbHVzLWNlbnRyYWwxLWRvY2tlci5wa2cuZGV2L3BvcGNoYXR2MDAyL2djZi1hcnRpZmFjdHMvcG9wY2hhdHYwMDJfX3VzLS1jZW50cmFsMV9fdGVzdF9odHRwX2Z1bmN0aW9uOnZlcnNpb25fMRiI1PuH0AgiRXByb2plY3RzL3BvcGNoYXR2MDAyL2xvY2F0aW9ucy91cy1jZW50cmFsMS9mdW5jdGlvbnMvdGVzdEh0dHBGdW5jdGlvbioMCPOkiMMGENCd2b8BMghub2RlanMyMjp2CiNnY3IuaW8vZ2FlLXJ1bnRpbWVzL25vZGVqczIyOnN0YWJsZRJPdXMtY2VudHJhbDEtZG9ja2VyLnBrZy5kZXYvc2VydmVybGVzcy1ydW50aW1lcy9nb29nbGUtMjItZnVsbC9ydW50aW1lcy9ub2RlanMyMkAB","serviceAccount":"projects/popchatv002/serviceAccounts/296369449480-compute@developer.gserviceaccount.com","automaticUpdatePolicy":{}},"serviceConfig":{"service":"projects/popchatv002/locations/us-central1/services/telegramwebhook","timeoutSeconds":60,"environmentVariables":{"FIREBASE_CONFIG":"{\"projectId\":\"popchatv002\",\"databaseURL\":\"https://popchatv002-default-rtdb.firebaseio.com\",\"storageBucket\":\"popchatv002.firebasestorage.app\"}","GCLOUD_PROJECT":"popchatv002","EVENTARC_CLOUD_EVENT_SOURCE":"projects/popchatv002/locations/us-central1/services/telegramWebhook","FUNCTION_TARGET":"telegramWebhook","LOG_EXECUTION_ID":"true","FUNCTION_SIGNATURE_TYPE":"http"},"ingressSettings":"ALLOW_ALL","uri":"https://telegramwebhook-2zjil5azfa-uc.a.run.app","serviceAccountEmail":"296369449480-compute@developer.gserviceaccount.com","availableMemory":"256Mi","allTrafficOnLatestRevision":true,"revision":"telegramwebhook-00012-rig","maxInstanceRequestConcurrency":80,"availableCpu":"1"},"state":"ACTIVE","labels":{"deployment-tool":"cli-firebase","firebase-functions-hash":"4fb95acf971fd44e46da4433b3dd2209ba159cb9"},"environment":"GEN_2","url":"https://us-central1-popchatv002.cloudfunctions.net/telegramWebhook","satisfiesPzi":true},"stages":[{"name":"BUILD","message":"Reusing build","state":"COMPLETE","resource":"projects/296369449480/locations/us-central1/builds/d3aaf7e5-a1dd-4c1f-8f40-17df48e13534"},{"name":"SERVICE","message":"Updating Cloud Run service","state":"IN_PROGRESS","resource":"projects/popchatv002/locations/us-central1/services/telegramwebhook","resourceUri":"https://console.cloud.google.com/run/detail/us-central1/telegramwebhook?project=popchatv002","stateMessages":[{"severity":"INFO","type":"CloudRunServiceNewRevisionTrafficInfo","message":"A new revision will be deployed serving with 100% traffic."}]}],"sourceToken":"Cldwcm9qZWN0cy8yOTYzNjk0NDk0ODAvbG9jYXRpb25zL3VzLWNlbnRyYWwxL2J1aWxkcy9kM2FhZjdlNS1hMWRkLTRjMWYtOGY0MC0xN2RmNDhlMTM1MzQSbHVzLWNlbnRyYWwxLWRvY2tlci5wa2cuZGV2L3BvcGNoYXR2MDAyL2djZi1hcnRpZmFjdHMvcG9wY2hhdHYwMDJfX3VzLS1jZW50cmFsMV9fdGVzdF9odHRwX2Z1bmN0aW9uOnZlcnNpb25fMRiI1PuH0AgiRXByb2plY3RzL3BvcGNoYXR2MDAyL2xvY2F0aW9ucy91cy1jZW50cmFsMS9mdW5jdGlvbnMvdGVzdEh0dHBGdW5jdGlvbioMCPOkiMMGENCd2b8BMghub2RlanMyMjp2CiNnY3IuaW8vZ2FlLXJ1bnRpbWVzL25vZGVqczIyOnN0YWJsZRJPdXMtY2VudHJhbDEtZG9ja2VyLnBrZy5kZXYvc2VydmVybGVzcy1ydW50aW1lcy9nb29nbGUtMjItZnVsbC9ydW50aW1lcy9ub2RlanMyMkAB","operationType":"UPDATE_FUNCTION","buildName":"projects/296369449480/locations/us-central1/builds/d3aaf7e5-a1dd-4c1f-8f40-17df48e13534"},"done":false}
[debug] [2025-06-30T04:28:50.227Z] Got source token Cldwcm9qZWN0cy8yOTYzNjk0NDk0ODAvbG9jYXRpb25zL3VzLWNlbnRyYWwxL2J1aWxkcy9kM2FhZjdlNS1hMWRkLTRjMWYtOGY0MC0xN2RmNDhlMTM1MzQSbHVzLWNlbnRyYWwxLWRvY2tlci5wa2cuZGV2L3BvcGNoYXR2MDAyL2djZi1hcnRpZmFjdHMvcG9wY2hhdHYwMDJfX3VzLS1jZW50cmFsMV9fdGVzdF9odHRwX2Z1bmN0aW9uOnZlcnNpb25fMRiI1PuH0AgiRXByb2plY3RzL3BvcGNoYXR2MDAyL2xvY2F0aW9ucy91cy1jZW50cmFsMS9mdW5jdGlvbnMvdGVzdEh0dHBGdW5jdGlvbioMCPOkiMMGENCd2b8BMghub2RlanMyMjp2CiNnY3IuaW8vZ2FlLXJ1bnRpbWVzL25vZGVqczIyOnN0YWJsZRJPdXMtY2VudHJhbDEtZG9ja2VyLnBrZy5kZXYvc2VydmVybGVzcy1ydW50aW1lcy9nb29nbGUtMjItZnVsbC9ydW50aW1lcy9ub2RlanMyMkAB for region us-central1
[debug] [2025-06-30T04:28:50.255Z] [update-default-us-central1-scheduledRandomUserMedia] Retrying task index 0
[debug] [2025-06-30T04:28:50.255Z] Checked if tokens are valid: true, expires at: 1751260621805
[debug] [2025-06-30T04:28:50.255Z] Checked if tokens are valid: true, expires at: 1751260621805
[debug] [2025-06-30T04:28:50.255Z] >>> [apiv2][query] GET https://cloudfunctions.googleapis.com/v2/projects/popchatv002/locations/us-central1/operations/operation-1751257720468-638c27656b449-f90f96cc-332f62ae [none]
[debug] [2025-06-30T04:28:50.272Z] <<< [apiv2][status] GET https://cloudfunctions.googleapis.com/v2/projects/popchatv002/locations/us-central1/operations/operation-1751257720429-638c2765619c9-aa1c1132-72ed2591 200
[debug] [2025-06-30T04:28:50.272Z] <<< [apiv2][body] GET https://cloudfunctions.googleapis.com/v2/projects/popchatv002/locations/us-central1/operations/operation-1751257720429-638c2765619c9-aa1c1132-72ed2591 {"name":"projects/popchatv002/locations/us-central1/operations/operation-1751257720429-638c2765619c9-aa1c1132-72ed2591","metadata":{"@type":"type.googleapis.com/google.cloud.functions.v2.OperationMetadata","createTime":"2025-06-30T04:28:41.087145853Z","target":"projects/popchatv002/locations/us-central1/functions/scheduledSendAd","verb":"update","cancelRequested":false,"apiVersion":"v2","requestResource":{"@type":"type.googleapis.com/google.cloud.functions.v2.Function","name":"projects/popchatv002/locations/us-central1/functions/scheduledSendAd","buildConfig":{"runtime":"nodejs22","entryPoint":"scheduledSendAd","source":{"storageSource":{"bucket":"gcf-v2-sources-296369449480-us-central1","object":"scheduledSendAd/function-source.zip","generation":"1751257721047016"}},"environmentVariables":{"GOOGLE_NODE_RUN_SCRIPTS":""},"dockerRepository":"projects/popchatv002/locations/us-central1/repositories/gcf-artifacts","sourceProvenance":{"resolvedStorageSource":{"bucket":"gcf-v2-sources-296369449480-us-central1","object":"scheduledSendAd/function-source.zip","generation":"1751257504667326"}},"dockerRegistry":"ARTIFACT_REGISTRY","sourceToken":"Cldwcm9qZWN0cy8yOTYzNjk0NDk0ODAvbG9jYXRpb25zL3VzLWNlbnRyYWwxL2J1aWxkcy9kM2FhZjdlNS1hMWRkLTRjMWYtOGY0MC0xN2RmNDhlMTM1MzQSbHVzLWNlbnRyYWwxLWRvY2tlci5wa2cuZGV2L3BvcGNoYXR2MDAyL2djZi1hcnRpZmFjdHMvcG9wY2hhdHYwMDJfX3VzLS1jZW50cmFsMV9fdGVzdF9odHRwX2Z1bmN0aW9uOnZlcnNpb25fMRiI1PuH0AgiRXByb2plY3RzL3BvcGNoYXR2MDAyL2xvY2F0aW9ucy91cy1jZW50cmFsMS9mdW5jdGlvbnMvdGVzdEh0dHBGdW5jdGlvbioMCPOkiMMGENCd2b8BMghub2RlanMyMjp2CiNnY3IuaW8vZ2FlLXJ1bnRpbWVzL25vZGVqczIyOnN0YWJsZRJPdXMtY2VudHJhbDEtZG9ja2VyLnBrZy5kZXYvc2VydmVybGVzcy1ydW50aW1lcy9nb29nbGUtMjItZnVsbC9ydW50aW1lcy9ub2RlanMyMkAB","serviceAccount":"projects/popchatv002/serviceAccounts/296369449480-compute@developer.gserviceaccount.com","automaticUpdatePolicy":{}},"serviceConfig":{"service":"projects/popchatv002/locations/us-central1/services/scheduledsendad","timeoutSeconds":60,"environmentVariables":{"FIREBASE_CONFIG":"{\"projectId\":\"popchatv002\",\"databaseURL\":\"https://popchatv002-default-rtdb.firebaseio.com\",\"storageBucket\":\"popchatv002.firebasestorage.app\"}","GCLOUD_PROJECT":"popchatv002","EVENTARC_CLOUD_EVENT_SOURCE":"projects/popchatv002/locations/us-central1/services/scheduledSendAd","FUNCTION_TARGET":"scheduledSendAd","LOG_EXECUTION_ID":"true","FUNCTION_SIGNATURE_TYPE":"http"},"ingressSettings":"ALLOW_ALL","uri":"https://scheduledsendad-2zjil5azfa-uc.a.run.app","serviceAccountEmail":"296369449480-compute@developer.gserviceaccount.com","availableMemory":"256Mi","allTrafficOnLatestRevision":true,"revision":"scheduledsendad-00019-jep","maxInstanceRequestConcurrency":80,"availableCpu":"1"},"state":"ACTIVE","labels":{"deployment-tool":"cli-firebase","deployment-scheduled":"true","firebase-functions-hash":"4fb95acf971fd44e46da4433b3dd2209ba159cb9"},"environment":"GEN_2","url":"https://us-central1-popchatv002.cloudfunctions.net/scheduledSendAd","satisfiesPzi":true},"stages":[{"name":"BUILD","message":"Reusing build","state":"COMPLETE","resource":"projects/296369449480/locations/us-central1/builds/d3aaf7e5-a1dd-4c1f-8f40-17df48e13534"},{"name":"SERVICE","message":"Updating Cloud Run service","state":"IN_PROGRESS","resource":"projects/popchatv002/locations/us-central1/services/scheduledsendad","resourceUri":"https://console.cloud.google.com/run/detail/us-central1/scheduledsendad?project=popchatv002","stateMessages":[{"severity":"INFO","type":"CloudRunServiceNewRevisionTrafficInfo","message":"A new revision will be deployed serving with 100% traffic."}]}],"sourceToken":"Cldwcm9qZWN0cy8yOTYzNjk0NDk0ODAvbG9jYXRpb25zL3VzLWNlbnRyYWwxL2J1aWxkcy9kM2FhZjdlNS1hMWRkLTRjMWYtOGY0MC0xN2RmNDhlMTM1MzQSbHVzLWNlbnRyYWwxLWRvY2tlci5wa2cuZGV2L3BvcGNoYXR2MDAyL2djZi1hcnRpZmFjdHMvcG9wY2hhdHYwMDJfX3VzLS1jZW50cmFsMV9fdGVzdF9odHRwX2Z1bmN0aW9uOnZlcnNpb25fMRiI1PuH0AgiRXByb2plY3RzL3BvcGNoYXR2MDAyL2xvY2F0aW9ucy91cy1jZW50cmFsMS9mdW5jdGlvbnMvdGVzdEh0dHBGdW5jdGlvbioMCPOkiMMGENCd2b8BMghub2RlanMyMjp2CiNnY3IuaW8vZ2FlLXJ1bnRpbWVzL25vZGVqczIyOnN0YWJsZRJPdXMtY2VudHJhbDEtZG9ja2VyLnBrZy5kZXYvc2VydmVybGVzcy1ydW50aW1lcy9nb29nbGUtMjItZnVsbC9ydW50aW1lcy9ub2RlanMyMkAB","operationType":"UPDATE_FUNCTION","buildName":"projects/296369449480/locations/us-central1/builds/d3aaf7e5-a1dd-4c1f-8f40-17df48e13534"},"done":false}
[debug] [2025-06-30T04:28:50.272Z] Got source token Cldwcm9qZWN0cy8yOTYzNjk0NDk0ODAvbG9jYXRpb25zL3VzLWNlbnRyYWwxL2J1aWxkcy9kM2FhZjdlNS1hMWRkLTRjMWYtOGY0MC0xN2RmNDhlMTM1MzQSbHVzLWNlbnRyYWwxLWRvY2tlci5wa2cuZGV2L3BvcGNoYXR2MDAyL2djZi1hcnRpZmFjdHMvcG9wY2hhdHYwMDJfX3VzLS1jZW50cmFsMV9fdGVzdF9odHRwX2Z1bmN0aW9uOnZlcnNpb25fMRiI1PuH0AgiRXByb2plY3RzL3BvcGNoYXR2MDAyL2xvY2F0aW9ucy91cy1jZW50cmFsMS9mdW5jdGlvbnMvdGVzdEh0dHBGdW5jdGlvbioMCPOkiMMGENCd2b8BMghub2RlanMyMjp2CiNnY3IuaW8vZ2FlLXJ1bnRpbWVzL25vZGVqczIyOnN0YWJsZRJPdXMtY2VudHJhbDEtZG9ja2VyLnBrZy5kZXYvc2VydmVybGVzcy1ydW50aW1lcy9nb29nbGUtMjItZnVsbC9ydW50aW1lcy9ub2RlanMyMkAB for region us-central1
[debug] [2025-06-30T04:28:50.304Z] <<< [apiv2][status] GET https://cloudfunctions.googleapis.com/v2/projects/popchatv002/locations/us-central1/operations/operation-1751257720413-638c27655de89-6698e35a-8f465e0a 200
[debug] [2025-06-30T04:28:50.304Z] <<< [apiv2][body] GET https://cloudfunctions.googleapis.com/v2/projects/popchatv002/locations/us-central1/operations/operation-1751257720413-638c27655de89-6698e35a-8f465e0a {"name":"projects/popchatv002/locations/us-central1/operations/operation-1751257720413-638c27655de89-6698e35a-8f465e0a","metadata":{"@type":"type.googleapis.com/google.cloud.functions.v2.OperationMetadata","createTime":"2025-06-30T04:28:41.095424257Z","target":"projects/popchatv002/locations/us-central1/functions/resetUserCounter","verb":"update","cancelRequested":false,"apiVersion":"v2","requestResource":{"@type":"type.googleapis.com/google.cloud.functions.v2.Function","name":"projects/popchatv002/locations/us-central1/functions/resetUserCounter","buildConfig":{"runtime":"nodejs22","entryPoint":"resetUserCounter","source":{"storageSource":{"bucket":"gcf-v2-sources-296369449480-us-central1","object":"resetUserCounter/function-source.zip","generation":"1751257721056668"}},"environmentVariables":{"GOOGLE_NODE_RUN_SCRIPTS":""},"dockerRepository":"projects/popchatv002/locations/us-central1/repositories/gcf-artifacts","sourceProvenance":{"resolvedStorageSource":{"bucket":"gcf-v2-sources-296369449480-us-central1","object":"resetUserCounter/function-source.zip","generation":"1751257099518160"}},"dockerRegistry":"ARTIFACT_REGISTRY","sourceToken":"Cldwcm9qZWN0cy8yOTYzNjk0NDk0ODAvbG9jYXRpb25zL3VzLWNlbnRyYWwxL2J1aWxkcy9kM2FhZjdlNS1hMWRkLTRjMWYtOGY0MC0xN2RmNDhlMTM1MzQSbHVzLWNlbnRyYWwxLWRvY2tlci5wa2cuZGV2L3BvcGNoYXR2MDAyL2djZi1hcnRpZmFjdHMvcG9wY2hhdHYwMDJfX3VzLS1jZW50cmFsMV9fdGVzdF9odHRwX2Z1bmN0aW9uOnZlcnNpb25fMRiI1PuH0AgiRXByb2plY3RzL3BvcGNoYXR2MDAyL2xvY2F0aW9ucy91cy1jZW50cmFsMS9mdW5jdGlvbnMvdGVzdEh0dHBGdW5jdGlvbioMCPOkiMMGENCd2b8BMghub2RlanMyMjp2CiNnY3IuaW8vZ2FlLXJ1bnRpbWVzL25vZGVqczIyOnN0YWJsZRJPdXMtY2VudHJhbDEtZG9ja2VyLnBrZy5kZXYvc2VydmVybGVzcy1ydW50aW1lcy9nb29nbGUtMjItZnVsbC9ydW50aW1lcy9ub2RlanMyMkAB","serviceAccount":"projects/popchatv002/serviceAccounts/296369449480-compute@developer.gserviceaccount.com","automaticUpdatePolicy":{}},"serviceConfig":{"service":"projects/popchatv002/locations/us-central1/services/resetusercounter","timeoutSeconds":60,"environmentVariables":{"FIREBASE_CONFIG":"{\"projectId\":\"popchatv002\",\"databaseURL\":\"https://popchatv002-default-rtdb.firebaseio.com\",\"storageBucket\":\"popchatv002.firebasestorage.app\"}","GCLOUD_PROJECT":"popchatv002","EVENTARC_CLOUD_EVENT_SOURCE":"projects/popchatv002/locations/us-central1/services/resetUserCounter","FUNCTION_TARGET":"resetUserCounter","LOG_EXECUTION_ID":"true","FUNCTION_SIGNATURE_TYPE":"http"},"ingressSettings":"ALLOW_ALL","uri":"https://resetusercounter-2zjil5azfa-uc.a.run.app","serviceAccountEmail":"296369449480-compute@developer.gserviceaccount.com","availableMemory":"256Mi","allTrafficOnLatestRevision":true,"revision":"resetusercounter-00014-cef","maxInstanceRequestConcurrency":80,"availableCpu":"1"},"state":"ACTIVE","labels":{"deployment-tool":"cli-firebase","firebase-functions-hash":"4fb95acf971fd44e46da4433b3dd2209ba159cb9"},"environment":"GEN_2","url":"https://us-central1-popchatv002.cloudfunctions.net/resetUserCounter","satisfiesPzi":true},"stages":[{"name":"BUILD","message":"Reusing build","state":"COMPLETE","resource":"projects/296369449480/locations/us-central1/builds/d3aaf7e5-a1dd-4c1f-8f40-17df48e13534"},{"name":"SERVICE","message":"Updating Cloud Run service","state":"IN_PROGRESS","resource":"projects/popchatv002/locations/us-central1/services/resetusercounter","resourceUri":"https://console.cloud.google.com/run/detail/us-central1/resetusercounter?project=popchatv002","stateMessages":[{"severity":"INFO","type":"CloudRunServiceNewRevisionTrafficInfo","message":"A new revision will be deployed serving with 100% traffic."}]}],"sourceToken":"Cldwcm9qZWN0cy8yOTYzNjk0NDk0ODAvbG9jYXRpb25zL3VzLWNlbnRyYWwxL2J1aWxkcy9kM2FhZjdlNS1hMWRkLTRjMWYtOGY0MC0xN2RmNDhlMTM1MzQSbHVzLWNlbnRyYWwxLWRvY2tlci5wa2cuZGV2L3BvcGNoYXR2MDAyL2djZi1hcnRpZmFjdHMvcG9wY2hhdHYwMDJfX3VzLS1jZW50cmFsMV9fdGVzdF9odHRwX2Z1bmN0aW9uOnZlcnNpb25fMRiI1PuH0AgiRXByb2plY3RzL3BvcGNoYXR2MDAyL2xvY2F0aW9ucy91cy1jZW50cmFsMS9mdW5jdGlvbnMvdGVzdEh0dHBGdW5jdGlvbioMCPOkiMMGENCd2b8BMghub2RlanMyMjp2CiNnY3IuaW8vZ2FlLXJ1bnRpbWVzL25vZGVqczIyOnN0YWJsZRJPdXMtY2VudHJhbDEtZG9ja2VyLnBrZy5kZXYvc2VydmVybGVzcy1ydW50aW1lcy9nb29nbGUtMjItZnVsbC9ydW50aW1lcy9ub2RlanMyMkAB","operationType":"UPDATE_FUNCTION","buildName":"projects/296369449480/locations/us-central1/builds/d3aaf7e5-a1dd-4c1f-8f40-17df48e13534"},"done":false}
[debug] [2025-06-30T04:28:50.304Z] Got source token Cldwcm9qZWN0cy8yOTYzNjk0NDk0ODAvbG9jYXRpb25zL3VzLWNlbnRyYWwxL2J1aWxkcy9kM2FhZjdlNS1hMWRkLTRjMWYtOGY0MC0xN2RmNDhlMTM1MzQSbHVzLWNlbnRyYWwxLWRvY2tlci5wa2cuZGV2L3BvcGNoYXR2MDAyL2djZi1hcnRpZmFjdHMvcG9wY2hhdHYwMDJfX3VzLS1jZW50cmFsMV9fdGVzdF9odHRwX2Z1bmN0aW9uOnZlcnNpb25fMRiI1PuH0AgiRXByb2plY3RzL3BvcGNoYXR2MDAyL2xvY2F0aW9ucy91cy1jZW50cmFsMS9mdW5jdGlvbnMvdGVzdEh0dHBGdW5jdGlvbioMCPOkiMMGENCd2b8BMghub2RlanMyMjp2CiNnY3IuaW8vZ2FlLXJ1bnRpbWVzL25vZGVqczIyOnN0YWJsZRJPdXMtY2VudHJhbDEtZG9ja2VyLnBrZy5kZXYvc2VydmVybGVzcy1ydW50aW1lcy9nb29nbGUtMjItZnVsbC9ydW50aW1lcy9ub2RlanMyMkAB for region us-central1
[debug] [2025-06-30T04:28:50.306Z] <<< [apiv2][status] GET https://cloudfunctions.googleapis.com/v2/projects/popchatv002/locations/us-central1/operations/operation-1751257720469-638c27656b729-c899d5b1-c4413bff 200
[debug] [2025-06-30T04:28:50.306Z] <<< [apiv2][body] GET https://cloudfunctions.googleapis.com/v2/projects/popchatv002/locations/us-central1/operations/operation-1751257720469-638c27656b729-c899d5b1-c4413bff {"name":"projects/popchatv002/locations/us-central1/operations/operation-1751257720469-638c27656b729-c899d5b1-c4413bff","metadata":{"@type":"type.googleapis.com/google.cloud.functions.v2.OperationMetadata","createTime":"2025-06-30T04:28:41.149278176Z","target":"projects/popchatv002/locations/us-central1/functions/sendHostToGroup","verb":"update","cancelRequested":false,"apiVersion":"v2","requestResource":{"@type":"type.googleapis.com/google.cloud.functions.v2.Function","name":"projects/popchatv002/locations/us-central1/functions/sendHostToGroup","buildConfig":{"runtime":"nodejs22","entryPoint":"sendHostToGroup","source":{"storageSource":{"bucket":"gcf-v2-sources-296369449480-us-central1","object":"sendHostToGroup/function-source.zip","generation":"1751257721098329"}},"environmentVariables":{"GOOGLE_NODE_RUN_SCRIPTS":""},"dockerRepository":"projects/popchatv002/locations/us-central1/repositories/gcf-artifacts","sourceProvenance":{"resolvedStorageSource":{"bucket":"gcf-v2-sources-296369449480-us-central1","object":"sendHostToGroup/function-source.zip","generation":"1751257099576409"}},"dockerRegistry":"ARTIFACT_REGISTRY","sourceToken":"Cldwcm9qZWN0cy8yOTYzNjk0NDk0ODAvbG9jYXRpb25zL3VzLWNlbnRyYWwxL2J1aWxkcy9kM2FhZjdlNS1hMWRkLTRjMWYtOGY0MC0xN2RmNDhlMTM1MzQSbHVzLWNlbnRyYWwxLWRvY2tlci5wa2cuZGV2L3BvcGNoYXR2MDAyL2djZi1hcnRpZmFjdHMvcG9wY2hhdHYwMDJfX3VzLS1jZW50cmFsMV9fdGVzdF9odHRwX2Z1bmN0aW9uOnZlcnNpb25fMRiI1PuH0AgiRXByb2plY3RzL3BvcGNoYXR2MDAyL2xvY2F0aW9ucy91cy1jZW50cmFsMS9mdW5jdGlvbnMvdGVzdEh0dHBGdW5jdGlvbioMCPOkiMMGENCd2b8BMghub2RlanMyMjp2CiNnY3IuaW8vZ2FlLXJ1bnRpbWVzL25vZGVqczIyOnN0YWJsZRJPdXMtY2VudHJhbDEtZG9ja2VyLnBrZy5kZXYvc2VydmVybGVzcy1ydW50aW1lcy9nb29nbGUtMjItZnVsbC9ydW50aW1lcy9ub2RlanMyMkAB","serviceAccount":"projects/popchatv002/serviceAccounts/296369449480-compute@developer.gserviceaccount.com","automaticUpdatePolicy":{}},"serviceConfig":{"service":"projects/popchatv002/locations/us-central1/services/sendhosttogroup","timeoutSeconds":60,"environmentVariables":{"FIREBASE_CONFIG":"{\"projectId\":\"popchatv002\",\"databaseURL\":\"https://popchatv002-default-rtdb.firebaseio.com\",\"storageBucket\":\"popchatv002.firebasestorage.app\"}","GCLOUD_PROJECT":"popchatv002","EVENTARC_CLOUD_EVENT_SOURCE":"projects/popchatv002/locations/us-central1/services/sendHostToGroup","FUNCTION_TARGET":"sendHostToGroup","LOG_EXECUTION_ID":"true","FUNCTION_SIGNATURE_TYPE":"http"},"ingressSettings":"ALLOW_ALL","uri":"https://sendhosttogroup-2zjil5azfa-uc.a.run.app","serviceAccountEmail":"296369449480-compute@developer.gserviceaccount.com","availableMemory":"256Mi","allTrafficOnLatestRevision":true,"revision":"sendhosttogroup-00023-viy","maxInstanceRequestConcurrency":80,"availableCpu":"1"},"state":"ACTIVE","labels":{"deployment-tool":"cli-firebase","firebase-functions-hash":"4fb95acf971fd44e46da4433b3dd2209ba159cb9"},"environment":"GEN_2","url":"https://us-central1-popchatv002.cloudfunctions.net/sendHostToGroup","satisfiesPzi":true},"stages":[{"name":"BUILD","message":"Reusing build","state":"COMPLETE","resource":"projects/296369449480/locations/us-central1/builds/d3aaf7e5-a1dd-4c1f-8f40-17df48e13534"},{"name":"SERVICE","message":"Updating Cloud Run service","state":"IN_PROGRESS","resource":"projects/popchatv002/locations/us-central1/services/sendhosttogroup","resourceUri":"https://console.cloud.google.com/run/detail/us-central1/sendhosttogroup?project=popchatv002","stateMessages":[{"severity":"INFO","type":"CloudRunServiceNewRevisionTrafficInfo","message":"A new revision will be deployed serving with 100% traffic."}]}],"sourceToken":"Cldwcm9qZWN0cy8yOTYzNjk0NDk0ODAvbG9jYXRpb25zL3VzLWNlbnRyYWwxL2J1aWxkcy9kM2FhZjdlNS1hMWRkLTRjMWYtOGY0MC0xN2RmNDhlMTM1MzQSbHVzLWNlbnRyYWwxLWRvY2tlci5wa2cuZGV2L3BvcGNoYXR2MDAyL2djZi1hcnRpZmFjdHMvcG9wY2hhdHYwMDJfX3VzLS1jZW50cmFsMV9fdGVzdF9odHRwX2Z1bmN0aW9uOnZlcnNpb25fMRiI1PuH0AgiRXByb2plY3RzL3BvcGNoYXR2MDAyL2xvY2F0aW9ucy91cy1jZW50cmFsMS9mdW5jdGlvbnMvdGVzdEh0dHBGdW5jdGlvbioMCPOkiMMGENCd2b8BMghub2RlanMyMjp2CiNnY3IuaW8vZ2FlLXJ1bnRpbWVzL25vZGVqczIyOnN0YWJsZRJPdXMtY2VudHJhbDEtZG9ja2VyLnBrZy5kZXYvc2VydmVybGVzcy1ydW50aW1lcy9nb29nbGUtMjItZnVsbC9ydW50aW1lcy9ub2RlanMyMkAB","operationType":"UPDATE_FUNCTION","buildName":"projects/296369449480/locations/us-central1/builds/d3aaf7e5-a1dd-4c1f-8f40-17df48e13534"},"done":false}
[debug] [2025-06-30T04:28:50.306Z] Got source token Cldwcm9qZWN0cy8yOTYzNjk0NDk0ODAvbG9jYXRpb25zL3VzLWNlbnRyYWwxL2J1aWxkcy9kM2FhZjdlNS1hMWRkLTRjMWYtOGY0MC0xN2RmNDhlMTM1MzQSbHVzLWNlbnRyYWwxLWRvY2tlci5wa2cuZGV2L3BvcGNoYXR2MDAyL2djZi1hcnRpZmFjdHMvcG9wY2hhdHYwMDJfX3VzLS1jZW50cmFsMV9fdGVzdF9odHRwX2Z1bmN0aW9uOnZlcnNpb25fMRiI1PuH0AgiRXByb2plY3RzL3BvcGNoYXR2MDAyL2xvY2F0aW9ucy91cy1jZW50cmFsMS9mdW5jdGlvbnMvdGVzdEh0dHBGdW5jdGlvbioMCPOkiMMGENCd2b8BMghub2RlanMyMjp2CiNnY3IuaW8vZ2FlLXJ1bnRpbWVzL25vZGVqczIyOnN0YWJsZRJPdXMtY2VudHJhbDEtZG9ja2VyLnBrZy5kZXYvc2VydmVybGVzcy1ydW50aW1lcy9nb29nbGUtMjItZnVsbC9ydW50aW1lcy9ub2RlanMyMkAB for region us-central1
[debug] [2025-06-30T04:28:50.319Z] <<< [apiv2][status] GET https://cloudfunctions.googleapis.com/v2/projects/popchatv002/locations/us-central1/operations/operation-1751257720466-638c27656aac6-c7a788ed-f3b01150 200
[debug] [2025-06-30T04:28:50.319Z] <<< [apiv2][body] GET https://cloudfunctions.googleapis.com/v2/projects/popchatv002/locations/us-central1/operations/operation-1751257720466-638c27656aac6-c7a788ed-f3b01150 {"name":"projects/popchatv002/locations/us-central1/operations/operation-1751257720466-638c27656aac6-c7a788ed-f3b01150","metadata":{"@type":"type.googleapis.com/google.cloud.functions.v2.OperationMetadata","createTime":"2025-06-30T04:28:41.164815608Z","target":"projects/popchatv002/locations/us-central1/functions/testScheduledFunction","verb":"update","cancelRequested":false,"apiVersion":"v2","requestResource":{"@type":"type.googleapis.com/google.cloud.functions.v2.Function","name":"projects/popchatv002/locations/us-central1/functions/testScheduledFunction","buildConfig":{"runtime":"nodejs22","entryPoint":"testScheduledFunction","source":{"storageSource":{"bucket":"gcf-v2-sources-296369449480-us-central1","object":"testScheduledFunction/function-source.zip","generation":"1751257721123130"}},"environmentVariables":{"GOOGLE_NODE_RUN_SCRIPTS":""},"dockerRepository":"projects/popchatv002/locations/us-central1/repositories/gcf-artifacts","sourceProvenance":{"resolvedStorageSource":{"bucket":"gcf-v2-sources-296369449480-us-central1","object":"testScheduledFunction/function-source.zip","generation":"1751257099559976"}},"dockerRegistry":"ARTIFACT_REGISTRY","sourceToken":"Cldwcm9qZWN0cy8yOTYzNjk0NDk0ODAvbG9jYXRpb25zL3VzLWNlbnRyYWwxL2J1aWxkcy9kM2FhZjdlNS1hMWRkLTRjMWYtOGY0MC0xN2RmNDhlMTM1MzQSbHVzLWNlbnRyYWwxLWRvY2tlci5wa2cuZGV2L3BvcGNoYXR2MDAyL2djZi1hcnRpZmFjdHMvcG9wY2hhdHYwMDJfX3VzLS1jZW50cmFsMV9fdGVzdF9odHRwX2Z1bmN0aW9uOnZlcnNpb25fMRiI1PuH0AgiRXByb2plY3RzL3BvcGNoYXR2MDAyL2xvY2F0aW9ucy91cy1jZW50cmFsMS9mdW5jdGlvbnMvdGVzdEh0dHBGdW5jdGlvbioMCPOkiMMGENCd2b8BMghub2RlanMyMjp2CiNnY3IuaW8vZ2FlLXJ1bnRpbWVzL25vZGVqczIyOnN0YWJsZRJPdXMtY2VudHJhbDEtZG9ja2VyLnBrZy5kZXYvc2VydmVybGVzcy1ydW50aW1lcy9nb29nbGUtMjItZnVsbC9ydW50aW1lcy9ub2RlanMyMkAB","serviceAccount":"projects/popchatv002/serviceAccounts/296369449480-compute@developer.gserviceaccount.com","automaticUpdatePolicy":{}},"serviceConfig":{"service":"projects/popchatv002/locations/us-central1/services/testscheduledfunction","timeoutSeconds":60,"environmentVariables":{"FIREBASE_CONFIG":"{\"projectId\":\"popchatv002\",\"databaseURL\":\"https://popchatv002-default-rtdb.firebaseio.com\",\"storageBucket\":\"popchatv002.firebasestorage.app\"}","GCLOUD_PROJECT":"popchatv002","EVENTARC_CLOUD_EVENT_SOURCE":"projects/popchatv002/locations/us-central1/services/testScheduledFunction","FUNCTION_TARGET":"testScheduledFunction","LOG_EXECUTION_ID":"true","FUNCTION_SIGNATURE_TYPE":"http"},"ingressSettings":"ALLOW_ALL","uri":"https://testscheduledfunction-2zjil5azfa-uc.a.run.app","serviceAccountEmail":"296369449480-compute@developer.gserviceaccount.com","availableMemory":"256Mi","allTrafficOnLatestRevision":true,"revision":"testscheduledfunction-00024-xin","maxInstanceRequestConcurrency":80,"availableCpu":"1"},"state":"ACTIVE","labels":{"deployment-tool":"cli-firebase","firebase-functions-hash":"4fb95acf971fd44e46da4433b3dd2209ba159cb9"},"environment":"GEN_2","url":"https://us-central1-popchatv002.cloudfunctions.net/testScheduledFunction","satisfiesPzi":true},"stages":[{"name":"BUILD","message":"Reusing build","state":"COMPLETE","resource":"projects/296369449480/locations/us-central1/builds/d3aaf7e5-a1dd-4c1f-8f40-17df48e13534"},{"name":"SERVICE","message":"Updating Cloud Run service","state":"IN_PROGRESS","resource":"projects/popchatv002/locations/us-central1/services/testscheduledfunction","resourceUri":"https://console.cloud.google.com/run/detail/us-central1/testscheduledfunction?project=popchatv002","stateMessages":[{"severity":"INFO","type":"CloudRunServiceNewRevisionTrafficInfo","message":"A new revision will be deployed serving with 100% traffic."}]}],"sourceToken":"Cldwcm9qZWN0cy8yOTYzNjk0NDk0ODAvbG9jYXRpb25zL3VzLWNlbnRyYWwxL2J1aWxkcy9kM2FhZjdlNS1hMWRkLTRjMWYtOGY0MC0xN2RmNDhlMTM1MzQSbHVzLWNlbnRyYWwxLWRvY2tlci5wa2cuZGV2L3BvcGNoYXR2MDAyL2djZi1hcnRpZmFjdHMvcG9wY2hhdHYwMDJfX3VzLS1jZW50cmFsMV9fdGVzdF9odHRwX2Z1bmN0aW9uOnZlcnNpb25fMRiI1PuH0AgiRXByb2plY3RzL3BvcGNoYXR2MDAyL2xvY2F0aW9ucy91cy1jZW50cmFsMS9mdW5jdGlvbnMvdGVzdEh0dHBGdW5jdGlvbioMCPOkiMMGENCd2b8BMghub2RlanMyMjp2CiNnY3IuaW8vZ2FlLXJ1bnRpbWVzL25vZGVqczIyOnN0YWJsZRJPdXMtY2VudHJhbDEtZG9ja2VyLnBrZy5kZXYvc2VydmVybGVzcy1ydW50aW1lcy9nb29nbGUtMjItZnVsbC9ydW50aW1lcy9ub2RlanMyMkAB","operationType":"UPDATE_FUNCTION","buildName":"projects/296369449480/locations/us-central1/builds/d3aaf7e5-a1dd-4c1f-8f40-17df48e13534"},"done":false}
[debug] [2025-06-30T04:28:50.319Z] Got source token Cldwcm9qZWN0cy8yOTYzNjk0NDk0ODAvbG9jYXRpb25zL3VzLWNlbnRyYWwxL2J1aWxkcy9kM2FhZjdlNS1hMWRkLTRjMWYtOGY0MC0xN2RmNDhlMTM1MzQSbHVzLWNlbnRyYWwxLWRvY2tlci5wa2cuZGV2L3BvcGNoYXR2MDAyL2djZi1hcnRpZmFjdHMvcG9wY2hhdHYwMDJfX3VzLS1jZW50cmFsMV9fdGVzdF9odHRwX2Z1bmN0aW9uOnZlcnNpb25fMRiI1PuH0AgiRXByb2plY3RzL3BvcGNoYXR2MDAyL2xvY2F0aW9ucy91cy1jZW50cmFsMS9mdW5jdGlvbnMvdGVzdEh0dHBGdW5jdGlvbioMCPOkiMMGENCd2b8BMghub2RlanMyMjp2CiNnY3IuaW8vZ2FlLXJ1bnRpbWVzL25vZGVqczIyOnN0YWJsZRJPdXMtY2VudHJhbDEtZG9ja2VyLnBrZy5kZXYvc2VydmVybGVzcy1ydW50aW1lcy9nb29nbGUtMjItZnVsbC9ydW50aW1lcy9ub2RlanMyMkAB for region us-central1
[debug] [2025-06-30T04:28:50.319Z] <<< [apiv2][status] GET https://cloudfunctions.googleapis.com/v2/projects/popchatv002/locations/us-central1/operations/operation-1751257720431-638c2765623ef-1d50ed9e-7f2e316b 200
[debug] [2025-06-30T04:28:50.319Z] <<< [apiv2][body] GET https://cloudfunctions.googleapis.com/v2/projects/popchatv002/locations/us-central1/operations/operation-1751257720431-638c2765623ef-1d50ed9e-7f2e316b {"name":"projects/popchatv002/locations/us-central1/operations/operation-1751257720431-638c2765623ef-1d50ed9e-7f2e316b","metadata":{"@type":"type.googleapis.com/google.cloud.functions.v2.OperationMetadata","createTime":"2025-06-30T04:28:41.206328431Z","target":"projects/popchatv002/locations/us-central1/functions/trackUserSessionDelete","verb":"update","cancelRequested":false,"apiVersion":"v2","requestResource":{"@type":"type.googleapis.com/google.cloud.functions.v2.Function","name":"projects/popchatv002/locations/us-central1/functions/trackUserSessionDelete","buildConfig":{"runtime":"nodejs22","entryPoint":"trackUserSessionDelete","source":{"storageSource":{"bucket":"gcf-v2-sources-296369449480-us-central1","object":"trackUserSessionDelete/function-source.zip","generation":"1751257721149279"}},"environmentVariables":{"GOOGLE_NODE_RUN_SCRIPTS":""},"dockerRepository":"projects/popchatv002/locations/us-central1/repositories/gcf-artifacts","sourceProvenance":{"resolvedStorageSource":{"bucket":"gcf-v2-sources-296369449480-us-central1","object":"trackUserSessionDelete/function-source.zip","generation":"1751257099512193"}},"dockerRegistry":"ARTIFACT_REGISTRY","sourceToken":"Cldwcm9qZWN0cy8yOTYzNjk0NDk0ODAvbG9jYXRpb25zL3VzLWNlbnRyYWwxL2J1aWxkcy9kM2FhZjdlNS1hMWRkLTRjMWYtOGY0MC0xN2RmNDhlMTM1MzQSbHVzLWNlbnRyYWwxLWRvY2tlci5wa2cuZGV2L3BvcGNoYXR2MDAyL2djZi1hcnRpZmFjdHMvcG9wY2hhdHYwMDJfX3VzLS1jZW50cmFsMV9fdGVzdF9odHRwX2Z1bmN0aW9uOnZlcnNpb25fMRiI1PuH0AgiRXByb2plY3RzL3BvcGNoYXR2MDAyL2xvY2F0aW9ucy91cy1jZW50cmFsMS9mdW5jdGlvbnMvdGVzdEh0dHBGdW5jdGlvbioMCPOkiMMGENCd2b8BMghub2RlanMyMjp2CiNnY3IuaW8vZ2FlLXJ1bnRpbWVzL25vZGVqczIyOnN0YWJsZRJPdXMtY2VudHJhbDEtZG9ja2VyLnBrZy5kZXYvc2VydmVybGVzcy1ydW50aW1lcy9nb29nbGUtMjItZnVsbC9ydW50aW1lcy9ub2RlanMyMkAB","serviceAccount":"projects/popchatv002/serviceAccounts/296369449480-compute@developer.gserviceaccount.com","automaticUpdatePolicy":{}},"serviceConfig":{"service":"projects/popchatv002/locations/us-central1/services/trackusersessiondelete","timeoutSeconds":60,"environmentVariables":{"FIREBASE_CONFIG":"{\"projectId\":\"popchatv002\",\"databaseURL\":\"https://popchatv002-default-rtdb.firebaseio.com\",\"storageBucket\":\"popchatv002.firebasestorage.app\"}","GCLOUD_PROJECT":"popchatv002","EVENTARC_CLOUD_EVENT_SOURCE":"projects/popchatv002/locations/us-central1/services/trackUserSessionDelete","FUNCTION_SIGNATURE_TYPE":"cloudevent","FUNCTION_TARGET":"trackUserSessionDelete","LOG_EXECUTION_ID":"true"},"ingressSettings":"ALLOW_ALL","uri":"https://trackusersessiondelete-2zjil5azfa-uc.a.run.app","serviceAccountEmail":"296369449480-compute@developer.gserviceaccount.com","availableMemory":"256Mi","allTrafficOnLatestRevision":true,"revision":"trackusersessiondelete-00029-boj","maxInstanceRequestConcurrency":80,"availableCpu":"1"},"eventTrigger":{"trigger":"projects/popchatv002/locations/us-central1/triggers/trackusersessiondelete-166122","triggerRegion":"us-central1","eventType":"google.firebase.database.ref.v1.deleted","eventFilters":[{"attribute":"ref","value":"status/{userId}","operator":"match-path-pattern"},{"attribute":"instance","value":"*","operator":"match-path-pattern"}],"pubsubTopic":"projects/popchatv002/topics/eventarc-us-central1-trackusersessiondelete-166122-935","serviceAccountEmail":"296369449480-compute@developer.gserviceaccount.com","retryPolicy":"RETRY_POLICY_DO_NOT_RETRY"},"state":"ACTIVE","labels":{"deployment-tool":"cli-firebase","firebase-functions-hash":"4fb95acf971fd44e46da4433b3dd2209ba159cb9"},"environment":"GEN_2","url":"https://us-central1-popchatv002.cloudfunctions.net/trackUserSessionDelete","satisfiesPzi":true},"stages":[{"name":"BUILD","message":"Reusing build","state":"COMPLETE","resource":"projects/296369449480/locations/us-central1/builds/d3aaf7e5-a1dd-4c1f-8f40-17df48e13534"},{"name":"SERVICE","message":"Updating Cloud Run service","state":"IN_PROGRESS","resource":"projects/popchatv002/locations/us-central1/services/trackusersessiondelete","resourceUri":"https://console.cloud.google.com/run/detail/us-central1/trackusersessiondelete?project=popchatv002","stateMessages":[{"severity":"INFO","type":"CloudRunServiceNewRevisionTrafficInfo","message":"A new revision will be deployed serving with 100% traffic."}]},{"name":"TRIGGER","state":"NOT_STARTED"}],"sourceToken":"Cldwcm9qZWN0cy8yOTYzNjk0NDk0ODAvbG9jYXRpb25zL3VzLWNlbnRyYWwxL2J1aWxkcy9kM2FhZjdlNS1hMWRkLTRjMWYtOGY0MC0xN2RmNDhlMTM1MzQSbHVzLWNlbnRyYWwxLWRvY2tlci5wa2cuZGV2L3BvcGNoYXR2MDAyL2djZi1hcnRpZmFjdHMvcG9wY2hhdHYwMDJfX3VzLS1jZW50cmFsMV9fdGVzdF9odHRwX2Z1bmN0aW9uOnZlcnNpb25fMRiI1PuH0AgiRXByb2plY3RzL3BvcGNoYXR2MDAyL2xvY2F0aW9ucy91cy1jZW50cmFsMS9mdW5jdGlvbnMvdGVzdEh0dHBGdW5jdGlvbioMCPOkiMMGENCd2b8BMghub2RlanMyMjp2CiNnY3IuaW8vZ2FlLXJ1bnRpbWVzL25vZGVqczIyOnN0YWJsZRJPdXMtY2VudHJhbDEtZG9ja2VyLnBrZy5kZXYvc2VydmVybGVzcy1ydW50aW1lcy9nb29nbGUtMjItZnVsbC9ydW50aW1lcy9ub2RlanMyMkAB","operationType":"UPDATE_FUNCTION","buildName":"projects/296369449480/locations/us-central1/builds/d3aaf7e5-a1dd-4c1f-8f40-17df48e13534"},"done":false}
[debug] [2025-06-30T04:28:50.319Z] Got source token Cldwcm9qZWN0cy8yOTYzNjk0NDk0ODAvbG9jYXRpb25zL3VzLWNlbnRyYWwxL2J1aWxkcy9kM2FhZjdlNS1hMWRkLTRjMWYtOGY0MC0xN2RmNDhlMTM1MzQSbHVzLWNlbnRyYWwxLWRvY2tlci5wa2cuZGV2L3BvcGNoYXR2MDAyL2djZi1hcnRpZmFjdHMvcG9wY2hhdHYwMDJfX3VzLS1jZW50cmFsMV9fdGVzdF9odHRwX2Z1bmN0aW9uOnZlcnNpb25fMRiI1PuH0AgiRXByb2plY3RzL3BvcGNoYXR2MDAyL2xvY2F0aW9ucy91cy1jZW50cmFsMS9mdW5jdGlvbnMvdGVzdEh0dHBGdW5jdGlvbioMCPOkiMMGENCd2b8BMghub2RlanMyMjp2CiNnY3IuaW8vZ2FlLXJ1bnRpbWVzL25vZGVqczIyOnN0YWJsZRJPdXMtY2VudHJhbDEtZG9ja2VyLnBrZy5kZXYvc2VydmVybGVzcy1ydW50aW1lcy9nb29nbGUtMjItZnVsbC9ydW50aW1lcy9ub2RlanMyMkAB for region us-central1
[debug] [2025-06-30T04:28:50.360Z] <<< [apiv2][status] GET https://cloudfunctions.googleapis.com/v2/projects/popchatv002/locations/us-central1/operations/operation-1751257720432-638c276562868-2f15351f-4544f374 200
[debug] [2025-06-30T04:28:50.360Z] <<< [apiv2][body] GET https://cloudfunctions.googleapis.com/v2/projects/popchatv002/locations/us-central1/operations/operation-1751257720432-638c276562868-2f15351f-4544f374 {"name":"projects/popchatv002/locations/us-central1/operations/operation-1751257720432-638c276562868-2f15351f-4544f374","metadata":{"@type":"type.googleapis.com/google.cloud.functions.v2.OperationMetadata","createTime":"2025-06-30T04:28:41.212843466Z","target":"projects/popchatv002/locations/us-central1/functions/addUserStatus","verb":"update","cancelRequested":false,"apiVersion":"v2","requestResource":{"@type":"type.googleapis.com/google.cloud.functions.v2.Function","name":"projects/popchatv002/locations/us-central1/functions/addUserStatus","buildConfig":{"runtime":"nodejs22","entryPoint":"addUserStatus","source":{"storageSource":{"bucket":"gcf-v2-sources-296369449480-us-central1","object":"addUserStatus/function-source.zip","generation":"1751257721123503"}},"environmentVariables":{"GOOGLE_NODE_RUN_SCRIPTS":""},"dockerRepository":"projects/popchatv002/locations/us-central1/repositories/gcf-artifacts","sourceProvenance":{"resolvedStorageSource":{"bucket":"gcf-v2-sources-296369449480-us-central1","object":"addUserStatus/function-source.zip","generation":"1751257099523851"}},"dockerRegistry":"ARTIFACT_REGISTRY","sourceToken":"Cldwcm9qZWN0cy8yOTYzNjk0NDk0ODAvbG9jYXRpb25zL3VzLWNlbnRyYWwxL2J1aWxkcy9kM2FhZjdlNS1hMWRkLTRjMWYtOGY0MC0xN2RmNDhlMTM1MzQSbHVzLWNlbnRyYWwxLWRvY2tlci5wa2cuZGV2L3BvcGNoYXR2MDAyL2djZi1hcnRpZmFjdHMvcG9wY2hhdHYwMDJfX3VzLS1jZW50cmFsMV9fdGVzdF9odHRwX2Z1bmN0aW9uOnZlcnNpb25fMRiI1PuH0AgiRXByb2plY3RzL3BvcGNoYXR2MDAyL2xvY2F0aW9ucy91cy1jZW50cmFsMS9mdW5jdGlvbnMvdGVzdEh0dHBGdW5jdGlvbioMCPOkiMMGENCd2b8BMghub2RlanMyMjp2CiNnY3IuaW8vZ2FlLXJ1bnRpbWVzL25vZGVqczIyOnN0YWJsZRJPdXMtY2VudHJhbDEtZG9ja2VyLnBrZy5kZXYvc2VydmVybGVzcy1ydW50aW1lcy9nb29nbGUtMjItZnVsbC9ydW50aW1lcy9ub2RlanMyMkAB","serviceAccount":"projects/popchatv002/serviceAccounts/296369449480-compute@developer.gserviceaccount.com","automaticUpdatePolicy":{}},"serviceConfig":{"service":"projects/popchatv002/locations/us-central1/services/adduserstatus","timeoutSeconds":60,"environmentVariables":{"FIREBASE_CONFIG":"{\"projectId\":\"popchatv002\",\"databaseURL\":\"https://popchatv002-default-rtdb.firebaseio.com\",\"storageBucket\":\"popchatv002.firebasestorage.app\"}","GCLOUD_PROJECT":"popchatv002","EVENTARC_CLOUD_EVENT_SOURCE":"projects/popchatv002/locations/us-central1/services/addUserStatus","FUNCTION_TARGET":"addUserStatus","LOG_EXECUTION_ID":"true","FUNCTION_SIGNATURE_TYPE":"http"},"ingressSettings":"ALLOW_ALL","uri":"https://adduserstatus-2zjil5azfa-uc.a.run.app","serviceAccountEmail":"296369449480-compute@developer.gserviceaccount.com","availableMemory":"256Mi","allTrafficOnLatestRevision":true,"revision":"adduserstatus-00026-fix","maxInstanceRequestConcurrency":80,"availableCpu":"1"},"state":"ACTIVE","labels":{"deployment-tool":"cli-firebase","firebase-functions-hash":"4fb95acf971fd44e46da4433b3dd2209ba159cb9"},"environment":"GEN_2","url":"https://us-central1-popchatv002.cloudfunctions.net/addUserStatus","satisfiesPzi":true},"stages":[{"name":"BUILD","message":"Reusing build","state":"COMPLETE","resource":"projects/296369449480/locations/us-central1/builds/d3aaf7e5-a1dd-4c1f-8f40-17df48e13534"},{"name":"SERVICE","message":"Updating Cloud Run service","state":"IN_PROGRESS","resource":"projects/popchatv002/locations/us-central1/services/adduserstatus","resourceUri":"https://console.cloud.google.com/run/detail/us-central1/adduserstatus?project=popchatv002","stateMessages":[{"severity":"INFO","type":"CloudRunServiceNewRevisionTrafficInfo","message":"A new revision will be deployed serving with 100% traffic."}]}],"sourceToken":"Cldwcm9qZWN0cy8yOTYzNjk0NDk0ODAvbG9jYXRpb25zL3VzLWNlbnRyYWwxL2J1aWxkcy9kM2FhZjdlNS1hMWRkLTRjMWYtOGY0MC0xN2RmNDhlMTM1MzQSbHVzLWNlbnRyYWwxLWRvY2tlci5wa2cuZGV2L3BvcGNoYXR2MDAyL2djZi1hcnRpZmFjdHMvcG9wY2hhdHYwMDJfX3VzLS1jZW50cmFsMV9fdGVzdF9odHRwX2Z1bmN0aW9uOnZlcnNpb25fMRiI1PuH0AgiRXByb2plY3RzL3BvcGNoYXR2MDAyL2xvY2F0aW9ucy91cy1jZW50cmFsMS9mdW5jdGlvbnMvdGVzdEh0dHBGdW5jdGlvbioMCPOkiMMGENCd2b8BMghub2RlanMyMjp2CiNnY3IuaW8vZ2FlLXJ1bnRpbWVzL25vZGVqczIyOnN0YWJsZRJPdXMtY2VudHJhbDEtZG9ja2VyLnBrZy5kZXYvc2VydmVybGVzcy1ydW50aW1lcy9nb29nbGUtMjItZnVsbC9ydW50aW1lcy9ub2RlanMyMkAB","operationType":"UPDATE_FUNCTION","buildName":"projects/296369449480/locations/us-central1/builds/d3aaf7e5-a1dd-4c1f-8f40-17df48e13534"},"done":false}
[debug] [2025-06-30T04:28:50.360Z] Got source token Cldwcm9qZWN0cy8yOTYzNjk0NDk0ODAvbG9jYXRpb25zL3VzLWNlbnRyYWwxL2J1aWxkcy9kM2FhZjdlNS1hMWRkLTRjMWYtOGY0MC0xN2RmNDhlMTM1MzQSbHVzLWNlbnRyYWwxLWRvY2tlci5wa2cuZGV2L3BvcGNoYXR2MDAyL2djZi1hcnRpZmFjdHMvcG9wY2hhdHYwMDJfX3VzLS1jZW50cmFsMV9fdGVzdF9odHRwX2Z1bmN0aW9uOnZlcnNpb25fMRiI1PuH0AgiRXByb2plY3RzL3BvcGNoYXR2MDAyL2xvY2F0aW9ucy91cy1jZW50cmFsMS9mdW5jdGlvbnMvdGVzdEh0dHBGdW5jdGlvbioMCPOkiMMGENCd2b8BMghub2RlanMyMjp2CiNnY3IuaW8vZ2FlLXJ1bnRpbWVzL25vZGVqczIyOnN0YWJsZRJPdXMtY2VudHJhbDEtZG9ja2VyLnBrZy5kZXYvc2VydmVybGVzcy1ydW50aW1lcy9nb29nbGUtMjItZnVsbC9ydW50aW1lcy9ub2RlanMyMkAB for region us-central1
[debug] [2025-06-30T04:28:50.513Z] <<< [apiv2][status] GET https://cloudfunctions.googleapis.com/v2/projects/popchatv002/locations/us-central1/operations/operation-1751257720468-638c27656b449-f90f96cc-332f62ae 200
[debug] [2025-06-30T04:28:50.514Z] <<< [apiv2][body] GET https://cloudfunctions.googleapis.com/v2/projects/popchatv002/locations/us-central1/operations/operation-1751257720468-638c27656b449-f90f96cc-332f62ae {"name":"projects/popchatv002/locations/us-central1/operations/operation-1751257720468-638c27656b449-f90f96cc-332f62ae","metadata":{"@type":"type.googleapis.com/google.cloud.functions.v2.OperationMetadata","createTime":"2025-06-30T04:28:41.321902137Z","target":"projects/popchatv002/locations/us-central1/functions/scheduledRandomUserMedia","verb":"update","cancelRequested":false,"apiVersion":"v2","requestResource":{"@type":"type.googleapis.com/google.cloud.functions.v2.Function","name":"projects/popchatv002/locations/us-central1/functions/scheduledRandomUserMedia","buildConfig":{"runtime":"nodejs22","entryPoint":"scheduledRandomUserMedia","source":{"storageSource":{"bucket":"gcf-v2-sources-296369449480-us-central1","object":"scheduledRandomUserMedia/function-source.zip","generation":"1751257721266112"}},"environmentVariables":{"GOOGLE_NODE_RUN_SCRIPTS":""},"dockerRepository":"projects/popchatv002/locations/us-central1/repositories/gcf-artifacts","sourceProvenance":{"resolvedStorageSource":{"bucket":"gcf-v2-sources-296369449480-us-central1","object":"scheduledRandomUserMedia/function-source.zip","generation":"1751257099544726"}},"dockerRegistry":"ARTIFACT_REGISTRY","sourceToken":"Cldwcm9qZWN0cy8yOTYzNjk0NDk0ODAvbG9jYXRpb25zL3VzLWNlbnRyYWwxL2J1aWxkcy9kM2FhZjdlNS1hMWRkLTRjMWYtOGY0MC0xN2RmNDhlMTM1MzQSbHVzLWNlbnRyYWwxLWRvY2tlci5wa2cuZGV2L3BvcGNoYXR2MDAyL2djZi1hcnRpZmFjdHMvcG9wY2hhdHYwMDJfX3VzLS1jZW50cmFsMV9fdGVzdF9odHRwX2Z1bmN0aW9uOnZlcnNpb25fMRiI1PuH0AgiRXByb2plY3RzL3BvcGNoYXR2MDAyL2xvY2F0aW9ucy91cy1jZW50cmFsMS9mdW5jdGlvbnMvdGVzdEh0dHBGdW5jdGlvbioMCPOkiMMGENCd2b8BMghub2RlanMyMjp2CiNnY3IuaW8vZ2FlLXJ1bnRpbWVzL25vZGVqczIyOnN0YWJsZRJPdXMtY2VudHJhbDEtZG9ja2VyLnBrZy5kZXYvc2VydmVybGVzcy1ydW50aW1lcy9nb29nbGUtMjItZnVsbC9ydW50aW1lcy9ub2RlanMyMkAB","serviceAccount":"projects/popchatv002/serviceAccounts/296369449480-compute@developer.gserviceaccount.com","automaticUpdatePolicy":{}},"serviceConfig":{"service":"projects/popchatv002/locations/us-central1/services/scheduledrandomusermedia","timeoutSeconds":60,"environmentVariables":{"FIREBASE_CONFIG":"{\"projectId\":\"popchatv002\",\"databaseURL\":\"https://popchatv002-default-rtdb.firebaseio.com\",\"storageBucket\":\"popchatv002.firebasestorage.app\"}","GCLOUD_PROJECT":"popchatv002","EVENTARC_CLOUD_EVENT_SOURCE":"projects/popchatv002/locations/us-central1/services/scheduledRandomUserMedia","FUNCTION_TARGET":"scheduledRandomUserMedia","LOG_EXECUTION_ID":"true","FUNCTION_SIGNATURE_TYPE":"http"},"ingressSettings":"ALLOW_ALL","uri":"https://scheduledrandomusermedia-2zjil5azfa-uc.a.run.app","serviceAccountEmail":"296369449480-compute@developer.gserviceaccount.com","availableMemory":"256Mi","allTrafficOnLatestRevision":true,"revision":"scheduledrandomusermedia-00026-jex","maxInstanceRequestConcurrency":80,"availableCpu":"1"},"state":"ACTIVE","labels":{"deployment-tool":"cli-firebase","deployment-scheduled":"true","firebase-functions-hash":"4fb95acf971fd44e46da4433b3dd2209ba159cb9"},"environment":"GEN_2","url":"https://us-central1-popchatv002.cloudfunctions.net/scheduledRandomUserMedia","satisfiesPzi":true},"stages":[{"name":"BUILD","message":"Reusing build","state":"COMPLETE","resource":"projects/296369449480/locations/us-central1/builds/d3aaf7e5-a1dd-4c1f-8f40-17df48e13534"},{"name":"SERVICE","message":"Updating Cloud Run service","state":"IN_PROGRESS","resource":"projects/popchatv002/locations/us-central1/services/scheduledrandomusermedia","resourceUri":"https://console.cloud.google.com/run/detail/us-central1/scheduledrandomusermedia?project=popchatv002","stateMessages":[{"severity":"INFO","type":"CloudRunServiceNewRevisionTrafficInfo","message":"A new revision will be deployed serving with 100% traffic."}]}],"sourceToken":"Cldwcm9qZWN0cy8yOTYzNjk0NDk0ODAvbG9jYXRpb25zL3VzLWNlbnRyYWwxL2J1aWxkcy9kM2FhZjdlNS1hMWRkLTRjMWYtOGY0MC0xN2RmNDhlMTM1MzQSbHVzLWNlbnRyYWwxLWRvY2tlci5wa2cuZGV2L3BvcGNoYXR2MDAyL2djZi1hcnRpZmFjdHMvcG9wY2hhdHYwMDJfX3VzLS1jZW50cmFsMV9fdGVzdF9odHRwX2Z1bmN0aW9uOnZlcnNpb25fMRiI1PuH0AgiRXByb2plY3RzL3BvcGNoYXR2MDAyL2xvY2F0aW9ucy91cy1jZW50cmFsMS9mdW5jdGlvbnMvdGVzdEh0dHBGdW5jdGlvbioMCPOkiMMGENCd2b8BMghub2RlanMyMjp2CiNnY3IuaW8vZ2FlLXJ1bnRpbWVzL25vZGVqczIyOnN0YWJsZRJPdXMtY2VudHJhbDEtZG9ja2VyLnBrZy5kZXYvc2VydmVybGVzcy1ydW50aW1lcy9nb29nbGUtMjItZnVsbC9ydW50aW1lcy9ub2RlanMyMkAB","operationType":"UPDATE_FUNCTION","buildName":"projects/296369449480/locations/us-central1/builds/d3aaf7e5-a1dd-4c1f-8f40-17df48e13534"},"done":false}
[debug] [2025-06-30T04:28:50.514Z] Got source token Cldwcm9qZWN0cy8yOTYzNjk0NDk0ODAvbG9jYXRpb25zL3VzLWNlbnRyYWwxL2J1aWxkcy9kM2FhZjdlNS1hMWRkLTRjMWYtOGY0MC0xN2RmNDhlMTM1MzQSbHVzLWNlbnRyYWwxLWRvY2tlci5wa2cuZGV2L3BvcGNoYXR2MDAyL2djZi1hcnRpZmFjdHMvcG9wY2hhdHYwMDJfX3VzLS1jZW50cmFsMV9fdGVzdF9odHRwX2Z1bmN0aW9uOnZlcnNpb25fMRiI1PuH0AgiRXByb2plY3RzL3BvcGNoYXR2MDAyL2xvY2F0aW9ucy91cy1jZW50cmFsMS9mdW5jdGlvbnMvdGVzdEh0dHBGdW5jdGlvbioMCPOkiMMGENCd2b8BMghub2RlanMyMjp2CiNnY3IuaW8vZ2FlLXJ1bnRpbWVzL25vZGVqczIyOnN0YWJsZRJPdXMtY2VudHJhbDEtZG9ja2VyLnBrZy5kZXYvc2VydmVybGVzcy1ydW50aW1lcy9nb29nbGUtMjItZnVsbC9ydW50aW1lcy9ub2RlanMyMkAB for region us-central1
[debug] [2025-06-30T04:28:58.162Z] [update-default-us-central1-testSnapshotCycling] Retrying task index 0
[debug] [2025-06-30T04:28:58.162Z] Checked if tokens are valid: true, expires at: 1751260621805
[debug] [2025-06-30T04:28:58.162Z] Checked if tokens are valid: true, expires at: 1751260621805
[debug] [2025-06-30T04:28:58.162Z] >>> [apiv2][query] GET https://cloudfunctions.googleapis.com/v2/projects/popchatv002/locations/us-central1/operations/operation-1751257720468-638c27656b5fa-dbf4e1f2-487d5abc [none]
[debug] [2025-06-30T04:28:58.244Z] [update-default-us-central1-trackUserSessionCreate] Retrying task index 0
[debug] [2025-06-30T04:28:58.245Z] Checked if tokens are valid: true, expires at: 1751260621805
[debug] [2025-06-30T04:28:58.245Z] Checked if tokens are valid: true, expires at: 1751260621805
[debug] [2025-06-30T04:28:58.245Z] >>> [apiv2][query] GET https://cloudfunctions.googleapis.com/v2/projects/popchatv002/locations/us-central1/operations/operation-1751257720430-638c276561e9c-985cfb27-d7e3892a [none]
[debug] [2025-06-30T04:28:58.246Z] [update-default-us-central1-telegramWebhook] Retrying task index 0
[debug] [2025-06-30T04:28:58.247Z] Checked if tokens are valid: true, expires at: 1751260621805
[debug] [2025-06-30T04:28:58.247Z] Checked if tokens are valid: true, expires at: 1751260621805
[debug] [2025-06-30T04:28:58.247Z] >>> [apiv2][query] GET https://cloudfunctions.googleapis.com/v2/projects/popchatv002/locations/us-central1/operations/operation-1751257720430-638c276561e9d-1191d8e0-ebf1a17f [none]
[debug] [2025-06-30T04:28:58.331Z] [update-default-us-central1-scheduledSendAd] Retrying task index 0
[debug] [2025-06-30T04:28:58.331Z] Checked if tokens are valid: true, expires at: 1751260621805
[debug] [2025-06-30T04:28:58.331Z] Checked if tokens are valid: true, expires at: 1751260621805
[debug] [2025-06-30T04:28:58.331Z] >>> [apiv2][query] GET https://cloudfunctions.googleapis.com/v2/projects/popchatv002/locations/us-central1/operations/operation-1751257720429-638c2765619c9-aa1c1132-72ed2591 [none]
[debug] [2025-06-30T04:28:58.333Z] [update-default-us-central1-resetUserCounter] Retrying task index 0
[debug] [2025-06-30T04:28:58.334Z] Checked if tokens are valid: true, expires at: 1751260621805
[debug] [2025-06-30T04:28:58.334Z] Checked if tokens are valid: true, expires at: 1751260621805
[debug] [2025-06-30T04:28:58.334Z] >>> [apiv2][query] GET https://cloudfunctions.googleapis.com/v2/projects/popchatv002/locations/us-central1/operations/operation-1751257720413-638c27655de89-6698e35a-8f465e0a [none]
[debug] [2025-06-30T04:28:58.336Z] [update-default-us-central1-sendHostToGroup] Retrying task index 0
[debug] [2025-06-30T04:28:58.336Z] Checked if tokens are valid: true, expires at: 1751260621805
[debug] [2025-06-30T04:28:58.336Z] Checked if tokens are valid: true, expires at: 1751260621805
[debug] [2025-06-30T04:28:58.336Z] >>> [apiv2][query] GET https://cloudfunctions.googleapis.com/v2/projects/popchatv002/locations/us-central1/operations/operation-1751257720469-638c27656b729-c899d5b1-c4413bff [none]
[debug] [2025-06-30T04:28:58.337Z] [update-default-us-central1-testScheduledFunction] Retrying task index 0
[debug] [2025-06-30T04:28:58.337Z] Checked if tokens are valid: true, expires at: 1751260621805
[debug] [2025-06-30T04:28:58.337Z] Checked if tokens are valid: true, expires at: 1751260621805
[debug] [2025-06-30T04:28:58.337Z] >>> [apiv2][query] GET https://cloudfunctions.googleapis.com/v2/projects/popchatv002/locations/us-central1/operations/operation-1751257720466-638c27656aac6-c7a788ed-f3b01150 [none]
[debug] [2025-06-30T04:28:58.339Z] [update-default-us-central1-trackUserSessionDelete] Retrying task index 0
[debug] [2025-06-30T04:28:58.339Z] Checked if tokens are valid: true, expires at: 1751260621805
[debug] [2025-06-30T04:28:58.339Z] Checked if tokens are valid: true, expires at: 1751260621805
[debug] [2025-06-30T04:28:58.339Z] >>> [apiv2][query] GET https://cloudfunctions.googleapis.com/v2/projects/popchatv002/locations/us-central1/operations/operation-1751257720431-638c2765623ef-1d50ed9e-7f2e316b [none]
[debug] [2025-06-30T04:28:58.729Z] [update-default-us-central1-addUserStatus] Retrying task index 0
[debug] [2025-06-30T04:28:58.729Z] Checked if tokens are valid: true, expires at: 1751260621805
[debug] [2025-06-30T04:28:58.729Z] Checked if tokens are valid: true, expires at: 1751260621805
[debug] [2025-06-30T04:28:58.729Z] >>> [apiv2][query] GET https://cloudfunctions.googleapis.com/v2/projects/popchatv002/locations/us-central1/operations/operation-1751257720432-638c276562868-2f15351f-4544f374 [none]
[debug] [2025-06-30T04:28:58.731Z] [update-default-us-central1-scheduledRandomUserMedia] Retrying task index 0
[debug] [2025-06-30T04:28:58.731Z] Checked if tokens are valid: true, expires at: 1751260621805
[debug] [2025-06-30T04:28:58.731Z] Checked if tokens are valid: true, expires at: 1751260621805
[debug] [2025-06-30T04:28:58.731Z] >>> [apiv2][query] GET https://cloudfunctions.googleapis.com/v2/projects/popchatv002/locations/us-central1/operations/operation-1751257720468-638c27656b449-f90f96cc-332f62ae [none]
[debug] [2025-06-30T04:28:59.340Z] <<< [apiv2][status] GET https://cloudfunctions.googleapis.com/v2/projects/popchatv002/locations/us-central1/operations/operation-1751257720413-638c27655de89-6698e35a-8f465e0a 200
[debug] [2025-06-30T04:28:59.340Z] <<< [apiv2][body] GET https://cloudfunctions.googleapis.com/v2/projects/popchatv002/locations/us-central1/operations/operation-1751257720413-638c27655de89-6698e35a-8f465e0a {"name":"projects/popchatv002/locations/us-central1/operations/operation-1751257720413-638c27655de89-6698e35a-8f465e0a","metadata":{"@type":"type.googleapis.com/google.cloud.functions.v2.OperationMetadata","createTime":"2025-06-30T04:28:41.095424257Z","endTime":"2025-06-30T04:28:52.584931313Z","target":"projects/popchatv002/locations/us-central1/functions/resetUserCounter","verb":"update","cancelRequested":false,"apiVersion":"v2","requestResource":{"@type":"type.googleapis.com/google.cloud.functions.v2.Function","name":"projects/popchatv002/locations/us-central1/functions/resetUserCounter","buildConfig":{"runtime":"nodejs22","entryPoint":"resetUserCounter","source":{"storageSource":{"bucket":"gcf-v2-sources-296369449480-us-central1","object":"resetUserCounter/function-source.zip","generation":"1751257721056668"}},"environmentVariables":{"GOOGLE_NODE_RUN_SCRIPTS":""},"dockerRepository":"projects/popchatv002/locations/us-central1/repositories/gcf-artifacts","sourceProvenance":{"resolvedStorageSource":{"bucket":"gcf-v2-sources-296369449480-us-central1","object":"resetUserCounter/function-source.zip","generation":"1751257099518160"}},"dockerRegistry":"ARTIFACT_REGISTRY","sourceToken":"Cldwcm9qZWN0cy8yOTYzNjk0NDk0ODAvbG9jYXRpb25zL3VzLWNlbnRyYWwxL2J1aWxkcy9kM2FhZjdlNS1hMWRkLTRjMWYtOGY0MC0xN2RmNDhlMTM1MzQSbHVzLWNlbnRyYWwxLWRvY2tlci5wa2cuZGV2L3BvcGNoYXR2MDAyL2djZi1hcnRpZmFjdHMvcG9wY2hhdHYwMDJfX3VzLS1jZW50cmFsMV9fdGVzdF9odHRwX2Z1bmN0aW9uOnZlcnNpb25fMRiI1PuH0AgiRXByb2plY3RzL3BvcGNoYXR2MDAyL2xvY2F0aW9ucy91cy1jZW50cmFsMS9mdW5jdGlvbnMvdGVzdEh0dHBGdW5jdGlvbioMCPOkiMMGENCd2b8BMghub2RlanMyMjp2CiNnY3IuaW8vZ2FlLXJ1bnRpbWVzL25vZGVqczIyOnN0YWJsZRJPdXMtY2VudHJhbDEtZG9ja2VyLnBrZy5kZXYvc2VydmVybGVzcy1ydW50aW1lcy9nb29nbGUtMjItZnVsbC9ydW50aW1lcy9ub2RlanMyMkAB","serviceAccount":"projects/popchatv002/serviceAccounts/296369449480-compute@developer.gserviceaccount.com","automaticUpdatePolicy":{}},"serviceConfig":{"service":"projects/popchatv002/locations/us-central1/services/resetusercounter","timeoutSeconds":60,"environmentVariables":{"FIREBASE_CONFIG":"{\"projectId\":\"popchatv002\",\"databaseURL\":\"https://popchatv002-default-rtdb.firebaseio.com\",\"storageBucket\":\"popchatv002.firebasestorage.app\"}","GCLOUD_PROJECT":"popchatv002","EVENTARC_CLOUD_EVENT_SOURCE":"projects/popchatv002/locations/us-central1/services/resetUserCounter","FUNCTION_TARGET":"resetUserCounter","LOG_EXECUTION_ID":"true","FUNCTION_SIGNATURE_TYPE":"http"},"ingressSettings":"ALLOW_ALL","uri":"https://resetusercounter-2zjil5azfa-uc.a.run.app","serviceAccountEmail":"296369449480-compute@developer.gserviceaccount.com","availableMemory":"256Mi","allTrafficOnLatestRevision":true,"revision":"resetusercounter-00014-cef","maxInstanceRequestConcurrency":80,"availableCpu":"1"},"state":"ACTIVE","labels":{"deployment-tool":"cli-firebase","firebase-functions-hash":"4fb95acf971fd44e46da4433b3dd2209ba159cb9"},"environment":"GEN_2","url":"https://us-central1-popchatv002.cloudfunctions.net/resetUserCounter","satisfiesPzi":true},"stages":[{"name":"BUILD","message":"Reusing build","state":"COMPLETE","resource":"projects/296369449480/locations/us-central1/builds/d3aaf7e5-a1dd-4c1f-8f40-17df48e13534"},{"name":"SERVICE","message":"Updating Cloud Run service","state":"COMPLETE","resource":"projects/popchatv002/locations/us-central1/services/resetusercounter","resourceUri":"https://console.cloud.google.com/run/detail/us-central1/resetusercounter?project=popchatv002","stateMessages":[{"severity":"INFO","type":"CloudRunServiceNewRevisionTrafficInfo","message":"A new revision will be deployed serving with 100% traffic."}]}],"sourceToken":"Cldwcm9qZWN0cy8yOTYzNjk0NDk0ODAvbG9jYXRpb25zL3VzLWNlbnRyYWwxL2J1aWxkcy9kM2FhZjdlNS1hMWRkLTRjMWYtOGY0MC0xN2RmNDhlMTM1MzQSbHVzLWNlbnRyYWwxLWRvY2tlci5wa2cuZGV2L3BvcGNoYXR2MDAyL2djZi1hcnRpZmFjdHMvcG9wY2hhdHYwMDJfX3VzLS1jZW50cmFsMV9fdGVzdF9odHRwX2Z1bmN0aW9uOnZlcnNpb25fMRiI1PuH0AgiRXByb2plY3RzL3BvcGNoYXR2MDAyL2xvY2F0aW9ucy91cy1jZW50cmFsMS9mdW5jdGlvbnMvdGVzdEh0dHBGdW5jdGlvbioMCPOkiMMGENCd2b8BMghub2RlanMyMjp2CiNnY3IuaW8vZ2FlLXJ1bnRpbWVzL25vZGVqczIyOnN0YWJsZRJPdXMtY2VudHJhbDEtZG9ja2VyLnBrZy5kZXYvc2VydmVybGVzcy1ydW50aW1lcy9nb29nbGUtMjItZnVsbC9ydW50aW1lcy9ub2RlanMyMkAB","operationType":"UPDATE_FUNCTION","buildName":"projects/296369449480/locations/us-central1/builds/d3aaf7e5-a1dd-4c1f-8f40-17df48e13534"},"done":true,"response":{"@type":"type.googleapis.com/google.cloud.functions.v2.Function","name":"projects/popchatv002/locations/us-central1/functions/resetUserCounter","buildConfig":{"build":"projects/296369449480/locations/us-central1/builds/d3aaf7e5-a1dd-4c1f-8f40-17df48e13534","runtime":"nodejs22","entryPoint":"resetUserCounter","source":{"storageSource":{"bucket":"gcf-v2-sources-296369449480-us-central1","object":"resetUserCounter/function-source.zip","generation":"1751257721056668"}},"environmentVariables":{"GOOGLE_NODE_RUN_SCRIPTS":""},"dockerRepository":"projects/popchatv002/locations/us-central1/repositories/gcf-artifacts","sourceProvenance":{"resolvedStorageSource":{"bucket":"gcf-v2-sources-296369449480-us-central1","object":"resetUserCounter/function-source.zip","generation":"1751257721056668"}},"dockerRegistry":"ARTIFACT_REGISTRY","serviceAccount":"projects/popchatv002/serviceAccounts/296369449480-compute@developer.gserviceaccount.com","automaticUpdatePolicy":{}},"serviceConfig":{"service":"projects/popchatv002/locations/us-central1/services/resetusercounter","timeoutSeconds":60,"environmentVariables":{"FIREBASE_CONFIG":"{\"projectId\":\"popchatv002\",\"databaseURL\":\"https://popchatv002-default-rtdb.firebaseio.com\",\"storageBucket\":\"popchatv002.firebasestorage.app\"}","GCLOUD_PROJECT":"popchatv002","EVENTARC_CLOUD_EVENT_SOURCE":"projects/popchatv002/locations/us-central1/services/resetUserCounter","FUNCTION_TARGET":"resetUserCounter","LOG_EXECUTION_ID":"true","FUNCTION_SIGNATURE_TYPE":"http"},"maxInstanceCount":20,"ingressSettings":"ALLOW_ALL","uri":"https://resetusercounter-2zjil5azfa-uc.a.run.app","serviceAccountEmail":"296369449480-compute@developer.gserviceaccount.com","availableMemory":"256Mi","allTrafficOnLatestRevision":true,"revision":"resetusercounter-00015-tuv","maxInstanceRequestConcurrency":80,"availableCpu":"1"},"state":"ACTIVE","updateTime":"2025-06-30T04:28:41.097061637Z","labels":{"deployment-tool":"cli-firebase","firebase-functions-hash":"4fb95acf971fd44e46da4433b3dd2209ba159cb9"},"environment":"GEN_2","url":"https://us-central1-popchatv002.cloudfunctions.net/resetUserCounter","createTime":"2025-06-22T01:53:00.190865676Z","satisfiesPzi":true}}
[debug] [2025-06-30T04:28:59.340Z] Got source token Cldwcm9qZWN0cy8yOTYzNjk0NDk0ODAvbG9jYXRpb25zL3VzLWNlbnRyYWwxL2J1aWxkcy9kM2FhZjdlNS1hMWRkLTRjMWYtOGY0MC0xN2RmNDhlMTM1MzQSbHVzLWNlbnRyYWwxLWRvY2tlci5wa2cuZGV2L3BvcGNoYXR2MDAyL2djZi1hcnRpZmFjdHMvcG9wY2hhdHYwMDJfX3VzLS1jZW50cmFsMV9fdGVzdF9odHRwX2Z1bmN0aW9uOnZlcnNpb25fMRiI1PuH0AgiRXByb2plY3RzL3BvcGNoYXR2MDAyL2xvY2F0aW9ucy91cy1jZW50cmFsMS9mdW5jdGlvbnMvdGVzdEh0dHBGdW5jdGlvbioMCPOkiMMGENCd2b8BMghub2RlanMyMjp2CiNnY3IuaW8vZ2FlLXJ1bnRpbWVzL25vZGVqczIyOnN0YWJsZRJPdXMtY2VudHJhbDEtZG9ja2VyLnBrZy5kZXYvc2VydmVybGVzcy1ydW50aW1lcy9nb29nbGUtMjItZnVsbC9ydW50aW1lcy9ub2RlanMyMkAB for region us-central1
[info] +  functions[resetUserCounter(us-central1)] Successful update operation. 
[debug] [2025-06-30T04:28:59.342Z] <<< [apiv2][status] GET https://cloudfunctions.googleapis.com/v2/projects/popchatv002/locations/us-central1/operations/operation-1751257720430-638c276561e9c-985cfb27-d7e3892a 200
[debug] [2025-06-30T04:28:59.342Z] <<< [apiv2][body] GET https://cloudfunctions.googleapis.com/v2/projects/popchatv002/locations/us-central1/operations/operation-1751257720430-638c276561e9c-985cfb27-d7e3892a {"name":"projects/popchatv002/locations/us-central1/operations/operation-1751257720430-638c276561e9c-985cfb27-d7e3892a","metadata":{"@type":"type.googleapis.com/google.cloud.functions.v2.OperationMetadata","createTime":"2025-06-30T04:28:41.200534349Z","endTime":"2025-06-30T04:28:52.772313660Z","target":"projects/popchatv002/locations/us-central1/functions/trackUserSessionCreate","verb":"update","cancelRequested":false,"apiVersion":"v2","requestResource":{"@type":"type.googleapis.com/google.cloud.functions.v2.Function","name":"projects/popchatv002/locations/us-central1/functions/trackUserSessionCreate","buildConfig":{"runtime":"nodejs22","entryPoint":"trackUserSessionCreate","source":{"storageSource":{"bucket":"gcf-v2-sources-296369449480-us-central1","object":"trackUserSessionCreate/function-source.zip","generation":"1751257721148371"}},"environmentVariables":{"GOOGLE_NODE_RUN_SCRIPTS":""},"dockerRepository":"projects/popchatv002/locations/us-central1/repositories/gcf-artifacts","sourceProvenance":{"resolvedStorageSource":{"bucket":"gcf-v2-sources-296369449480-us-central1","object":"trackUserSessionCreate/function-source.zip","generation":"1751257099505409"}},"dockerRegistry":"ARTIFACT_REGISTRY","sourceToken":"Cldwcm9qZWN0cy8yOTYzNjk0NDk0ODAvbG9jYXRpb25zL3VzLWNlbnRyYWwxL2J1aWxkcy9kM2FhZjdlNS1hMWRkLTRjMWYtOGY0MC0xN2RmNDhlMTM1MzQSbHVzLWNlbnRyYWwxLWRvY2tlci5wa2cuZGV2L3BvcGNoYXR2MDAyL2djZi1hcnRpZmFjdHMvcG9wY2hhdHYwMDJfX3VzLS1jZW50cmFsMV9fdGVzdF9odHRwX2Z1bmN0aW9uOnZlcnNpb25fMRiI1PuH0AgiRXByb2plY3RzL3BvcGNoYXR2MDAyL2xvY2F0aW9ucy91cy1jZW50cmFsMS9mdW5jdGlvbnMvdGVzdEh0dHBGdW5jdGlvbioMCPOkiMMGENCd2b8BMghub2RlanMyMjp2CiNnY3IuaW8vZ2FlLXJ1bnRpbWVzL25vZGVqczIyOnN0YWJsZRJPdXMtY2VudHJhbDEtZG9ja2VyLnBrZy5kZXYvc2VydmVybGVzcy1ydW50aW1lcy9nb29nbGUtMjItZnVsbC9ydW50aW1lcy9ub2RlanMyMkAB","serviceAccount":"projects/popchatv002/serviceAccounts/296369449480-compute@developer.gserviceaccount.com","automaticUpdatePolicy":{}},"serviceConfig":{"service":"projects/popchatv002/locations/us-central1/services/trackusersessioncreate","timeoutSeconds":60,"environmentVariables":{"FIREBASE_CONFIG":"{\"projectId\":\"popchatv002\",\"databaseURL\":\"https://popchatv002-default-rtdb.firebaseio.com\",\"storageBucket\":\"popchatv002.firebasestorage.app\"}","GCLOUD_PROJECT":"popchatv002","EVENTARC_CLOUD_EVENT_SOURCE":"projects/popchatv002/locations/us-central1/services/trackUserSessionCreate","FUNCTION_SIGNATURE_TYPE":"cloudevent","FUNCTION_TARGET":"trackUserSessionCreate","LOG_EXECUTION_ID":"true"},"ingressSettings":"ALLOW_ALL","uri":"https://trackusersessioncreate-2zjil5azfa-uc.a.run.app","serviceAccountEmail":"296369449480-compute@developer.gserviceaccount.com","availableMemory":"256Mi","allTrafficOnLatestRevision":true,"revision":"trackusersessioncreate-00028-bey","maxInstanceRequestConcurrency":80,"availableCpu":"1"},"eventTrigger":{"trigger":"projects/popchatv002/locations/us-central1/triggers/trackusersessioncreate-981783","triggerRegion":"us-central1","eventType":"google.firebase.database.ref.v1.created","eventFilters":[{"attribute":"ref","value":"status/{userId}","operator":"match-path-pattern"},{"attribute":"instance","value":"*","operator":"match-path-pattern"}],"pubsubTopic":"projects/popchatv002/topics/eventarc-us-central1-trackusersessioncreate-981783-499","serviceAccountEmail":"296369449480-compute@developer.gserviceaccount.com","retryPolicy":"RETRY_POLICY_DO_NOT_RETRY"},"state":"ACTIVE","labels":{"deployment-tool":"cli-firebase","firebase-functions-hash":"4fb95acf971fd44e46da4433b3dd2209ba159cb9"},"environment":"GEN_2","url":"https://us-central1-popchatv002.cloudfunctions.net/trackUserSessionCreate","satisfiesPzi":true},"stages":[{"name":"BUILD","message":"Reusing build","state":"COMPLETE","resource":"projects/296369449480/locations/us-central1/builds/d3aaf7e5-a1dd-4c1f-8f40-17df48e13534"},{"name":"SERVICE","message":"Updating Cloud Run service","state":"COMPLETE","resource":"projects/popchatv002/locations/us-central1/services/trackusersessioncreate","resourceUri":"https://console.cloud.google.com/run/detail/us-central1/trackusersessioncreate?project=popchatv002","stateMessages":[{"severity":"INFO","type":"CloudRunServiceNewRevisionTrafficInfo","message":"A new revision will be deployed serving with 100% traffic."}]},{"name":"TRIGGER","state":"NOT_STARTED"}],"sourceToken":"Cldwcm9qZWN0cy8yOTYzNjk0NDk0ODAvbG9jYXRpb25zL3VzLWNlbnRyYWwxL2J1aWxkcy9kM2FhZjdlNS1hMWRkLTRjMWYtOGY0MC0xN2RmNDhlMTM1MzQSbHVzLWNlbnRyYWwxLWRvY2tlci5wa2cuZGV2L3BvcGNoYXR2MDAyL2djZi1hcnRpZmFjdHMvcG9wY2hhdHYwMDJfX3VzLS1jZW50cmFsMV9fdGVzdF9odHRwX2Z1bmN0aW9uOnZlcnNpb25fMRiI1PuH0AgiRXByb2plY3RzL3BvcGNoYXR2MDAyL2xvY2F0aW9ucy91cy1jZW50cmFsMS9mdW5jdGlvbnMvdGVzdEh0dHBGdW5jdGlvbioMCPOkiMMGENCd2b8BMghub2RlanMyMjp2CiNnY3IuaW8vZ2FlLXJ1bnRpbWVzL25vZGVqczIyOnN0YWJsZRJPdXMtY2VudHJhbDEtZG9ja2VyLnBrZy5kZXYvc2VydmVybGVzcy1ydW50aW1lcy9nb29nbGUtMjItZnVsbC9ydW50aW1lcy9ub2RlanMyMkAB","operationType":"UPDATE_FUNCTION","buildName":"projects/296369449480/locations/us-central1/builds/d3aaf7e5-a1dd-4c1f-8f40-17df48e13534"},"done":true,"response":{"@type":"type.googleapis.com/google.cloud.functions.v2.Function","name":"projects/popchatv002/locations/us-central1/functions/trackUserSessionCreate","buildConfig":{"build":"projects/296369449480/locations/us-central1/builds/d3aaf7e5-a1dd-4c1f-8f40-17df48e13534","runtime":"nodejs22","entryPoint":"trackUserSessionCreate","source":{"storageSource":{"bucket":"gcf-v2-sources-296369449480-us-central1","object":"trackUserSessionCreate/function-source.zip","generation":"1751257721148371"}},"environmentVariables":{"GOOGLE_NODE_RUN_SCRIPTS":""},"dockerRepository":"projects/popchatv002/locations/us-central1/repositories/gcf-artifacts","sourceProvenance":{"resolvedStorageSource":{"bucket":"gcf-v2-sources-296369449480-us-central1","object":"trackUserSessionCreate/function-source.zip","generation":"1751257721148371"}},"dockerRegistry":"ARTIFACT_REGISTRY","serviceAccount":"projects/popchatv002/serviceAccounts/296369449480-compute@developer.gserviceaccount.com","automaticUpdatePolicy":{}},"serviceConfig":{"service":"projects/popchatv002/locations/us-central1/services/trackusersessioncreate","timeoutSeconds":60,"environmentVariables":{"FIREBASE_CONFIG":"{\"projectId\":\"popchatv002\",\"databaseURL\":\"https://popchatv002-default-rtdb.firebaseio.com\",\"storageBucket\":\"popchatv002.firebasestorage.app\"}","GCLOUD_PROJECT":"popchatv002","EVENTARC_CLOUD_EVENT_SOURCE":"projects/popchatv002/locations/us-central1/services/trackUserSessionCreate","FUNCTION_SIGNATURE_TYPE":"cloudevent","FUNCTION_TARGET":"trackUserSessionCreate","LOG_EXECUTION_ID":"true"},"maxInstanceCount":20,"ingressSettings":"ALLOW_ALL","uri":"https://trackusersessioncreate-2zjil5azfa-uc.a.run.app","serviceAccountEmail":"296369449480-compute@developer.gserviceaccount.com","availableMemory":"256Mi","allTrafficOnLatestRevision":true,"revision":"trackusersessioncreate-00029-dal","maxInstanceRequestConcurrency":80,"availableCpu":"1"},"eventTrigger":{"trigger":"projects/popchatv002/locations/us-central1/triggers/trackusersessioncreate-981783","triggerRegion":"us-central1","eventType":"google.firebase.database.ref.v1.created","eventFilters":[{"attribute":"instance","value":"*","operator":"match-path-pattern"},{"attribute":"ref","value":"status/{userId}","operator":"match-path-pattern"}],"pubsubTopic":"projects/popchatv002/topics/eventarc-us-central1-trackusersessioncreate-981783-499","serviceAccountEmail":"296369449480-compute@developer.gserviceaccount.com","retryPolicy":"RETRY_POLICY_DO_NOT_RETRY"},"state":"ACTIVE","updateTime":"2025-06-30T04:28:41.202147059Z","labels":{"deployment-tool":"cli-firebase","firebase-functions-hash":"4fb95acf971fd44e46da4433b3dd2209ba159cb9"},"environment":"GEN_2","url":"https://us-central1-popchatv002.cloudfunctions.net/trackUserSessionCreate","createTime":"2025-06-17T19:39:18.945558146Z","satisfiesPzi":true}}
[debug] [2025-06-30T04:28:59.342Z] Got source token Cldwcm9qZWN0cy8yOTYzNjk0NDk0ODAvbG9jYXRpb25zL3VzLWNlbnRyYWwxL2J1aWxkcy9kM2FhZjdlNS1hMWRkLTRjMWYtOGY0MC0xN2RmNDhlMTM1MzQSbHVzLWNlbnRyYWwxLWRvY2tlci5wa2cuZGV2L3BvcGNoYXR2MDAyL2djZi1hcnRpZmFjdHMvcG9wY2hhdHYwMDJfX3VzLS1jZW50cmFsMV9fdGVzdF9odHRwX2Z1bmN0aW9uOnZlcnNpb25fMRiI1PuH0AgiRXByb2plY3RzL3BvcGNoYXR2MDAyL2xvY2F0aW9ucy91cy1jZW50cmFsMS9mdW5jdGlvbnMvdGVzdEh0dHBGdW5jdGlvbioMCPOkiMMGENCd2b8BMghub2RlanMyMjp2CiNnY3IuaW8vZ2FlLXJ1bnRpbWVzL25vZGVqczIyOnN0YWJsZRJPdXMtY2VudHJhbDEtZG9ja2VyLnBrZy5kZXYvc2VydmVybGVzcy1ydW50aW1lcy9nb29nbGUtMjItZnVsbC9ydW50aW1lcy9ub2RlanMyMkAB for region us-central1
[info] +  functions[trackUserSessionCreate(us-central1)] Successful update operation. 
[debug] [2025-06-30T04:28:59.343Z] <<< [apiv2][status] GET https://cloudfunctions.googleapis.com/v2/projects/popchatv002/locations/us-central1/operations/operation-1751257720468-638c27656b449-f90f96cc-332f62ae 200
[debug] [2025-06-30T04:28:59.343Z] <<< [apiv2][body] GET https://cloudfunctions.googleapis.com/v2/projects/popchatv002/locations/us-central1/operations/operation-1751257720468-638c27656b449-f90f96cc-332f62ae {"name":"projects/popchatv002/locations/us-central1/operations/operation-1751257720468-638c27656b449-f90f96cc-332f62ae","metadata":{"@type":"type.googleapis.com/google.cloud.functions.v2.OperationMetadata","createTime":"2025-06-30T04:28:41.321902137Z","endTime":"2025-06-30T04:28:52.766551068Z","target":"projects/popchatv002/locations/us-central1/functions/scheduledRandomUserMedia","verb":"update","cancelRequested":false,"apiVersion":"v2","requestResource":{"@type":"type.googleapis.com/google.cloud.functions.v2.Function","name":"projects/popchatv002/locations/us-central1/functions/scheduledRandomUserMedia","buildConfig":{"runtime":"nodejs22","entryPoint":"scheduledRandomUserMedia","source":{"storageSource":{"bucket":"gcf-v2-sources-296369449480-us-central1","object":"scheduledRandomUserMedia/function-source.zip","generation":"1751257721266112"}},"environmentVariables":{"GOOGLE_NODE_RUN_SCRIPTS":""},"dockerRepository":"projects/popchatv002/locations/us-central1/repositories/gcf-artifacts","sourceProvenance":{"resolvedStorageSource":{"bucket":"gcf-v2-sources-296369449480-us-central1","object":"scheduledRandomUserMedia/function-source.zip","generation":"1751257099544726"}},"dockerRegistry":"ARTIFACT_REGISTRY","sourceToken":"Cldwcm9qZWN0cy8yOTYzNjk0NDk0ODAvbG9jYXRpb25zL3VzLWNlbnRyYWwxL2J1aWxkcy9kM2FhZjdlNS1hMWRkLTRjMWYtOGY0MC0xN2RmNDhlMTM1MzQSbHVzLWNlbnRyYWwxLWRvY2tlci5wa2cuZGV2L3BvcGNoYXR2MDAyL2djZi1hcnRpZmFjdHMvcG9wY2hhdHYwMDJfX3VzLS1jZW50cmFsMV9fdGVzdF9odHRwX2Z1bmN0aW9uOnZlcnNpb25fMRiI1PuH0AgiRXByb2plY3RzL3BvcGNoYXR2MDAyL2xvY2F0aW9ucy91cy1jZW50cmFsMS9mdW5jdGlvbnMvdGVzdEh0dHBGdW5jdGlvbioMCPOkiMMGENCd2b8BMghub2RlanMyMjp2CiNnY3IuaW8vZ2FlLXJ1bnRpbWVzL25vZGVqczIyOnN0YWJsZRJPdXMtY2VudHJhbDEtZG9ja2VyLnBrZy5kZXYvc2VydmVybGVzcy1ydW50aW1lcy9nb29nbGUtMjItZnVsbC9ydW50aW1lcy9ub2RlanMyMkAB","serviceAccount":"projects/popchatv002/serviceAccounts/296369449480-compute@developer.gserviceaccount.com","automaticUpdatePolicy":{}},"serviceConfig":{"service":"projects/popchatv002/locations/us-central1/services/scheduledrandomusermedia","timeoutSeconds":60,"environmentVariables":{"FIREBASE_CONFIG":"{\"projectId\":\"popchatv002\",\"databaseURL\":\"https://popchatv002-default-rtdb.firebaseio.com\",\"storageBucket\":\"popchatv002.firebasestorage.app\"}","GCLOUD_PROJECT":"popchatv002","EVENTARC_CLOUD_EVENT_SOURCE":"projects/popchatv002/locations/us-central1/services/scheduledRandomUserMedia","FUNCTION_TARGET":"scheduledRandomUserMedia","LOG_EXECUTION_ID":"true","FUNCTION_SIGNATURE_TYPE":"http"},"ingressSettings":"ALLOW_ALL","uri":"https://scheduledrandomusermedia-2zjil5azfa-uc.a.run.app","serviceAccountEmail":"296369449480-compute@developer.gserviceaccount.com","availableMemory":"256Mi","allTrafficOnLatestRevision":true,"revision":"scheduledrandomusermedia-00026-jex","maxInstanceRequestConcurrency":80,"availableCpu":"1"},"state":"ACTIVE","labels":{"deployment-tool":"cli-firebase","deployment-scheduled":"true","firebase-functions-hash":"4fb95acf971fd44e46da4433b3dd2209ba159cb9"},"environment":"GEN_2","url":"https://us-central1-popchatv002.cloudfunctions.net/scheduledRandomUserMedia","satisfiesPzi":true},"stages":[{"name":"BUILD","message":"Reusing build","state":"COMPLETE","resource":"projects/296369449480/locations/us-central1/builds/d3aaf7e5-a1dd-4c1f-8f40-17df48e13534"},{"name":"SERVICE","message":"Updating Cloud Run service","state":"COMPLETE","resource":"projects/popchatv002/locations/us-central1/services/scheduledrandomusermedia","resourceUri":"https://console.cloud.google.com/run/detail/us-central1/scheduledrandomusermedia?project=popchatv002","stateMessages":[{"severity":"INFO","type":"CloudRunServiceNewRevisionTrafficInfo","message":"A new revision will be deployed serving with 100% traffic."}]}],"sourceToken":"Cldwcm9qZWN0cy8yOTYzNjk0NDk0ODAvbG9jYXRpb25zL3VzLWNlbnRyYWwxL2J1aWxkcy9kM2FhZjdlNS1hMWRkLTRjMWYtOGY0MC0xN2RmNDhlMTM1MzQSbHVzLWNlbnRyYWwxLWRvY2tlci5wa2cuZGV2L3BvcGNoYXR2MDAyL2djZi1hcnRpZmFjdHMvcG9wY2hhdHYwMDJfX3VzLS1jZW50cmFsMV9fdGVzdF9odHRwX2Z1bmN0aW9uOnZlcnNpb25fMRiI1PuH0AgiRXByb2plY3RzL3BvcGNoYXR2MDAyL2xvY2F0aW9ucy91cy1jZW50cmFsMS9mdW5jdGlvbnMvdGVzdEh0dHBGdW5jdGlvbioMCPOkiMMGENCd2b8BMghub2RlanMyMjp2CiNnY3IuaW8vZ2FlLXJ1bnRpbWVzL25vZGVqczIyOnN0YWJsZRJPdXMtY2VudHJhbDEtZG9ja2VyLnBrZy5kZXYvc2VydmVybGVzcy1ydW50aW1lcy9nb29nbGUtMjItZnVsbC9ydW50aW1lcy9ub2RlanMyMkAB","operationType":"UPDATE_FUNCTION","buildName":"projects/296369449480/locations/us-central1/builds/d3aaf7e5-a1dd-4c1f-8f40-17df48e13534"},"done":true,"response":{"@type":"type.googleapis.com/google.cloud.functions.v2.Function","name":"projects/popchatv002/locations/us-central1/functions/scheduledRandomUserMedia","buildConfig":{"build":"projects/296369449480/locations/us-central1/builds/d3aaf7e5-a1dd-4c1f-8f40-17df48e13534","runtime":"nodejs22","entryPoint":"scheduledRandomUserMedia","source":{"storageSource":{"bucket":"gcf-v2-sources-296369449480-us-central1","object":"scheduledRandomUserMedia/function-source.zip","generation":"1751257721266112"}},"environmentVariables":{"GOOGLE_NODE_RUN_SCRIPTS":""},"dockerRepository":"projects/popchatv002/locations/us-central1/repositories/gcf-artifacts","sourceProvenance":{"resolvedStorageSource":{"bucket":"gcf-v2-sources-296369449480-us-central1","object":"scheduledRandomUserMedia/function-source.zip","generation":"1751257721266112"}},"dockerRegistry":"ARTIFACT_REGISTRY","serviceAccount":"projects/popchatv002/serviceAccounts/296369449480-compute@developer.gserviceaccount.com","automaticUpdatePolicy":{}},"serviceConfig":{"service":"projects/popchatv002/locations/us-central1/services/scheduledrandomusermedia","timeoutSeconds":60,"environmentVariables":{"FIREBASE_CONFIG":"{\"projectId\":\"popchatv002\",\"databaseURL\":\"https://popchatv002-default-rtdb.firebaseio.com\",\"storageBucket\":\"popchatv002.firebasestorage.app\"}","GCLOUD_PROJECT":"popchatv002","EVENTARC_CLOUD_EVENT_SOURCE":"projects/popchatv002/locations/us-central1/services/scheduledRandomUserMedia","FUNCTION_TARGET":"scheduledRandomUserMedia","LOG_EXECUTION_ID":"true","FUNCTION_SIGNATURE_TYPE":"http"},"maxInstanceCount":20,"ingressSettings":"ALLOW_ALL","uri":"https://scheduledrandomusermedia-2zjil5azfa-uc.a.run.app","serviceAccountEmail":"296369449480-compute@developer.gserviceaccount.com","availableMemory":"256Mi","allTrafficOnLatestRevision":true,"revision":"scheduledrandomusermedia-00027-hib","maxInstanceRequestConcurrency":80,"availableCpu":"1"},"state":"ACTIVE","updateTime":"2025-06-30T04:28:41.323830457Z","labels":{"deployment-tool":"cli-firebase","deployment-scheduled":"true","firebase-functions-hash":"4fb95acf971fd44e46da4433b3dd2209ba159cb9"},"environment":"GEN_2","url":"https://us-central1-popchatv002.cloudfunctions.net/scheduledRandomUserMedia","createTime":"2025-06-21T04:32:02.024260916Z","satisfiesPzi":true}}
[debug] [2025-06-30T04:28:59.343Z] Got source token Cldwcm9qZWN0cy8yOTYzNjk0NDk0ODAvbG9jYXRpb25zL3VzLWNlbnRyYWwxL2J1aWxkcy9kM2FhZjdlNS1hMWRkLTRjMWYtOGY0MC0xN2RmNDhlMTM1MzQSbHVzLWNlbnRyYWwxLWRvY2tlci5wa2cuZGV2L3BvcGNoYXR2MDAyL2djZi1hcnRpZmFjdHMvcG9wY2hhdHYwMDJfX3VzLS1jZW50cmFsMV9fdGVzdF9odHRwX2Z1bmN0aW9uOnZlcnNpb25fMRiI1PuH0AgiRXByb2plY3RzL3BvcGNoYXR2MDAyL2xvY2F0aW9ucy91cy1jZW50cmFsMS9mdW5jdGlvbnMvdGVzdEh0dHBGdW5jdGlvbioMCPOkiMMGENCd2b8BMghub2RlanMyMjp2CiNnY3IuaW8vZ2FlLXJ1bnRpbWVzL25vZGVqczIyOnN0YWJsZRJPdXMtY2VudHJhbDEtZG9ja2VyLnBrZy5kZXYvc2VydmVybGVzcy1ydW50aW1lcy9nb29nbGUtMjItZnVsbC9ydW50aW1lcy9ub2RlanMyMkAB for region us-central1
[debug] [2025-06-30T04:28:59.343Z] Checked if tokens are valid: true, expires at: 1751260621805
[debug] [2025-06-30T04:28:59.344Z] Checked if tokens are valid: true, expires at: 1751260621805
[debug] [2025-06-30T04:28:59.344Z] >>> [apiv2][query] GET https://run.googleapis.com/v1/projects/popchatv002/locations/us-central1/services/scheduledrandomusermedia:getIamPolicy [none]
[debug] [2025-06-30T04:28:59.345Z] <<< [apiv2][status] GET https://cloudfunctions.googleapis.com/v2/projects/popchatv002/locations/us-central1/operations/operation-1751257720466-638c27656aac6-c7a788ed-f3b01150 200
[debug] [2025-06-30T04:28:59.345Z] <<< [apiv2][body] GET https://cloudfunctions.googleapis.com/v2/projects/popchatv002/locations/us-central1/operations/operation-1751257720466-638c27656aac6-c7a788ed-f3b01150 {"name":"projects/popchatv002/locations/us-central1/operations/operation-1751257720466-638c27656aac6-c7a788ed-f3b01150","metadata":{"@type":"type.googleapis.com/google.cloud.functions.v2.OperationMetadata","createTime":"2025-06-30T04:28:41.164815608Z","endTime":"2025-06-30T04:28:53.328857906Z","target":"projects/popchatv002/locations/us-central1/functions/testScheduledFunction","verb":"update","cancelRequested":false,"apiVersion":"v2","requestResource":{"@type":"type.googleapis.com/google.cloud.functions.v2.Function","name":"projects/popchatv002/locations/us-central1/functions/testScheduledFunction","buildConfig":{"runtime":"nodejs22","entryPoint":"testScheduledFunction","source":{"storageSource":{"bucket":"gcf-v2-sources-296369449480-us-central1","object":"testScheduledFunction/function-source.zip","generation":"1751257721123130"}},"environmentVariables":{"GOOGLE_NODE_RUN_SCRIPTS":""},"dockerRepository":"projects/popchatv002/locations/us-central1/repositories/gcf-artifacts","sourceProvenance":{"resolvedStorageSource":{"bucket":"gcf-v2-sources-296369449480-us-central1","object":"testScheduledFunction/function-source.zip","generation":"1751257099559976"}},"dockerRegistry":"ARTIFACT_REGISTRY","sourceToken":"Cldwcm9qZWN0cy8yOTYzNjk0NDk0ODAvbG9jYXRpb25zL3VzLWNlbnRyYWwxL2J1aWxkcy9kM2FhZjdlNS1hMWRkLTRjMWYtOGY0MC0xN2RmNDhlMTM1MzQSbHVzLWNlbnRyYWwxLWRvY2tlci5wa2cuZGV2L3BvcGNoYXR2MDAyL2djZi1hcnRpZmFjdHMvcG9wY2hhdHYwMDJfX3VzLS1jZW50cmFsMV9fdGVzdF9odHRwX2Z1bmN0aW9uOnZlcnNpb25fMRiI1PuH0AgiRXByb2plY3RzL3BvcGNoYXR2MDAyL2xvY2F0aW9ucy91cy1jZW50cmFsMS9mdW5jdGlvbnMvdGVzdEh0dHBGdW5jdGlvbioMCPOkiMMGENCd2b8BMghub2RlanMyMjp2CiNnY3IuaW8vZ2FlLXJ1bnRpbWVzL25vZGVqczIyOnN0YWJsZRJPdXMtY2VudHJhbDEtZG9ja2VyLnBrZy5kZXYvc2VydmVybGVzcy1ydW50aW1lcy9nb29nbGUtMjItZnVsbC9ydW50aW1lcy9ub2RlanMyMkAB","serviceAccount":"projects/popchatv002/serviceAccounts/296369449480-compute@developer.gserviceaccount.com","automaticUpdatePolicy":{}},"serviceConfig":{"service":"projects/popchatv002/locations/us-central1/services/testscheduledfunction","timeoutSeconds":60,"environmentVariables":{"FIREBASE_CONFIG":"{\"projectId\":\"popchatv002\",\"databaseURL\":\"https://popchatv002-default-rtdb.firebaseio.com\",\"storageBucket\":\"popchatv002.firebasestorage.app\"}","GCLOUD_PROJECT":"popchatv002","EVENTARC_CLOUD_EVENT_SOURCE":"projects/popchatv002/locations/us-central1/services/testScheduledFunction","FUNCTION_TARGET":"testScheduledFunction","LOG_EXECUTION_ID":"true","FUNCTION_SIGNATURE_TYPE":"http"},"ingressSettings":"ALLOW_ALL","uri":"https://testscheduledfunction-2zjil5azfa-uc.a.run.app","serviceAccountEmail":"296369449480-compute@developer.gserviceaccount.com","availableMemory":"256Mi","allTrafficOnLatestRevision":true,"revision":"testscheduledfunction-00024-xin","maxInstanceRequestConcurrency":80,"availableCpu":"1"},"state":"ACTIVE","labels":{"deployment-tool":"cli-firebase","firebase-functions-hash":"4fb95acf971fd44e46da4433b3dd2209ba159cb9"},"environment":"GEN_2","url":"https://us-central1-popchatv002.cloudfunctions.net/testScheduledFunction","satisfiesPzi":true},"stages":[{"name":"BUILD","message":"Reusing build","state":"COMPLETE","resource":"projects/296369449480/locations/us-central1/builds/d3aaf7e5-a1dd-4c1f-8f40-17df48e13534"},{"name":"SERVICE","message":"Updating Cloud Run service","state":"COMPLETE","resource":"projects/popchatv002/locations/us-central1/services/testscheduledfunction","resourceUri":"https://console.cloud.google.com/run/detail/us-central1/testscheduledfunction?project=popchatv002","stateMessages":[{"severity":"INFO","type":"CloudRunServiceNewRevisionTrafficInfo","message":"A new revision will be deployed serving with 100% traffic."}]}],"sourceToken":"Cldwcm9qZWN0cy8yOTYzNjk0NDk0ODAvbG9jYXRpb25zL3VzLWNlbnRyYWwxL2J1aWxkcy9kM2FhZjdlNS1hMWRkLTRjMWYtOGY0MC0xN2RmNDhlMTM1MzQSbHVzLWNlbnRyYWwxLWRvY2tlci5wa2cuZGV2L3BvcGNoYXR2MDAyL2djZi1hcnRpZmFjdHMvcG9wY2hhdHYwMDJfX3VzLS1jZW50cmFsMV9fdGVzdF9odHRwX2Z1bmN0aW9uOnZlcnNpb25fMRiI1PuH0AgiRXByb2plY3RzL3BvcGNoYXR2MDAyL2xvY2F0aW9ucy91cy1jZW50cmFsMS9mdW5jdGlvbnMvdGVzdEh0dHBGdW5jdGlvbioMCPOkiMMGENCd2b8BMghub2RlanMyMjp2CiNnY3IuaW8vZ2FlLXJ1bnRpbWVzL25vZGVqczIyOnN0YWJsZRJPdXMtY2VudHJhbDEtZG9ja2VyLnBrZy5kZXYvc2VydmVybGVzcy1ydW50aW1lcy9nb29nbGUtMjItZnVsbC9ydW50aW1lcy9ub2RlanMyMkAB","operationType":"UPDATE_FUNCTION","buildName":"projects/296369449480/locations/us-central1/builds/d3aaf7e5-a1dd-4c1f-8f40-17df48e13534"},"done":true,"response":{"@type":"type.googleapis.com/google.cloud.functions.v2.Function","name":"projects/popchatv002/locations/us-central1/functions/testScheduledFunction","buildConfig":{"build":"projects/296369449480/locations/us-central1/builds/d3aaf7e5-a1dd-4c1f-8f40-17df48e13534","runtime":"nodejs22","entryPoint":"testScheduledFunction","source":{"storageSource":{"bucket":"gcf-v2-sources-296369449480-us-central1","object":"testScheduledFunction/function-source.zip","generation":"1751257721123130"}},"environmentVariables":{"GOOGLE_NODE_RUN_SCRIPTS":""},"dockerRepository":"projects/popchatv002/locations/us-central1/repositories/gcf-artifacts","sourceProvenance":{"resolvedStorageSource":{"bucket":"gcf-v2-sources-296369449480-us-central1","object":"testScheduledFunction/function-source.zip","generation":"1751257721123130"}},"dockerRegistry":"ARTIFACT_REGISTRY","serviceAccount":"projects/popchatv002/serviceAccounts/296369449480-compute@developer.gserviceaccount.com","automaticUpdatePolicy":{}},"serviceConfig":{"service":"projects/popchatv002/locations/us-central1/services/testscheduledfunction","timeoutSeconds":60,"environmentVariables":{"FIREBASE_CONFIG":"{\"projectId\":\"popchatv002\",\"databaseURL\":\"https://popchatv002-default-rtdb.firebaseio.com\",\"storageBucket\":\"popchatv002.firebasestorage.app\"}","GCLOUD_PROJECT":"popchatv002","EVENTARC_CLOUD_EVENT_SOURCE":"projects/popchatv002/locations/us-central1/services/testScheduledFunction","FUNCTION_TARGET":"testScheduledFunction","LOG_EXECUTION_ID":"true","FUNCTION_SIGNATURE_TYPE":"http"},"maxInstanceCount":20,"ingressSettings":"ALLOW_ALL","uri":"https://testscheduledfunction-2zjil5azfa-uc.a.run.app","serviceAccountEmail":"296369449480-compute@developer.gserviceaccount.com","availableMemory":"256Mi","allTrafficOnLatestRevision":true,"revision":"testscheduledfunction-00025-zok","maxInstanceRequestConcurrency":80,"availableCpu":"1"},"state":"ACTIVE","updateTime":"2025-06-30T04:28:41.166820357Z","labels":{"deployment-tool":"cli-firebase","firebase-functions-hash":"4fb95acf971fd44e46da4433b3dd2209ba159cb9"},"environment":"GEN_2","url":"https://us-central1-popchatv002.cloudfunctions.net/testScheduledFunction","createTime":"2025-06-21T04:32:01.974969722Z","satisfiesPzi":true}}
[debug] [2025-06-30T04:28:59.345Z] Got source token Cldwcm9qZWN0cy8yOTYzNjk0NDk0ODAvbG9jYXRpb25zL3VzLWNlbnRyYWwxL2J1aWxkcy9kM2FhZjdlNS1hMWRkLTRjMWYtOGY0MC0xN2RmNDhlMTM1MzQSbHVzLWNlbnRyYWwxLWRvY2tlci5wa2cuZGV2L3BvcGNoYXR2MDAyL2djZi1hcnRpZmFjdHMvcG9wY2hhdHYwMDJfX3VzLS1jZW50cmFsMV9fdGVzdF9odHRwX2Z1bmN0aW9uOnZlcnNpb25fMRiI1PuH0AgiRXByb2plY3RzL3BvcGNoYXR2MDAyL2xvY2F0aW9ucy91cy1jZW50cmFsMS9mdW5jdGlvbnMvdGVzdEh0dHBGdW5jdGlvbioMCPOkiMMGENCd2b8BMghub2RlanMyMjp2CiNnY3IuaW8vZ2FlLXJ1bnRpbWVzL25vZGVqczIyOnN0YWJsZRJPdXMtY2VudHJhbDEtZG9ja2VyLnBrZy5kZXYvc2VydmVybGVzcy1ydW50aW1lcy9nb29nbGUtMjItZnVsbC9ydW50aW1lcy9ub2RlanMyMkAB for region us-central1
[info] +  functions[testScheduledFunction(us-central1)] Successful update operation. 
[debug] [2025-06-30T04:28:59.429Z] <<< [apiv2][status] GET https://cloudfunctions.googleapis.com/v2/projects/popchatv002/locations/us-central1/operations/operation-1751257720430-638c276561e9d-1191d8e0-ebf1a17f 200
[debug] [2025-06-30T04:28:59.429Z] <<< [apiv2][body] GET https://cloudfunctions.googleapis.com/v2/projects/popchatv002/locations/us-central1/operations/operation-1751257720430-638c276561e9d-1191d8e0-ebf1a17f {"name":"projects/popchatv002/locations/us-central1/operations/operation-1751257720430-638c276561e9d-1191d8e0-ebf1a17f","metadata":{"@type":"type.googleapis.com/google.cloud.functions.v2.OperationMetadata","createTime":"2025-06-30T04:28:41.091952358Z","endTime":"2025-06-30T04:28:52.698902082Z","target":"projects/popchatv002/locations/us-central1/functions/telegramWebhook","verb":"update","cancelRequested":false,"apiVersion":"v2","requestResource":{"@type":"type.googleapis.com/google.cloud.functions.v2.Function","name":"projects/popchatv002/locations/us-central1/functions/telegramWebhook","buildConfig":{"runtime":"nodejs22","entryPoint":"telegramWebhook","source":{"storageSource":{"bucket":"gcf-v2-sources-296369449480-us-central1","object":"telegramWebhook/function-source.zip","generation":"1751257721051170"}},"environmentVariables":{"GOOGLE_NODE_RUN_SCRIPTS":""},"dockerRepository":"projects/popchatv002/locations/us-central1/repositories/gcf-artifacts","sourceProvenance":{"resolvedStorageSource":{"bucket":"gcf-v2-sources-296369449480-us-central1","object":"telegramWebhook/function-source.zip","generation":"1751257099563488"}},"dockerRegistry":"ARTIFACT_REGISTRY","sourceToken":"Cldwcm9qZWN0cy8yOTYzNjk0NDk0ODAvbG9jYXRpb25zL3VzLWNlbnRyYWwxL2J1aWxkcy9kM2FhZjdlNS1hMWRkLTRjMWYtOGY0MC0xN2RmNDhlMTM1MzQSbHVzLWNlbnRyYWwxLWRvY2tlci5wa2cuZGV2L3BvcGNoYXR2MDAyL2djZi1hcnRpZmFjdHMvcG9wY2hhdHYwMDJfX3VzLS1jZW50cmFsMV9fdGVzdF9odHRwX2Z1bmN0aW9uOnZlcnNpb25fMRiI1PuH0AgiRXByb2plY3RzL3BvcGNoYXR2MDAyL2xvY2F0aW9ucy91cy1jZW50cmFsMS9mdW5jdGlvbnMvdGVzdEh0dHBGdW5jdGlvbioMCPOkiMMGENCd2b8BMghub2RlanMyMjp2CiNnY3IuaW8vZ2FlLXJ1bnRpbWVzL25vZGVqczIyOnN0YWJsZRJPdXMtY2VudHJhbDEtZG9ja2VyLnBrZy5kZXYvc2VydmVybGVzcy1ydW50aW1lcy9nb29nbGUtMjItZnVsbC9ydW50aW1lcy9ub2RlanMyMkAB","serviceAccount":"projects/popchatv002/serviceAccounts/296369449480-compute@developer.gserviceaccount.com","automaticUpdatePolicy":{}},"serviceConfig":{"service":"projects/popchatv002/locations/us-central1/services/telegramwebhook","timeoutSeconds":60,"environmentVariables":{"FIREBASE_CONFIG":"{\"projectId\":\"popchatv002\",\"databaseURL\":\"https://popchatv002-default-rtdb.firebaseio.com\",\"storageBucket\":\"popchatv002.firebasestorage.app\"}","GCLOUD_PROJECT":"popchatv002","EVENTARC_CLOUD_EVENT_SOURCE":"projects/popchatv002/locations/us-central1/services/telegramWebhook","FUNCTION_TARGET":"telegramWebhook","LOG_EXECUTION_ID":"true","FUNCTION_SIGNATURE_TYPE":"http"},"ingressSettings":"ALLOW_ALL","uri":"https://telegramwebhook-2zjil5azfa-uc.a.run.app","serviceAccountEmail":"296369449480-compute@developer.gserviceaccount.com","availableMemory":"256Mi","allTrafficOnLatestRevision":true,"revision":"telegramwebhook-00012-rig","maxInstanceRequestConcurrency":80,"availableCpu":"1"},"state":"ACTIVE","labels":{"deployment-tool":"cli-firebase","firebase-functions-hash":"4fb95acf971fd44e46da4433b3dd2209ba159cb9"},"environment":"GEN_2","url":"https://us-central1-popchatv002.cloudfunctions.net/telegramWebhook","satisfiesPzi":true},"stages":[{"name":"BUILD","message":"Reusing build","state":"COMPLETE","resource":"projects/296369449480/locations/us-central1/builds/d3aaf7e5-a1dd-4c1f-8f40-17df48e13534"},{"name":"SERVICE","message":"Updating Cloud Run service","state":"COMPLETE","resource":"projects/popchatv002/locations/us-central1/services/telegramwebhook","resourceUri":"https://console.cloud.google.com/run/detail/us-central1/telegramwebhook?project=popchatv002","stateMessages":[{"severity":"INFO","type":"CloudRunServiceNewRevisionTrafficInfo","message":"A new revision will be deployed serving with 100% traffic."}]}],"sourceToken":"Cldwcm9qZWN0cy8yOTYzNjk0NDk0ODAvbG9jYXRpb25zL3VzLWNlbnRyYWwxL2J1aWxkcy9kM2FhZjdlNS1hMWRkLTRjMWYtOGY0MC0xN2RmNDhlMTM1MzQSbHVzLWNlbnRyYWwxLWRvY2tlci5wa2cuZGV2L3BvcGNoYXR2MDAyL2djZi1hcnRpZmFjdHMvcG9wY2hhdHYwMDJfX3VzLS1jZW50cmFsMV9fdGVzdF9odHRwX2Z1bmN0aW9uOnZlcnNpb25fMRiI1PuH0AgiRXByb2plY3RzL3BvcGNoYXR2MDAyL2xvY2F0aW9ucy91cy1jZW50cmFsMS9mdW5jdGlvbnMvdGVzdEh0dHBGdW5jdGlvbioMCPOkiMMGENCd2b8BMghub2RlanMyMjp2CiNnY3IuaW8vZ2FlLXJ1bnRpbWVzL25vZGVqczIyOnN0YWJsZRJPdXMtY2VudHJhbDEtZG9ja2VyLnBrZy5kZXYvc2VydmVybGVzcy1ydW50aW1lcy9nb29nbGUtMjItZnVsbC9ydW50aW1lcy9ub2RlanMyMkAB","operationType":"UPDATE_FUNCTION","buildName":"projects/296369449480/locations/us-central1/builds/d3aaf7e5-a1dd-4c1f-8f40-17df48e13534"},"done":true,"response":{"@type":"type.googleapis.com/google.cloud.functions.v2.Function","name":"projects/popchatv002/locations/us-central1/functions/telegramWebhook","buildConfig":{"build":"projects/296369449480/locations/us-central1/builds/d3aaf7e5-a1dd-4c1f-8f40-17df48e13534","runtime":"nodejs22","entryPoint":"telegramWebhook","source":{"storageSource":{"bucket":"gcf-v2-sources-296369449480-us-central1","object":"telegramWebhook/function-source.zip","generation":"1751257721051170"}},"environmentVariables":{"GOOGLE_NODE_RUN_SCRIPTS":""},"dockerRepository":"projects/popchatv002/locations/us-central1/repositories/gcf-artifacts","sourceProvenance":{"resolvedStorageSource":{"bucket":"gcf-v2-sources-296369449480-us-central1","object":"telegramWebhook/function-source.zip","generation":"1751257721051170"}},"dockerRegistry":"ARTIFACT_REGISTRY","serviceAccount":"projects/popchatv002/serviceAccounts/296369449480-compute@developer.gserviceaccount.com","automaticUpdatePolicy":{}},"serviceConfig":{"service":"projects/popchatv002/locations/us-central1/services/telegramwebhook","timeoutSeconds":60,"environmentVariables":{"FIREBASE_CONFIG":"{\"projectId\":\"popchatv002\",\"databaseURL\":\"https://popchatv002-default-rtdb.firebaseio.com\",\"storageBucket\":\"popchatv002.firebasestorage.app\"}","GCLOUD_PROJECT":"popchatv002","EVENTARC_CLOUD_EVENT_SOURCE":"projects/popchatv002/locations/us-central1/services/telegramWebhook","FUNCTION_TARGET":"telegramWebhook","LOG_EXECUTION_ID":"true","FUNCTION_SIGNATURE_TYPE":"http"},"maxInstanceCount":20,"ingressSettings":"ALLOW_ALL","uri":"https://telegramwebhook-2zjil5azfa-uc.a.run.app","serviceAccountEmail":"296369449480-compute@developer.gserviceaccount.com","availableMemory":"256Mi","allTrafficOnLatestRevision":true,"revision":"telegramwebhook-00013-fac","maxInstanceRequestConcurrency":80,"availableCpu":"1"},"state":"ACTIVE","updateTime":"2025-06-30T04:28:41.093639828Z","labels":{"firebase-functions-hash":"4fb95acf971fd44e46da4433b3dd2209ba159cb9","deployment-tool":"cli-firebase"},"environment":"GEN_2","url":"https://us-central1-popchatv002.cloudfunctions.net/telegramWebhook","createTime":"2025-06-24T19:41:30.679763849Z","satisfiesPzi":true}}
[debug] [2025-06-30T04:28:59.429Z] Got source token Cldwcm9qZWN0cy8yOTYzNjk0NDk0ODAvbG9jYXRpb25zL3VzLWNlbnRyYWwxL2J1aWxkcy9kM2FhZjdlNS1hMWRkLTRjMWYtOGY0MC0xN2RmNDhlMTM1MzQSbHVzLWNlbnRyYWwxLWRvY2tlci5wa2cuZGV2L3BvcGNoYXR2MDAyL2djZi1hcnRpZmFjdHMvcG9wY2hhdHYwMDJfX3VzLS1jZW50cmFsMV9fdGVzdF9odHRwX2Z1bmN0aW9uOnZlcnNpb25fMRiI1PuH0AgiRXByb2plY3RzL3BvcGNoYXR2MDAyL2xvY2F0aW9ucy91cy1jZW50cmFsMS9mdW5jdGlvbnMvdGVzdEh0dHBGdW5jdGlvbioMCPOkiMMGENCd2b8BMghub2RlanMyMjp2CiNnY3IuaW8vZ2FlLXJ1bnRpbWVzL25vZGVqczIyOnN0YWJsZRJPdXMtY2VudHJhbDEtZG9ja2VyLnBrZy5kZXYvc2VydmVybGVzcy1ydW50aW1lcy9nb29nbGUtMjItZnVsbC9ydW50aW1lcy9ub2RlanMyMkAB for region us-central1
[info] +  functions[telegramWebhook(us-central1)] Successful update operation. 
[debug] [2025-06-30T04:28:59.430Z] <<< [apiv2][status] GET https://cloudfunctions.googleapis.com/v2/projects/popchatv002/locations/us-central1/operations/operation-1751257720468-638c27656b5fa-dbf4e1f2-487d5abc 200
[debug] [2025-06-30T04:28:59.430Z] <<< [apiv2][body] GET https://cloudfunctions.googleapis.com/v2/projects/popchatv002/locations/us-central1/operations/operation-1751257720468-638c27656b5fa-dbf4e1f2-487d5abc {"name":"projects/popchatv002/locations/us-central1/operations/operation-1751257720468-638c27656b5fa-dbf4e1f2-487d5abc","metadata":{"@type":"type.googleapis.com/google.cloud.functions.v2.OperationMetadata","createTime":"2025-06-30T04:28:41.195718500Z","endTime":"2025-06-30T04:28:53.527744815Z","target":"projects/popchatv002/locations/us-central1/functions/testSnapshotCycling","verb":"update","cancelRequested":false,"apiVersion":"v2","requestResource":{"@type":"type.googleapis.com/google.cloud.functions.v2.Function","name":"projects/popchatv002/locations/us-central1/functions/testSnapshotCycling","buildConfig":{"runtime":"nodejs22","entryPoint":"testSnapshotCycling","source":{"storageSource":{"bucket":"gcf-v2-sources-296369449480-us-central1","object":"testSnapshotCycling/function-source.zip","generation":"1751257721146154"}},"environmentVariables":{"GOOGLE_NODE_RUN_SCRIPTS":""},"dockerRepository":"projects/popchatv002/locations/us-central1/repositories/gcf-artifacts","sourceProvenance":{"resolvedStorageSource":{"bucket":"gcf-v2-sources-296369449480-us-central1","object":"testSnapshotCycling/function-source.zip","generation":"1751257099513117"}},"dockerRegistry":"ARTIFACT_REGISTRY","sourceToken":"Cldwcm9qZWN0cy8yOTYzNjk0NDk0ODAvbG9jYXRpb25zL3VzLWNlbnRyYWwxL2J1aWxkcy9kM2FhZjdlNS1hMWRkLTRjMWYtOGY0MC0xN2RmNDhlMTM1MzQSbHVzLWNlbnRyYWwxLWRvY2tlci5wa2cuZGV2L3BvcGNoYXR2MDAyL2djZi1hcnRpZmFjdHMvcG9wY2hhdHYwMDJfX3VzLS1jZW50cmFsMV9fdGVzdF9odHRwX2Z1bmN0aW9uOnZlcnNpb25fMRiI1PuH0AgiRXByb2plY3RzL3BvcGNoYXR2MDAyL2xvY2F0aW9ucy91cy1jZW50cmFsMS9mdW5jdGlvbnMvdGVzdEh0dHBGdW5jdGlvbioMCPOkiMMGENCd2b8BMghub2RlanMyMjp2CiNnY3IuaW8vZ2FlLXJ1bnRpbWVzL25vZGVqczIyOnN0YWJsZRJPdXMtY2VudHJhbDEtZG9ja2VyLnBrZy5kZXYvc2VydmVybGVzcy1ydW50aW1lcy9nb29nbGUtMjItZnVsbC9ydW50aW1lcy9ub2RlanMyMkAB","serviceAccount":"projects/popchatv002/serviceAccounts/296369449480-compute@developer.gserviceaccount.com","automaticUpdatePolicy":{}},"serviceConfig":{"service":"projects/popchatv002/locations/us-central1/services/testsnapshotcycling","timeoutSeconds":60,"environmentVariables":{"FIREBASE_CONFIG":"{\"projectId\":\"popchatv002\",\"databaseURL\":\"https://popchatv002-default-rtdb.firebaseio.com\",\"storageBucket\":\"popchatv002.firebasestorage.app\"}","GCLOUD_PROJECT":"popchatv002","EVENTARC_CLOUD_EVENT_SOURCE":"projects/popchatv002/locations/us-central1/services/testSnapshotCycling","FUNCTION_TARGET":"testSnapshotCycling","LOG_EXECUTION_ID":"true","FUNCTION_SIGNATURE_TYPE":"http"},"ingressSettings":"ALLOW_ALL","uri":"https://testsnapshotcycling-2zjil5azfa-uc.a.run.app","serviceAccountEmail":"296369449480-compute@developer.gserviceaccount.com","availableMemory":"256Mi","allTrafficOnLatestRevision":true,"revision":"testsnapshotcycling-00013-ses","maxInstanceRequestConcurrency":80,"availableCpu":"1"},"state":"ACTIVE","labels":{"deployment-tool":"cli-firebase","firebase-functions-hash":"4fb95acf971fd44e46da4433b3dd2209ba159cb9"},"environment":"GEN_2","url":"https://us-central1-popchatv002.cloudfunctions.net/testSnapshotCycling","satisfiesPzi":true},"stages":[{"name":"BUILD","message":"Reusing build","state":"COMPLETE","resource":"projects/296369449480/locations/us-central1/builds/d3aaf7e5-a1dd-4c1f-8f40-17df48e13534"},{"name":"SERVICE","message":"Updating Cloud Run service","state":"COMPLETE","resource":"projects/popchatv002/locations/us-central1/services/testsnapshotcycling","resourceUri":"https://console.cloud.google.com/run/detail/us-central1/testsnapshotcycling?project=popchatv002","stateMessages":[{"severity":"INFO","type":"CloudRunServiceNewRevisionTrafficInfo","message":"A new revision will be deployed serving with 100% traffic."}]}],"sourceToken":"Cldwcm9qZWN0cy8yOTYzNjk0NDk0ODAvbG9jYXRpb25zL3VzLWNlbnRyYWwxL2J1aWxkcy9kM2FhZjdlNS1hMWRkLTRjMWYtOGY0MC0xN2RmNDhlMTM1MzQSbHVzLWNlbnRyYWwxLWRvY2tlci5wa2cuZGV2L3BvcGNoYXR2MDAyL2djZi1hcnRpZmFjdHMvcG9wY2hhdHYwMDJfX3VzLS1jZW50cmFsMV9fdGVzdF9odHRwX2Z1bmN0aW9uOnZlcnNpb25fMRiI1PuH0AgiRXByb2plY3RzL3BvcGNoYXR2MDAyL2xvY2F0aW9ucy91cy1jZW50cmFsMS9mdW5jdGlvbnMvdGVzdEh0dHBGdW5jdGlvbioMCPOkiMMGENCd2b8BMghub2RlanMyMjp2CiNnY3IuaW8vZ2FlLXJ1bnRpbWVzL25vZGVqczIyOnN0YWJsZRJPdXMtY2VudHJhbDEtZG9ja2VyLnBrZy5kZXYvc2VydmVybGVzcy1ydW50aW1lcy9nb29nbGUtMjItZnVsbC9ydW50aW1lcy9ub2RlanMyMkAB","operationType":"UPDATE_FUNCTION","buildName":"projects/296369449480/locations/us-central1/builds/d3aaf7e5-a1dd-4c1f-8f40-17df48e13534"},"done":true,"response":{"@type":"type.googleapis.com/google.cloud.functions.v2.Function","name":"projects/popchatv002/locations/us-central1/functions/testSnapshotCycling","buildConfig":{"build":"projects/296369449480/locations/us-central1/builds/d3aaf7e5-a1dd-4c1f-8f40-17df48e13534","runtime":"nodejs22","entryPoint":"testSnapshotCycling","source":{"storageSource":{"bucket":"gcf-v2-sources-296369449480-us-central1","object":"testSnapshotCycling/function-source.zip","generation":"1751257721146154"}},"environmentVariables":{"GOOGLE_NODE_RUN_SCRIPTS":""},"dockerRepository":"projects/popchatv002/locations/us-central1/repositories/gcf-artifacts","sourceProvenance":{"resolvedStorageSource":{"bucket":"gcf-v2-sources-296369449480-us-central1","object":"testSnapshotCycling/function-source.zip","generation":"1751257721146154"}},"dockerRegistry":"ARTIFACT_REGISTRY","serviceAccount":"projects/popchatv002/serviceAccounts/296369449480-compute@developer.gserviceaccount.com","automaticUpdatePolicy":{}},"serviceConfig":{"service":"projects/popchatv002/locations/us-central1/services/testsnapshotcycling","timeoutSeconds":60,"environmentVariables":{"FIREBASE_CONFIG":"{\"projectId\":\"popchatv002\",\"databaseURL\":\"https://popchatv002-default-rtdb.firebaseio.com\",\"storageBucket\":\"popchatv002.firebasestorage.app\"}","GCLOUD_PROJECT":"popchatv002","EVENTARC_CLOUD_EVENT_SOURCE":"projects/popchatv002/locations/us-central1/services/testSnapshotCycling","FUNCTION_TARGET":"testSnapshotCycling","LOG_EXECUTION_ID":"true","FUNCTION_SIGNATURE_TYPE":"http"},"maxInstanceCount":20,"ingressSettings":"ALLOW_ALL","uri":"https://testsnapshotcycling-2zjil5azfa-uc.a.run.app","serviceAccountEmail":"296369449480-compute@developer.gserviceaccount.com","availableMemory":"256Mi","allTrafficOnLatestRevision":true,"revision":"testsnapshotcycling-00014-vix","maxInstanceRequestConcurrency":80,"availableCpu":"1"},"state":"ACTIVE","updateTime":"2025-06-30T04:28:41.197795561Z","labels":{"firebase-functions-hash":"4fb95acf971fd44e46da4433b3dd2209ba159cb9","deployment-tool":"cli-firebase"},"environment":"GEN_2","url":"https://us-central1-popchatv002.cloudfunctions.net/testSnapshotCycling","createTime":"2025-06-22T22:30:55.378111908Z","satisfiesPzi":true}}
[debug] [2025-06-30T04:28:59.430Z] Got source token Cldwcm9qZWN0cy8yOTYzNjk0NDk0ODAvbG9jYXRpb25zL3VzLWNlbnRyYWwxL2J1aWxkcy9kM2FhZjdlNS1hMWRkLTRjMWYtOGY0MC0xN2RmNDhlMTM1MzQSbHVzLWNlbnRyYWwxLWRvY2tlci5wa2cuZGV2L3BvcGNoYXR2MDAyL2djZi1hcnRpZmFjdHMvcG9wY2hhdHYwMDJfX3VzLS1jZW50cmFsMV9fdGVzdF9odHRwX2Z1bmN0aW9uOnZlcnNpb25fMRiI1PuH0AgiRXByb2plY3RzL3BvcGNoYXR2MDAyL2xvY2F0aW9ucy91cy1jZW50cmFsMS9mdW5jdGlvbnMvdGVzdEh0dHBGdW5jdGlvbioMCPOkiMMGENCd2b8BMghub2RlanMyMjp2CiNnY3IuaW8vZ2FlLXJ1bnRpbWVzL25vZGVqczIyOnN0YWJsZRJPdXMtY2VudHJhbDEtZG9ja2VyLnBrZy5kZXYvc2VydmVybGVzcy1ydW50aW1lcy9nb29nbGUtMjItZnVsbC9ydW50aW1lcy9ub2RlanMyMkAB for region us-central1
[info] +  functions[testSnapshotCycling(us-central1)] Successful update operation. 
[debug] [2025-06-30T04:28:59.430Z] <<< [apiv2][status] GET https://cloudfunctions.googleapis.com/v2/projects/popchatv002/locations/us-central1/operations/operation-1751257720432-638c276562868-2f15351f-4544f374 200
[debug] [2025-06-30T04:28:59.431Z] <<< [apiv2][body] GET https://cloudfunctions.googleapis.com/v2/projects/popchatv002/locations/us-central1/operations/operation-1751257720432-638c276562868-2f15351f-4544f374 {"name":"projects/popchatv002/locations/us-central1/operations/operation-1751257720432-638c276562868-2f15351f-4544f374","metadata":{"@type":"type.googleapis.com/google.cloud.functions.v2.OperationMetadata","createTime":"2025-06-30T04:28:41.212843466Z","endTime":"2025-06-30T04:28:52.696059283Z","target":"projects/popchatv002/locations/us-central1/functions/addUserStatus","verb":"update","cancelRequested":false,"apiVersion":"v2","requestResource":{"@type":"type.googleapis.com/google.cloud.functions.v2.Function","name":"projects/popchatv002/locations/us-central1/functions/addUserStatus","buildConfig":{"runtime":"nodejs22","entryPoint":"addUserStatus","source":{"storageSource":{"bucket":"gcf-v2-sources-296369449480-us-central1","object":"addUserStatus/function-source.zip","generation":"1751257721123503"}},"environmentVariables":{"GOOGLE_NODE_RUN_SCRIPTS":""},"dockerRepository":"projects/popchatv002/locations/us-central1/repositories/gcf-artifacts","sourceProvenance":{"resolvedStorageSource":{"bucket":"gcf-v2-sources-296369449480-us-central1","object":"addUserStatus/function-source.zip","generation":"1751257099523851"}},"dockerRegistry":"ARTIFACT_REGISTRY","sourceToken":"Cldwcm9qZWN0cy8yOTYzNjk0NDk0ODAvbG9jYXRpb25zL3VzLWNlbnRyYWwxL2J1aWxkcy9kM2FhZjdlNS1hMWRkLTRjMWYtOGY0MC0xN2RmNDhlMTM1MzQSbHVzLWNlbnRyYWwxLWRvY2tlci5wa2cuZGV2L3BvcGNoYXR2MDAyL2djZi1hcnRpZmFjdHMvcG9wY2hhdHYwMDJfX3VzLS1jZW50cmFsMV9fdGVzdF9odHRwX2Z1bmN0aW9uOnZlcnNpb25fMRiI1PuH0AgiRXByb2plY3RzL3BvcGNoYXR2MDAyL2xvY2F0aW9ucy91cy1jZW50cmFsMS9mdW5jdGlvbnMvdGVzdEh0dHBGdW5jdGlvbioMCPOkiMMGENCd2b8BMghub2RlanMyMjp2CiNnY3IuaW8vZ2FlLXJ1bnRpbWVzL25vZGVqczIyOnN0YWJsZRJPdXMtY2VudHJhbDEtZG9ja2VyLnBrZy5kZXYvc2VydmVybGVzcy1ydW50aW1lcy9nb29nbGUtMjItZnVsbC9ydW50aW1lcy9ub2RlanMyMkAB","serviceAccount":"projects/popchatv002/serviceAccounts/296369449480-compute@developer.gserviceaccount.com","automaticUpdatePolicy":{}},"serviceConfig":{"service":"projects/popchatv002/locations/us-central1/services/adduserstatus","timeoutSeconds":60,"environmentVariables":{"FIREBASE_CONFIG":"{\"projectId\":\"popchatv002\",\"databaseURL\":\"https://popchatv002-default-rtdb.firebaseio.com\",\"storageBucket\":\"popchatv002.firebasestorage.app\"}","GCLOUD_PROJECT":"popchatv002","EVENTARC_CLOUD_EVENT_SOURCE":"projects/popchatv002/locations/us-central1/services/addUserStatus","FUNCTION_TARGET":"addUserStatus","LOG_EXECUTION_ID":"true","FUNCTION_SIGNATURE_TYPE":"http"},"ingressSettings":"ALLOW_ALL","uri":"https://adduserstatus-2zjil5azfa-uc.a.run.app","serviceAccountEmail":"296369449480-compute@developer.gserviceaccount.com","availableMemory":"256Mi","allTrafficOnLatestRevision":true,"revision":"adduserstatus-00026-fix","maxInstanceRequestConcurrency":80,"availableCpu":"1"},"state":"ACTIVE","labels":{"deployment-tool":"cli-firebase","firebase-functions-hash":"4fb95acf971fd44e46da4433b3dd2209ba159cb9"},"environment":"GEN_2","url":"https://us-central1-popchatv002.cloudfunctions.net/addUserStatus","satisfiesPzi":true},"stages":[{"name":"BUILD","message":"Reusing build","state":"COMPLETE","resource":"projects/296369449480/locations/us-central1/builds/d3aaf7e5-a1dd-4c1f-8f40-17df48e13534"},{"name":"SERVICE","message":"Updating Cloud Run service","state":"COMPLETE","resource":"projects/popchatv002/locations/us-central1/services/adduserstatus","resourceUri":"https://console.cloud.google.com/run/detail/us-central1/adduserstatus?project=popchatv002","stateMessages":[{"severity":"INFO","type":"CloudRunServiceNewRevisionTrafficInfo","message":"A new revision will be deployed serving with 100% traffic."}]}],"sourceToken":"Cldwcm9qZWN0cy8yOTYzNjk0NDk0ODAvbG9jYXRpb25zL3VzLWNlbnRyYWwxL2J1aWxkcy9kM2FhZjdlNS1hMWRkLTRjMWYtOGY0MC0xN2RmNDhlMTM1MzQSbHVzLWNlbnRyYWwxLWRvY2tlci5wa2cuZGV2L3BvcGNoYXR2MDAyL2djZi1hcnRpZmFjdHMvcG9wY2hhdHYwMDJfX3VzLS1jZW50cmFsMV9fdGVzdF9odHRwX2Z1bmN0aW9uOnZlcnNpb25fMRiI1PuH0AgiRXByb2plY3RzL3BvcGNoYXR2MDAyL2xvY2F0aW9ucy91cy1jZW50cmFsMS9mdW5jdGlvbnMvdGVzdEh0dHBGdW5jdGlvbioMCPOkiMMGENCd2b8BMghub2RlanMyMjp2CiNnY3IuaW8vZ2FlLXJ1bnRpbWVzL25vZGVqczIyOnN0YWJsZRJPdXMtY2VudHJhbDEtZG9ja2VyLnBrZy5kZXYvc2VydmVybGVzcy1ydW50aW1lcy9nb29nbGUtMjItZnVsbC9ydW50aW1lcy9ub2RlanMyMkAB","operationType":"UPDATE_FUNCTION","buildName":"projects/296369449480/locations/us-central1/builds/d3aaf7e5-a1dd-4c1f-8f40-17df48e13534"},"done":true,"response":{"@type":"type.googleapis.com/google.cloud.functions.v2.Function","name":"projects/popchatv002/locations/us-central1/functions/addUserStatus","buildConfig":{"build":"projects/296369449480/locations/us-central1/builds/d3aaf7e5-a1dd-4c1f-8f40-17df48e13534","runtime":"nodejs22","entryPoint":"addUserStatus","source":{"storageSource":{"bucket":"gcf-v2-sources-296369449480-us-central1","object":"addUserStatus/function-source.zip","generation":"1751257721123503"}},"environmentVariables":{"GOOGLE_NODE_RUN_SCRIPTS":""},"dockerRepository":"projects/popchatv002/locations/us-central1/repositories/gcf-artifacts","sourceProvenance":{"resolvedStorageSource":{"bucket":"gcf-v2-sources-296369449480-us-central1","object":"addUserStatus/function-source.zip","generation":"1751257721123503"}},"dockerRegistry":"ARTIFACT_REGISTRY","serviceAccount":"projects/popchatv002/serviceAccounts/296369449480-compute@developer.gserviceaccount.com","automaticUpdatePolicy":{}},"serviceConfig":{"service":"projects/popchatv002/locations/us-central1/services/adduserstatus","timeoutSeconds":60,"environmentVariables":{"FIREBASE_CONFIG":"{\"projectId\":\"popchatv002\",\"databaseURL\":\"https://popchatv002-default-rtdb.firebaseio.com\",\"storageBucket\":\"popchatv002.firebasestorage.app\"}","GCLOUD_PROJECT":"popchatv002","EVENTARC_CLOUD_EVENT_SOURCE":"projects/popchatv002/locations/us-central1/services/addUserStatus","FUNCTION_TARGET":"addUserStatus","LOG_EXECUTION_ID":"true","FUNCTION_SIGNATURE_TYPE":"http"},"maxInstanceCount":20,"ingressSettings":"ALLOW_ALL","uri":"https://adduserstatus-2zjil5azfa-uc.a.run.app","serviceAccountEmail":"296369449480-compute@developer.gserviceaccount.com","availableMemory":"256Mi","allTrafficOnLatestRevision":true,"revision":"adduserstatus-00027-nuh","maxInstanceRequestConcurrency":80,"availableCpu":"1"},"state":"ACTIVE","updateTime":"2025-06-30T04:28:41.214957376Z","labels":{"deployment-tool":"cli-firebase","firebase-functions-hash":"4fb95acf971fd44e46da4433b3dd2209ba159cb9"},"environment":"GEN_2","url":"https://us-central1-popchatv002.cloudfunctions.net/addUserStatus","createTime":"2025-06-17T19:37:23.629484826Z","satisfiesPzi":true}}
[debug] [2025-06-30T04:28:59.431Z] Got source token Cldwcm9qZWN0cy8yOTYzNjk0NDk0ODAvbG9jYXRpb25zL3VzLWNlbnRyYWwxL2J1aWxkcy9kM2FhZjdlNS1hMWRkLTRjMWYtOGY0MC0xN2RmNDhlMTM1MzQSbHVzLWNlbnRyYWwxLWRvY2tlci5wa2cuZGV2L3BvcGNoYXR2MDAyL2djZi1hcnRpZmFjdHMvcG9wY2hhdHYwMDJfX3VzLS1jZW50cmFsMV9fdGVzdF9odHRwX2Z1bmN0aW9uOnZlcnNpb25fMRiI1PuH0AgiRXByb2plY3RzL3BvcGNoYXR2MDAyL2xvY2F0aW9ucy91cy1jZW50cmFsMS9mdW5jdGlvbnMvdGVzdEh0dHBGdW5jdGlvbioMCPOkiMMGENCd2b8BMghub2RlanMyMjp2CiNnY3IuaW8vZ2FlLXJ1bnRpbWVzL25vZGVqczIyOnN0YWJsZRJPdXMtY2VudHJhbDEtZG9ja2VyLnBrZy5kZXYvc2VydmVybGVzcy1ydW50aW1lcy9nb29nbGUtMjItZnVsbC9ydW50aW1lcy9ub2RlanMyMkAB for region us-central1
[info] +  functions[addUserStatus(us-central1)] Successful update operation. 
[debug] [2025-06-30T04:28:59.431Z] <<< [apiv2][status] GET https://cloudfunctions.googleapis.com/v2/projects/popchatv002/locations/us-central1/operations/operation-1751257720469-638c27656b729-c899d5b1-c4413bff 200
[debug] [2025-06-30T04:28:59.431Z] <<< [apiv2][body] GET https://cloudfunctions.googleapis.com/v2/projects/popchatv002/locations/us-central1/operations/operation-1751257720469-638c27656b729-c899d5b1-c4413bff {"name":"projects/popchatv002/locations/us-central1/operations/operation-1751257720469-638c27656b729-c899d5b1-c4413bff","metadata":{"@type":"type.googleapis.com/google.cloud.functions.v2.OperationMetadata","createTime":"2025-06-30T04:28:41.149278176Z","endTime":"2025-06-30T04:28:53.304908880Z","target":"projects/popchatv002/locations/us-central1/functions/sendHostToGroup","verb":"update","cancelRequested":false,"apiVersion":"v2","requestResource":{"@type":"type.googleapis.com/google.cloud.functions.v2.Function","name":"projects/popchatv002/locations/us-central1/functions/sendHostToGroup","buildConfig":{"runtime":"nodejs22","entryPoint":"sendHostToGroup","source":{"storageSource":{"bucket":"gcf-v2-sources-296369449480-us-central1","object":"sendHostToGroup/function-source.zip","generation":"1751257721098329"}},"environmentVariables":{"GOOGLE_NODE_RUN_SCRIPTS":""},"dockerRepository":"projects/popchatv002/locations/us-central1/repositories/gcf-artifacts","sourceProvenance":{"resolvedStorageSource":{"bucket":"gcf-v2-sources-296369449480-us-central1","object":"sendHostToGroup/function-source.zip","generation":"1751257099576409"}},"dockerRegistry":"ARTIFACT_REGISTRY","sourceToken":"Cldwcm9qZWN0cy8yOTYzNjk0NDk0ODAvbG9jYXRpb25zL3VzLWNlbnRyYWwxL2J1aWxkcy9kM2FhZjdlNS1hMWRkLTRjMWYtOGY0MC0xN2RmNDhlMTM1MzQSbHVzLWNlbnRyYWwxLWRvY2tlci5wa2cuZGV2L3BvcGNoYXR2MDAyL2djZi1hcnRpZmFjdHMvcG9wY2hhdHYwMDJfX3VzLS1jZW50cmFsMV9fdGVzdF9odHRwX2Z1bmN0aW9uOnZlcnNpb25fMRiI1PuH0AgiRXByb2plY3RzL3BvcGNoYXR2MDAyL2xvY2F0aW9ucy91cy1jZW50cmFsMS9mdW5jdGlvbnMvdGVzdEh0dHBGdW5jdGlvbioMCPOkiMMGENCd2b8BMghub2RlanMyMjp2CiNnY3IuaW8vZ2FlLXJ1bnRpbWVzL25vZGVqczIyOnN0YWJsZRJPdXMtY2VudHJhbDEtZG9ja2VyLnBrZy5kZXYvc2VydmVybGVzcy1ydW50aW1lcy9nb29nbGUtMjItZnVsbC9ydW50aW1lcy9ub2RlanMyMkAB","serviceAccount":"projects/popchatv002/serviceAccounts/296369449480-compute@developer.gserviceaccount.com","automaticUpdatePolicy":{}},"serviceConfig":{"service":"projects/popchatv002/locations/us-central1/services/sendhosttogroup","timeoutSeconds":60,"environmentVariables":{"FIREBASE_CONFIG":"{\"projectId\":\"popchatv002\",\"databaseURL\":\"https://popchatv002-default-rtdb.firebaseio.com\",\"storageBucket\":\"popchatv002.firebasestorage.app\"}","GCLOUD_PROJECT":"popchatv002","EVENTARC_CLOUD_EVENT_SOURCE":"projects/popchatv002/locations/us-central1/services/sendHostToGroup","FUNCTION_TARGET":"sendHostToGroup","LOG_EXECUTION_ID":"true","FUNCTION_SIGNATURE_TYPE":"http"},"ingressSettings":"ALLOW_ALL","uri":"https://sendhosttogroup-2zjil5azfa-uc.a.run.app","serviceAccountEmail":"296369449480-compute@developer.gserviceaccount.com","availableMemory":"256Mi","allTrafficOnLatestRevision":true,"revision":"sendhosttogroup-00023-viy","maxInstanceRequestConcurrency":80,"availableCpu":"1"},"state":"ACTIVE","labels":{"deployment-tool":"cli-firebase","firebase-functions-hash":"4fb95acf971fd44e46da4433b3dd2209ba159cb9"},"environment":"GEN_2","url":"https://us-central1-popchatv002.cloudfunctions.net/sendHostToGroup","satisfiesPzi":true},"stages":[{"name":"BUILD","message":"Reusing build","state":"COMPLETE","resource":"projects/296369449480/locations/us-central1/builds/d3aaf7e5-a1dd-4c1f-8f40-17df48e13534"},{"name":"SERVICE","message":"Updating Cloud Run service","state":"COMPLETE","resource":"projects/popchatv002/locations/us-central1/services/sendhosttogroup","resourceUri":"https://console.cloud.google.com/run/detail/us-central1/sendhosttogroup?project=popchatv002","stateMessages":[{"severity":"INFO","type":"CloudRunServiceNewRevisionTrafficInfo","message":"A new revision will be deployed serving with 100% traffic."}]}],"sourceToken":"Cldwcm9qZWN0cy8yOTYzNjk0NDk0ODAvbG9jYXRpb25zL3VzLWNlbnRyYWwxL2J1aWxkcy9kM2FhZjdlNS1hMWRkLTRjMWYtOGY0MC0xN2RmNDhlMTM1MzQSbHVzLWNlbnRyYWwxLWRvY2tlci5wa2cuZGV2L3BvcGNoYXR2MDAyL2djZi1hcnRpZmFjdHMvcG9wY2hhdHYwMDJfX3VzLS1jZW50cmFsMV9fdGVzdF9odHRwX2Z1bmN0aW9uOnZlcnNpb25fMRiI1PuH0AgiRXByb2plY3RzL3BvcGNoYXR2MDAyL2xvY2F0aW9ucy91cy1jZW50cmFsMS9mdW5jdGlvbnMvdGVzdEh0dHBGdW5jdGlvbioMCPOkiMMGENCd2b8BMghub2RlanMyMjp2CiNnY3IuaW8vZ2FlLXJ1bnRpbWVzL25vZGVqczIyOnN0YWJsZRJPdXMtY2VudHJhbDEtZG9ja2VyLnBrZy5kZXYvc2VydmVybGVzcy1ydW50aW1lcy9nb29nbGUtMjItZnVsbC9ydW50aW1lcy9ub2RlanMyMkAB","operationType":"UPDATE_FUNCTION","buildName":"projects/296369449480/locations/us-central1/builds/d3aaf7e5-a1dd-4c1f-8f40-17df48e13534"},"done":true,"response":{"@type":"type.googleapis.com/google.cloud.functions.v2.Function","name":"projects/popchatv002/locations/us-central1/functions/sendHostToGroup","buildConfig":{"build":"projects/296369449480/locations/us-central1/builds/d3aaf7e5-a1dd-4c1f-8f40-17df48e13534","runtime":"nodejs22","entryPoint":"sendHostToGroup","source":{"storageSource":{"bucket":"gcf-v2-sources-296369449480-us-central1","object":"sendHostToGroup/function-source.zip","generation":"1751257721098329"}},"environmentVariables":{"GOOGLE_NODE_RUN_SCRIPTS":""},"dockerRepository":"projects/popchatv002/locations/us-central1/repositories/gcf-artifacts","sourceProvenance":{"resolvedStorageSource":{"bucket":"gcf-v2-sources-296369449480-us-central1","object":"sendHostToGroup/function-source.zip","generation":"1751257721098329"}},"dockerRegistry":"ARTIFACT_REGISTRY","serviceAccount":"projects/popchatv002/serviceAccounts/296369449480-compute@developer.gserviceaccount.com","automaticUpdatePolicy":{}},"serviceConfig":{"service":"projects/popchatv002/locations/us-central1/services/sendhosttogroup","timeoutSeconds":60,"environmentVariables":{"FIREBASE_CONFIG":"{\"projectId\":\"popchatv002\",\"databaseURL\":\"https://popchatv002-default-rtdb.firebaseio.com\",\"storageBucket\":\"popchatv002.firebasestorage.app\"}","GCLOUD_PROJECT":"popchatv002","EVENTARC_CLOUD_EVENT_SOURCE":"projects/popchatv002/locations/us-central1/services/sendHostToGroup","FUNCTION_TARGET":"sendHostToGroup","LOG_EXECUTION_ID":"true","FUNCTION_SIGNATURE_TYPE":"http"},"maxInstanceCount":20,"ingressSettings":"ALLOW_ALL","uri":"https://sendhosttogroup-2zjil5azfa-uc.a.run.app","serviceAccountEmail":"296369449480-compute@developer.gserviceaccount.com","availableMemory":"256Mi","allTrafficOnLatestRevision":true,"revision":"sendhosttogroup-00024-vun","maxInstanceRequestConcurrency":80,"availableCpu":"1"},"state":"ACTIVE","updateTime":"2025-06-30T04:28:41.152489896Z","labels":{"firebase-functions-hash":"4fb95acf971fd44e46da4433b3dd2209ba159cb9","deployment-tool":"cli-firebase"},"environment":"GEN_2","url":"https://us-central1-popchatv002.cloudfunctions.net/sendHostToGroup","createTime":"2025-06-21T04:32:01.651931084Z","satisfiesPzi":true}}
[debug] [2025-06-30T04:28:59.431Z] Got source token Cldwcm9qZWN0cy8yOTYzNjk0NDk0ODAvbG9jYXRpb25zL3VzLWNlbnRyYWwxL2J1aWxkcy9kM2FhZjdlNS1hMWRkLTRjMWYtOGY0MC0xN2RmNDhlMTM1MzQSbHVzLWNlbnRyYWwxLWRvY2tlci5wa2cuZGV2L3BvcGNoYXR2MDAyL2djZi1hcnRpZmFjdHMvcG9wY2hhdHYwMDJfX3VzLS1jZW50cmFsMV9fdGVzdF9odHRwX2Z1bmN0aW9uOnZlcnNpb25fMRiI1PuH0AgiRXByb2plY3RzL3BvcGNoYXR2MDAyL2xvY2F0aW9ucy91cy1jZW50cmFsMS9mdW5jdGlvbnMvdGVzdEh0dHBGdW5jdGlvbioMCPOkiMMGENCd2b8BMghub2RlanMyMjp2CiNnY3IuaW8vZ2FlLXJ1bnRpbWVzL25vZGVqczIyOnN0YWJsZRJPdXMtY2VudHJhbDEtZG9ja2VyLnBrZy5kZXYvc2VydmVybGVzcy1ydW50aW1lcy9nb29nbGUtMjItZnVsbC9ydW50aW1lcy9ub2RlanMyMkAB for region us-central1
[info] +  functions[sendHostToGroup(us-central1)] Successful update operation. 
[debug] [2025-06-30T04:28:59.433Z] <<< [apiv2][status] GET https://cloudfunctions.googleapis.com/v2/projects/popchatv002/locations/us-central1/operations/operation-1751257720431-638c2765623ef-1d50ed9e-7f2e316b 200
[debug] [2025-06-30T04:28:59.433Z] <<< [apiv2][body] GET https://cloudfunctions.googleapis.com/v2/projects/popchatv002/locations/us-central1/operations/operation-1751257720431-638c2765623ef-1d50ed9e-7f2e316b {"name":"projects/popchatv002/locations/us-central1/operations/operation-1751257720431-638c2765623ef-1d50ed9e-7f2e316b","metadata":{"@type":"type.googleapis.com/google.cloud.functions.v2.OperationMetadata","createTime":"2025-06-30T04:28:41.206328431Z","endTime":"2025-06-30T04:28:53.550653275Z","target":"projects/popchatv002/locations/us-central1/functions/trackUserSessionDelete","verb":"update","cancelRequested":false,"apiVersion":"v2","requestResource":{"@type":"type.googleapis.com/google.cloud.functions.v2.Function","name":"projects/popchatv002/locations/us-central1/functions/trackUserSessionDelete","buildConfig":{"runtime":"nodejs22","entryPoint":"trackUserSessionDelete","source":{"storageSource":{"bucket":"gcf-v2-sources-296369449480-us-central1","object":"trackUserSessionDelete/function-source.zip","generation":"1751257721149279"}},"environmentVariables":{"GOOGLE_NODE_RUN_SCRIPTS":""},"dockerRepository":"projects/popchatv002/locations/us-central1/repositories/gcf-artifacts","sourceProvenance":{"resolvedStorageSource":{"bucket":"gcf-v2-sources-296369449480-us-central1","object":"trackUserSessionDelete/function-source.zip","generation":"1751257099512193"}},"dockerRegistry":"ARTIFACT_REGISTRY","sourceToken":"Cldwcm9qZWN0cy8yOTYzNjk0NDk0ODAvbG9jYXRpb25zL3VzLWNlbnRyYWwxL2J1aWxkcy9kM2FhZjdlNS1hMWRkLTRjMWYtOGY0MC0xN2RmNDhlMTM1MzQSbHVzLWNlbnRyYWwxLWRvY2tlci5wa2cuZGV2L3BvcGNoYXR2MDAyL2djZi1hcnRpZmFjdHMvcG9wY2hhdHYwMDJfX3VzLS1jZW50cmFsMV9fdGVzdF9odHRwX2Z1bmN0aW9uOnZlcnNpb25fMRiI1PuH0AgiRXByb2plY3RzL3BvcGNoYXR2MDAyL2xvY2F0aW9ucy91cy1jZW50cmFsMS9mdW5jdGlvbnMvdGVzdEh0dHBGdW5jdGlvbioMCPOkiMMGENCd2b8BMghub2RlanMyMjp2CiNnY3IuaW8vZ2FlLXJ1bnRpbWVzL25vZGVqczIyOnN0YWJsZRJPdXMtY2VudHJhbDEtZG9ja2VyLnBrZy5kZXYvc2VydmVybGVzcy1ydW50aW1lcy9nb29nbGUtMjItZnVsbC9ydW50aW1lcy9ub2RlanMyMkAB","serviceAccount":"projects/popchatv002/serviceAccounts/296369449480-compute@developer.gserviceaccount.com","automaticUpdatePolicy":{}},"serviceConfig":{"service":"projects/popchatv002/locations/us-central1/services/trackusersessiondelete","timeoutSeconds":60,"environmentVariables":{"FIREBASE_CONFIG":"{\"projectId\":\"popchatv002\",\"databaseURL\":\"https://popchatv002-default-rtdb.firebaseio.com\",\"storageBucket\":\"popchatv002.firebasestorage.app\"}","GCLOUD_PROJECT":"popchatv002","EVENTARC_CLOUD_EVENT_SOURCE":"projects/popchatv002/locations/us-central1/services/trackUserSessionDelete","FUNCTION_SIGNATURE_TYPE":"cloudevent","FUNCTION_TARGET":"trackUserSessionDelete","LOG_EXECUTION_ID":"true"},"ingressSettings":"ALLOW_ALL","uri":"https://trackusersessiondelete-2zjil5azfa-uc.a.run.app","serviceAccountEmail":"296369449480-compute@developer.gserviceaccount.com","availableMemory":"256Mi","allTrafficOnLatestRevision":true,"revision":"trackusersessiondelete-00029-boj","maxInstanceRequestConcurrency":80,"availableCpu":"1"},"eventTrigger":{"trigger":"projects/popchatv002/locations/us-central1/triggers/trackusersessiondelete-166122","triggerRegion":"us-central1","eventType":"google.firebase.database.ref.v1.deleted","eventFilters":[{"attribute":"ref","value":"status/{userId}","operator":"match-path-pattern"},{"attribute":"instance","value":"*","operator":"match-path-pattern"}],"pubsubTopic":"projects/popchatv002/topics/eventarc-us-central1-trackusersessiondelete-166122-935","serviceAccountEmail":"296369449480-compute@developer.gserviceaccount.com","retryPolicy":"RETRY_POLICY_DO_NOT_RETRY"},"state":"ACTIVE","labels":{"deployment-tool":"cli-firebase","firebase-functions-hash":"4fb95acf971fd44e46da4433b3dd2209ba159cb9"},"environment":"GEN_2","url":"https://us-central1-popchatv002.cloudfunctions.net/trackUserSessionDelete","satisfiesPzi":true},"stages":[{"name":"BUILD","message":"Reusing build","state":"COMPLETE","resource":"projects/296369449480/locations/us-central1/builds/d3aaf7e5-a1dd-4c1f-8f40-17df48e13534"},{"name":"SERVICE","message":"Updating Cloud Run service","state":"COMPLETE","resource":"projects/popchatv002/locations/us-central1/services/trackusersessiondelete","resourceUri":"https://console.cloud.google.com/run/detail/us-central1/trackusersessiondelete?project=popchatv002","stateMessages":[{"severity":"INFO","type":"CloudRunServiceNewRevisionTrafficInfo","message":"A new revision will be deployed serving with 100% traffic."}]},{"name":"TRIGGER","state":"NOT_STARTED"}],"sourceToken":"Cldwcm9qZWN0cy8yOTYzNjk0NDk0ODAvbG9jYXRpb25zL3VzLWNlbnRyYWwxL2J1aWxkcy9kM2FhZjdlNS1hMWRkLTRjMWYtOGY0MC0xN2RmNDhlMTM1MzQSbHVzLWNlbnRyYWwxLWRvY2tlci5wa2cuZGV2L3BvcGNoYXR2MDAyL2djZi1hcnRpZmFjdHMvcG9wY2hhdHYwMDJfX3VzLS1jZW50cmFsMV9fdGVzdF9odHRwX2Z1bmN0aW9uOnZlcnNpb25fMRiI1PuH0AgiRXByb2plY3RzL3BvcGNoYXR2MDAyL2xvY2F0aW9ucy91cy1jZW50cmFsMS9mdW5jdGlvbnMvdGVzdEh0dHBGdW5jdGlvbioMCPOkiMMGENCd2b8BMghub2RlanMyMjp2CiNnY3IuaW8vZ2FlLXJ1bnRpbWVzL25vZGVqczIyOnN0YWJsZRJPdXMtY2VudHJhbDEtZG9ja2VyLnBrZy5kZXYvc2VydmVybGVzcy1ydW50aW1lcy9nb29nbGUtMjItZnVsbC9ydW50aW1lcy9ub2RlanMyMkAB","operationType":"UPDATE_FUNCTION","buildName":"projects/296369449480/locations/us-central1/builds/d3aaf7e5-a1dd-4c1f-8f40-17df48e13534"},"done":true,"response":{"@type":"type.googleapis.com/google.cloud.functions.v2.Function","name":"projects/popchatv002/locations/us-central1/functions/trackUserSessionDelete","buildConfig":{"build":"projects/296369449480/locations/us-central1/builds/d3aaf7e5-a1dd-4c1f-8f40-17df48e13534","runtime":"nodejs22","entryPoint":"trackUserSessionDelete","source":{"storageSource":{"bucket":"gcf-v2-sources-296369449480-us-central1","object":"trackUserSessionDelete/function-source.zip","generation":"1751257721149279"}},"environmentVariables":{"GOOGLE_NODE_RUN_SCRIPTS":""},"dockerRepository":"projects/popchatv002/locations/us-central1/repositories/gcf-artifacts","sourceProvenance":{"resolvedStorageSource":{"bucket":"gcf-v2-sources-296369449480-us-central1","object":"trackUserSessionDelete/function-source.zip","generation":"1751257721149279"}},"dockerRegistry":"ARTIFACT_REGISTRY","serviceAccount":"projects/popchatv002/serviceAccounts/296369449480-compute@developer.gserviceaccount.com","automaticUpdatePolicy":{}},"serviceConfig":{"service":"projects/popchatv002/locations/us-central1/services/trackusersessiondelete","timeoutSeconds":60,"environmentVariables":{"FIREBASE_CONFIG":"{\"projectId\":\"popchatv002\",\"databaseURL\":\"https://popchatv002-default-rtdb.firebaseio.com\",\"storageBucket\":\"popchatv002.firebasestorage.app\"}","GCLOUD_PROJECT":"popchatv002","EVENTARC_CLOUD_EVENT_SOURCE":"projects/popchatv002/locations/us-central1/services/trackUserSessionDelete","FUNCTION_SIGNATURE_TYPE":"cloudevent","FUNCTION_TARGET":"trackUserSessionDelete","LOG_EXECUTION_ID":"true"},"maxInstanceCount":20,"ingressSettings":"ALLOW_ALL","uri":"https://trackusersessiondelete-2zjil5azfa-uc.a.run.app","serviceAccountEmail":"296369449480-compute@developer.gserviceaccount.com","availableMemory":"256Mi","allTrafficOnLatestRevision":true,"revision":"trackusersessiondelete-00030-mac","maxInstanceRequestConcurrency":80,"availableCpu":"1"},"eventTrigger":{"trigger":"projects/popchatv002/locations/us-central1/triggers/trackusersessiondelete-166122","triggerRegion":"us-central1","eventType":"google.firebase.database.ref.v1.deleted","eventFilters":[{"attribute":"ref","value":"status/{userId}","operator":"match-path-pattern"},{"attribute":"instance","value":"*","operator":"match-path-pattern"}],"pubsubTopic":"projects/popchatv002/topics/eventarc-us-central1-trackusersessiondelete-166122-935","serviceAccountEmail":"296369449480-compute@developer.gserviceaccount.com","retryPolicy":"RETRY_POLICY_DO_NOT_RETRY"},"state":"ACTIVE","updateTime":"2025-06-30T04:28:41.208439971Z","labels":{"deployment-tool":"cli-firebase","firebase-functions-hash":"4fb95acf971fd44e46da4433b3dd2209ba159cb9"},"environment":"GEN_2","url":"https://us-central1-popchatv002.cloudfunctions.net/trackUserSessionDelete","createTime":"2025-06-17T19:40:19.047353904Z","satisfiesPzi":true}}
[debug] [2025-06-30T04:28:59.433Z] Got source token Cldwcm9qZWN0cy8yOTYzNjk0NDk0ODAvbG9jYXRpb25zL3VzLWNlbnRyYWwxL2J1aWxkcy9kM2FhZjdlNS1hMWRkLTRjMWYtOGY0MC0xN2RmNDhlMTM1MzQSbHVzLWNlbnRyYWwxLWRvY2tlci5wa2cuZGV2L3BvcGNoYXR2MDAyL2djZi1hcnRpZmFjdHMvcG9wY2hhdHYwMDJfX3VzLS1jZW50cmFsMV9fdGVzdF9odHRwX2Z1bmN0aW9uOnZlcnNpb25fMRiI1PuH0AgiRXByb2plY3RzL3BvcGNoYXR2MDAyL2xvY2F0aW9ucy91cy1jZW50cmFsMS9mdW5jdGlvbnMvdGVzdEh0dHBGdW5jdGlvbioMCPOkiMMGENCd2b8BMghub2RlanMyMjp2CiNnY3IuaW8vZ2FlLXJ1bnRpbWVzL25vZGVqczIyOnN0YWJsZRJPdXMtY2VudHJhbDEtZG9ja2VyLnBrZy5kZXYvc2VydmVybGVzcy1ydW50aW1lcy9nb29nbGUtMjItZnVsbC9ydW50aW1lcy9ub2RlanMyMkAB for region us-central1
[info] +  functions[trackUserSessionDelete(us-central1)] Successful update operation. 
[debug] [2025-06-30T04:28:59.434Z] <<< [apiv2][status] GET https://cloudfunctions.googleapis.com/v2/projects/popchatv002/locations/us-central1/operations/operation-1751257720429-638c2765619c9-aa1c1132-72ed2591 200
[debug] [2025-06-30T04:28:59.434Z] <<< [apiv2][body] GET https://cloudfunctions.googleapis.com/v2/projects/popchatv002/locations/us-central1/operations/operation-1751257720429-638c2765619c9-aa1c1132-72ed2591 {"name":"projects/popchatv002/locations/us-central1/operations/operation-1751257720429-638c2765619c9-aa1c1132-72ed2591","metadata":{"@type":"type.googleapis.com/google.cloud.functions.v2.OperationMetadata","createTime":"2025-06-30T04:28:41.087145853Z","endTime":"2025-06-30T04:28:52.596809699Z","target":"projects/popchatv002/locations/us-central1/functions/scheduledSendAd","verb":"update","cancelRequested":false,"apiVersion":"v2","requestResource":{"@type":"type.googleapis.com/google.cloud.functions.v2.Function","name":"projects/popchatv002/locations/us-central1/functions/scheduledSendAd","buildConfig":{"runtime":"nodejs22","entryPoint":"scheduledSendAd","source":{"storageSource":{"bucket":"gcf-v2-sources-296369449480-us-central1","object":"scheduledSendAd/function-source.zip","generation":"1751257721047016"}},"environmentVariables":{"GOOGLE_NODE_RUN_SCRIPTS":""},"dockerRepository":"projects/popchatv002/locations/us-central1/repositories/gcf-artifacts","sourceProvenance":{"resolvedStorageSource":{"bucket":"gcf-v2-sources-296369449480-us-central1","object":"scheduledSendAd/function-source.zip","generation":"1751257504667326"}},"dockerRegistry":"ARTIFACT_REGISTRY","sourceToken":"Cldwcm9qZWN0cy8yOTYzNjk0NDk0ODAvbG9jYXRpb25zL3VzLWNlbnRyYWwxL2J1aWxkcy9kM2FhZjdlNS1hMWRkLTRjMWYtOGY0MC0xN2RmNDhlMTM1MzQSbHVzLWNlbnRyYWwxLWRvY2tlci5wa2cuZGV2L3BvcGNoYXR2MDAyL2djZi1hcnRpZmFjdHMvcG9wY2hhdHYwMDJfX3VzLS1jZW50cmFsMV9fdGVzdF9odHRwX2Z1bmN0aW9uOnZlcnNpb25fMRiI1PuH0AgiRXByb2plY3RzL3BvcGNoYXR2MDAyL2xvY2F0aW9ucy91cy1jZW50cmFsMS9mdW5jdGlvbnMvdGVzdEh0dHBGdW5jdGlvbioMCPOkiMMGENCd2b8BMghub2RlanMyMjp2CiNnY3IuaW8vZ2FlLXJ1bnRpbWVzL25vZGVqczIyOnN0YWJsZRJPdXMtY2VudHJhbDEtZG9ja2VyLnBrZy5kZXYvc2VydmVybGVzcy1ydW50aW1lcy9nb29nbGUtMjItZnVsbC9ydW50aW1lcy9ub2RlanMyMkAB","serviceAccount":"projects/popchatv002/serviceAccounts/296369449480-compute@developer.gserviceaccount.com","automaticUpdatePolicy":{}},"serviceConfig":{"service":"projects/popchatv002/locations/us-central1/services/scheduledsendad","timeoutSeconds":60,"environmentVariables":{"FIREBASE_CONFIG":"{\"projectId\":\"popchatv002\",\"databaseURL\":\"https://popchatv002-default-rtdb.firebaseio.com\",\"storageBucket\":\"popchatv002.firebasestorage.app\"}","GCLOUD_PROJECT":"popchatv002","EVENTARC_CLOUD_EVENT_SOURCE":"projects/popchatv002/locations/us-central1/services/scheduledSendAd","FUNCTION_TARGET":"scheduledSendAd","LOG_EXECUTION_ID":"true","FUNCTION_SIGNATURE_TYPE":"http"},"ingressSettings":"ALLOW_ALL","uri":"https://scheduledsendad-2zjil5azfa-uc.a.run.app","serviceAccountEmail":"296369449480-compute@developer.gserviceaccount.com","availableMemory":"256Mi","allTrafficOnLatestRevision":true,"revision":"scheduledsendad-00019-jep","maxInstanceRequestConcurrency":80,"availableCpu":"1"},"state":"ACTIVE","labels":{"deployment-tool":"cli-firebase","deployment-scheduled":"true","firebase-functions-hash":"4fb95acf971fd44e46da4433b3dd2209ba159cb9"},"environment":"GEN_2","url":"https://us-central1-popchatv002.cloudfunctions.net/scheduledSendAd","satisfiesPzi":true},"stages":[{"name":"BUILD","message":"Reusing build","state":"COMPLETE","resource":"projects/296369449480/locations/us-central1/builds/d3aaf7e5-a1dd-4c1f-8f40-17df48e13534"},{"name":"SERVICE","message":"Updating Cloud Run service","state":"COMPLETE","resource":"projects/popchatv002/locations/us-central1/services/scheduledsendad","resourceUri":"https://console.cloud.google.com/run/detail/us-central1/scheduledsendad?project=popchatv002","stateMessages":[{"severity":"INFO","type":"CloudRunServiceNewRevisionTrafficInfo","message":"A new revision will be deployed serving with 100% traffic."}]}],"sourceToken":"Cldwcm9qZWN0cy8yOTYzNjk0NDk0ODAvbG9jYXRpb25zL3VzLWNlbnRyYWwxL2J1aWxkcy9kM2FhZjdlNS1hMWRkLTRjMWYtOGY0MC0xN2RmNDhlMTM1MzQSbHVzLWNlbnRyYWwxLWRvY2tlci5wa2cuZGV2L3BvcGNoYXR2MDAyL2djZi1hcnRpZmFjdHMvcG9wY2hhdHYwMDJfX3VzLS1jZW50cmFsMV9fdGVzdF9odHRwX2Z1bmN0aW9uOnZlcnNpb25fMRiI1PuH0AgiRXByb2plY3RzL3BvcGNoYXR2MDAyL2xvY2F0aW9ucy91cy1jZW50cmFsMS9mdW5jdGlvbnMvdGVzdEh0dHBGdW5jdGlvbioMCPOkiMMGENCd2b8BMghub2RlanMyMjp2CiNnY3IuaW8vZ2FlLXJ1bnRpbWVzL25vZGVqczIyOnN0YWJsZRJPdXMtY2VudHJhbDEtZG9ja2VyLnBrZy5kZXYvc2VydmVybGVzcy1ydW50aW1lcy9nb29nbGUtMjItZnVsbC9ydW50aW1lcy9ub2RlanMyMkAB","operationType":"UPDATE_FUNCTION","buildName":"projects/296369449480/locations/us-central1/builds/d3aaf7e5-a1dd-4c1f-8f40-17df48e13534"},"done":true,"response":{"@type":"type.googleapis.com/google.cloud.functions.v2.Function","name":"projects/popchatv002/locations/us-central1/functions/scheduledSendAd","buildConfig":{"build":"projects/296369449480/locations/us-central1/builds/d3aaf7e5-a1dd-4c1f-8f40-17df48e13534","runtime":"nodejs22","entryPoint":"scheduledSendAd","source":{"storageSource":{"bucket":"gcf-v2-sources-296369449480-us-central1","object":"scheduledSendAd/function-source.zip","generation":"1751257721047016"}},"environmentVariables":{"GOOGLE_NODE_RUN_SCRIPTS":""},"dockerRepository":"projects/popchatv002/locations/us-central1/repositories/gcf-artifacts","sourceProvenance":{"resolvedStorageSource":{"bucket":"gcf-v2-sources-296369449480-us-central1","object":"scheduledSendAd/function-source.zip","generation":"1751257721047016"}},"dockerRegistry":"ARTIFACT_REGISTRY","serviceAccount":"projects/popchatv002/serviceAccounts/296369449480-compute@developer.gserviceaccount.com","automaticUpdatePolicy":{}},"serviceConfig":{"service":"projects/popchatv002/locations/us-central1/services/scheduledsendad","timeoutSeconds":60,"environmentVariables":{"FIREBASE_CONFIG":"{\"projectId\":\"popchatv002\",\"databaseURL\":\"https://popchatv002-default-rtdb.firebaseio.com\",\"storageBucket\":\"popchatv002.firebasestorage.app\"}","GCLOUD_PROJECT":"popchatv002","EVENTARC_CLOUD_EVENT_SOURCE":"projects/popchatv002/locations/us-central1/services/scheduledSendAd","FUNCTION_TARGET":"scheduledSendAd","LOG_EXECUTION_ID":"true","FUNCTION_SIGNATURE_TYPE":"http"},"maxInstanceCount":20,"ingressSettings":"ALLOW_ALL","uri":"https://scheduledsendad-2zjil5azfa-uc.a.run.app","serviceAccountEmail":"296369449480-compute@developer.gserviceaccount.com","availableMemory":"256Mi","allTrafficOnLatestRevision":true,"revision":"scheduledsendad-00020-yos","maxInstanceRequestConcurrency":80,"availableCpu":"1"},"state":"ACTIVE","updateTime":"2025-06-30T04:28:41.088797684Z","labels":{"deployment-tool":"cli-firebase","deployment-scheduled":"true","firebase-functions-hash":"4fb95acf971fd44e46da4433b3dd2209ba159cb9"},"environment":"GEN_2","url":"https://us-central1-popchatv002.cloudfunctions.net/scheduledSendAd","createTime":"2025-06-21T22:10:43.266811237Z","satisfiesPzi":true}}
[debug] [2025-06-30T04:28:59.434Z] Got source token Cldwcm9qZWN0cy8yOTYzNjk0NDk0ODAvbG9jYXRpb25zL3VzLWNlbnRyYWwxL2J1aWxkcy9kM2FhZjdlNS1hMWRkLTRjMWYtOGY0MC0xN2RmNDhlMTM1MzQSbHVzLWNlbnRyYWwxLWRvY2tlci5wa2cuZGV2L3BvcGNoYXR2MDAyL2djZi1hcnRpZmFjdHMvcG9wY2hhdHYwMDJfX3VzLS1jZW50cmFsMV9fdGVzdF9odHRwX2Z1bmN0aW9uOnZlcnNpb25fMRiI1PuH0AgiRXByb2plY3RzL3BvcGNoYXR2MDAyL2xvY2F0aW9ucy91cy1jZW50cmFsMS9mdW5jdGlvbnMvdGVzdEh0dHBGdW5jdGlvbioMCPOkiMMGENCd2b8BMghub2RlanMyMjp2CiNnY3IuaW8vZ2FlLXJ1bnRpbWVzL25vZGVqczIyOnN0YWJsZRJPdXMtY2VudHJhbDEtZG9ja2VyLnBrZy5kZXYvc2VydmVybGVzcy1ydW50aW1lcy9nb29nbGUtMjItZnVsbC9ydW50aW1lcy9ub2RlanMyMkAB for region us-central1
[debug] [2025-06-30T04:28:59.434Z] Checked if tokens are valid: true, expires at: 1751260621805
[debug] [2025-06-30T04:28:59.434Z] Checked if tokens are valid: true, expires at: 1751260621805
[debug] [2025-06-30T04:28:59.434Z] >>> [apiv2][query] GET https://run.googleapis.com/v1/projects/popchatv002/locations/us-central1/services/scheduledsendad:getIamPolicy [none]
[debug] [2025-06-30T04:28:59.959Z] <<< [apiv2][status] GET https://run.googleapis.com/v1/projects/popchatv002/locations/us-central1/services/scheduledrandomusermedia:getIamPolicy 200
[debug] [2025-06-30T04:28:59.959Z] <<< [apiv2][body] GET https://run.googleapis.com/v1/projects/popchatv002/locations/us-central1/services/scheduledrandomusermedia:getIamPolicy {"version":1,"etag":"BwY4DXZTPLE=","bindings":[{"role":"roles/run.invoker","members":["serviceAccount:296369449480-compute@developer.gserviceaccount.com"]}]}
[debug] [2025-06-30T04:28:59.959Z] Checked if tokens are valid: true, expires at: 1751260621805
[debug] [2025-06-30T04:28:59.960Z] Checked if tokens are valid: true, expires at: 1751260621805
[debug] [2025-06-30T04:28:59.960Z] >>> [apiv2][query] GET https://cloudscheduler.googleapis.com/v1/projects/popchatv002/locations/us-central1/jobs/firebase-schedule-scheduledRandomUserMedia-us-central1 [none]
[debug] [2025-06-30T04:29:00.048Z] <<< [apiv2][status] GET https://run.googleapis.com/v1/projects/popchatv002/locations/us-central1/services/scheduledsendad:getIamPolicy 200
[debug] [2025-06-30T04:29:00.048Z] <<< [apiv2][body] GET https://run.googleapis.com/v1/projects/popchatv002/locations/us-central1/services/scheduledsendad:getIamPolicy {"version":1,"etag":"BwY4HEEFP7w=","bindings":[{"role":"roles/run.invoker","members":["serviceAccount:296369449480-compute@developer.gserviceaccount.com"]}]}
[debug] [2025-06-30T04:29:00.048Z] Checked if tokens are valid: true, expires at: 1751260621805
[debug] [2025-06-30T04:29:00.048Z] Checked if tokens are valid: true, expires at: 1751260621805
[debug] [2025-06-30T04:29:00.048Z] >>> [apiv2][query] GET https://cloudscheduler.googleapis.com/v1/projects/popchatv002/locations/us-central1/jobs/firebase-schedule-scheduledSendAd-us-central1 [none]
[debug] [2025-06-30T04:29:00.289Z] <<< [apiv2][status] GET https://cloudscheduler.googleapis.com/v1/projects/popchatv002/locations/us-central1/jobs/firebase-schedule-scheduledRandomUserMedia-us-central1 200
[debug] [2025-06-30T04:29:00.289Z] <<< [apiv2][body] GET https://cloudscheduler.googleapis.com/v1/projects/popchatv002/locations/us-central1/jobs/firebase-schedule-scheduledRandomUserMedia-us-central1 {"name":"projects/popchatv002/locations/us-central1/jobs/firebase-schedule-scheduledRandomUserMedia-us-central1","httpTarget":{"uri":"https://scheduledrandomusermedia-2zjil5azfa-uc.a.run.app/","httpMethod":"POST","headers":{"User-Agent":"Google-Cloud-Scheduler"},"oidcToken":{"serviceAccountEmail":"296369449480-compute@developer.gserviceaccount.com","audience":"https://scheduledrandomusermedia-2zjil5azfa-uc.a.run.app"}},"userUpdateTime":"2025-06-29T17:40:47Z","state":"ENABLED","status":{},"scheduleTime":"2025-06-30T04:37:00.135987Z","lastAttemptTime":"2025-06-30T04:22:00.523842Z","schedule":"every 15 minutes","timeZone":"America/Vancouver","attemptDeadline":"180s"}
[debug] [2025-06-30T04:29:00.289Z] scheduler job firebase-schedule-scheduledRandomUserMedia-us-central1 is up to date, no changes required
[info] +  functions[scheduledRandomUserMedia(us-central1)] Successful update operation. 
[debug] [2025-06-30T04:29:00.502Z] <<< [apiv2][status] GET https://cloudscheduler.googleapis.com/v1/projects/popchatv002/locations/us-central1/jobs/firebase-schedule-scheduledSendAd-us-central1 200
[debug] [2025-06-30T04:29:00.502Z] <<< [apiv2][body] GET https://cloudscheduler.googleapis.com/v1/projects/popchatv002/locations/us-central1/jobs/firebase-schedule-scheduledSendAd-us-central1 {"name":"projects/popchatv002/locations/us-central1/jobs/firebase-schedule-scheduledSendAd-us-central1","httpTarget":{"uri":"https://scheduledsendad-2zjil5azfa-uc.a.run.app/","httpMethod":"POST","headers":{"User-Agent":"Google-Cloud-Scheduler"},"oidcToken":{"serviceAccountEmail":"296369449480-compute@developer.gserviceaccount.com","audience":"https://scheduledsendad-2zjil5azfa-uc.a.run.app"}},"userUpdateTime":"2025-06-21T23:03:17Z","state":"ENABLED","status":{},"scheduleTime":"2025-06-30T04:40:00.591326Z","lastAttemptTime":"2025-06-30T04:27:00.400785Z","schedule":"every 13 minutes","timeZone":"America/Vancouver","attemptDeadline":"180s"}
[debug] [2025-06-30T04:29:00.502Z] Checked if tokens are valid: true, expires at: 1751260621805
[debug] [2025-06-30T04:29:00.502Z] Checked if tokens are valid: true, expires at: 1751260621805
[debug] [2025-06-30T04:29:00.502Z] >>> [apiv2][query] PATCH https://cloudscheduler.googleapis.com/v1/projects/popchatv002/locations/us-central1/jobs/firebase-schedule-scheduledSendAd-us-central1 updateMask=name%2CtimeZone%2ChttpTarget%2Cschedule
[debug] [2025-06-30T04:29:00.502Z] >>> [apiv2][body] PATCH https://cloudscheduler.googleapis.com/v1/projects/popchatv002/locations/us-central1/jobs/firebase-schedule-scheduledSendAd-us-central1 {"timeZone":"America/Vancouver","name":"projects/popchatv002/locations/us-central1/jobs/firebase-schedule-scheduledSendAd-us-central1","httpTarget":{"uri":"https://scheduledsendad-2zjil5azfa-uc.a.run.app","httpMethod":"POST","oidcToken":{"serviceAccountEmail":"296369449480-compute@developer.gserviceaccount.com"}},"schedule":"every 1 hour"}
[debug] [2025-06-30T04:29:01.839Z] <<< [apiv2][status] PATCH https://cloudscheduler.googleapis.com/v1/projects/popchatv002/locations/us-central1/jobs/firebase-schedule-scheduledSendAd-us-central1 400
[debug] [2025-06-30T04:29:01.839Z] <<< [apiv2][body] PATCH https://cloudscheduler.googleapis.com/v1/projects/popchatv002/locations/us-central1/jobs/firebase-schedule-scheduledSendAd-us-central1 {"error":{"code":400,"message":"Schedule or time zone is invalid.","status":"INVALID_ARGUMENT"}}
[error] Request to https://cloudscheduler.googleapis.com/v1/projects/popchatv002/locations/us-central1/jobs/firebase-schedule-scheduledSendAd-us-central1?updateMask=name%2CtimeZone%2ChttpTarget%2Cschedule had HTTP Error: 400, Schedule or time zone is invalid.
[debug] [2025-06-30T04:29:01.862Z] Total Function Deployment time: 72098
[debug] [2025-06-30T04:29:01.862Z] 13 Functions Deployed
[debug] [2025-06-30T04:29:01.862Z] 1 Functions Errored
[debug] [2025-06-30T04:29:01.862Z] 0 Function Deployments Aborted
[debug] [2025-06-30T04:29:01.862Z] Average Function Deployment time: 67627.69230769231
[info] 
[info] Functions deploy had errors with the following functions:
	scheduledSendAd(us-central1)
[info] Function URL (testHttpFunction(us-central1)): https://testhttpfunction-2zjil5azfa-uc.a.run.app
[info] Function URL (writeToDatabase(us-central1)): https://writetodatabase-2zjil5azfa-uc.a.run.app
[info] Function URL (addUserStatus(us-central1)): https://adduserstatus-2zjil5azfa-uc.a.run.app
[info] Function URL (telegramWebhook(us-central1)): https://telegramwebhook-2zjil5azfa-uc.a.run.app
[info] Function URL (testScheduledFunction(us-central1)): https://testscheduledfunction-2zjil5azfa-uc.a.run.app
[info] Function URL (testSendAd(us-central1)): https://testsendad-2zjil5azfa-uc.a.run.app
[info] Function URL (resetUserCounter(us-central1)): https://resetusercounter-2zjil5azfa-uc.a.run.app
[info] Function URL (testSnapshotCycling(us-central1)): https://testsnapshotcycling-2zjil5azfa-uc.a.run.app
[info] Function URL (sendHostToGroup(us-central1)): https://sendhosttogroup-2zjil5azfa-uc.a.run.app
[debug] [2025-06-30T04:29:03.855Z] Checked if tokens are valid: true, expires at: 1751260621805
[debug] [2025-06-30T04:29:03.855Z] Checked if tokens are valid: true, expires at: 1751260621805
[debug] [2025-06-30T04:29:03.855Z] >>> [apiv2][query] GET https://artifactregistry.googleapis.com/v1/projects/popchatv002/locations/us-central1/repositories/gcf-artifacts [none]
[debug] [2025-06-30T04:29:04.228Z] <<< [apiv2][status] GET https://artifactregistry.googleapis.com/v1/projects/popchatv002/locations/us-central1/repositories/gcf-artifacts 200
[debug] [2025-06-30T04:29:04.228Z] <<< [apiv2][body] GET https://artifactregistry.googleapis.com/v1/projects/popchatv002/locations/us-central1/repositories/gcf-artifacts {"name":"projects/popchatv002/locations/us-central1/repositories/gcf-artifacts","format":"DOCKER","description":"This repository is created and used by Cloud Functions for storing function docker images.","labels":{"goog-managed-by":"cloudfunctions"},"createTime":"2025-06-17T19:36:15.494572Z","updateTime":"2025-06-30T04:28:28.284464Z","mode":"STANDARD_REPOSITORY","cleanupPolicies":{"firebase-functions-cleanup":{"id":"firebase-functions-cleanup","action":"DELETE","condition":{"tagState":"ANY","olderThan":"86400s"}}},"sizeBytes":"173295553","vulnerabilityScanningConfig":{"lastEnableTime":"2025-06-17T19:36:02.933053286Z","enablementState":"SCANNING_DISABLED","enablementStateReason":"API containerscanning.googleapis.com is not enabled."},"satisfiesPzi":true,"registryUri":"us-central1-docker.pkg.dev/popchatv002/gcf-artifacts"}
[debug] [2025-06-30T04:29:04.229Z] Functions deploy failed.
[debug] [2025-06-30T04:29:04.229Z] {
  "endpoint": {
    "id": "scheduledSendAd",
    "project": "popchatv002",
    "region": "us-central1",
    "entryPoint": "scheduledSendAd",
    "platform": "gcfv2",
    "runtime": "nodejs22",
    "scheduleTrigger": {
      "schedule": "every 1 hour",
      "timeZone": "America/Vancouver",
      "retryConfig": {}
    },
    "labels": {
      "deployment-tool": "cli-firebase"
    },
    "serviceAccount": null,
    "ingressSettings": null,
    "availableMemoryMb": null,
    "timeoutSeconds": null,
    "maxInstances": null,
    "minInstances": null,
    "concurrency": 80,
    "vpc": null,
    "environmentVariables": {
      "FIREBASE_CONFIG": "{\"projectId\":\"popchatv002\",\"databaseURL\":\"https://popchatv002-default-rtdb.firebaseio.com\",\"storageBucket\":\"popchatv002.firebasestorage.app\"}",
      "GCLOUD_PROJECT": "popchatv002",
      "EVENTARC_CLOUD_EVENT_SOURCE": "projects/popchatv002/locations/us-central1/services/scheduledSendAd",
      "FUNCTION_TARGET": "scheduledSendAd",
      "LOG_EXECUTION_ID": "true",
      "FUNCTION_SIGNATURE_TYPE": "http"
    },
    "codebase": "default",
    "runServiceId": "scheduledsendad",
    "cpu": 1,
    "securityLevel": "SECURE_ALWAYS",
    "targetedByOnly": false,
    "hash": "4fb95acf971fd44e46da4433b3dd2209ba159cb9",
    "uri": "https://scheduledsendad-2zjil5azfa-uc.a.run.app"
  },
  "op": "upsert schedule",
  "original": {
    "name": "FirebaseError",
    "children": [],
    "context": {
      "body": {
        "error": {
          "code": 400,
          "message": "Schedule or time zone is invalid.",
          "status": "INVALID_ARGUMENT"
        }
      },
      "response": {
        "statusCode": 400
      }
    },
    "exit": 1,
    "message": "Request to https://cloudscheduler.googleapis.com/v1/projects/popchatv002/locations/us-central1/jobs/firebase-schedule-scheduledSendAd-us-central1?updateMask=name%2CtimeZone%2ChttpTarget%2Cschedule had HTTP Error: 400, Schedule or time zone is invalid.",
    "status": 400,
    "code": 400
  }
}
[debug] [2025-06-30T04:29:04.244Z] Error: Failed to upsert schedule function scheduledSendAd in region us-central1
    at C:\Users\Ricky PC\AppData\Roaming\npm\node_modules\firebase-tools\lib\deploy\functions\release\fabricator.js:52:11
    at process.processTicksAndRejections (node:internal/process/task_queues:105:5)
    at async Fabricator.upsertScheduleV2 (C:\Users\Ricky PC\AppData\Roaming\npm\node_modules\firebase-tools\lib\deploy\functions\release\fabricator.js:519:9)
    at async Fabricator.setTrigger (C:\Users\Ricky PC\AppData\Roaming\npm\node_modules\firebase-tools\lib\deploy\functions\release\fabricator.js:480:17)
    at async Fabricator.updateEndpoint (C:\Users\Ricky PC\AppData\Roaming\npm\node_modules\firebase-tools\lib\deploy\functions\release\fabricator.js:160:9)
    at async handle (C:\Users\Ricky PC\AppData\Roaming\npm\node_modules\firebase-tools\lib\deploy\functions\release\fabricator.js:89:17)
[error] 
[error] Error: There was an error deploying functions
[debug] [2025-06-30T04:30:11.824Z] File G:\functions\functions\index.js changed, reloading triggers {"metadata":{"emulator":{"name":"functions"},"message":"File G:\\functions\\functions\\index.js changed, reloading triggers"}}
[debug] [2025-06-30T04:30:12.834Z] Validating nodejs source
[debug] [2025-06-30T04:30:14.559Z] > [functions] package.json contents: {
  "name": "functions",
  "description": "Cloud Functions for Firebase",
  "scripts": {
    "serve": "firebase emulators:start --only functions",
    "start": "firebase emulators:start --only functions,database",
    "shell": "firebase functions:shell",
    "deploy": "firebase deploy --only functions",
    "logs": "firebase functions:log"
  },
  "engines": {
    "node": "22"
  },
  "main": "index.js",
  "dependencies": {
    "axios": "^1.10.0",
    "firebase-admin": "^12.6.0",
    "firebase-functions": "^6.0.1",
    "luxon": "^3.6.1"
  },
  "devDependencies": {
    "firebase-functions-test": "^3.1.0"
  },
  "private": true
}
[debug] [2025-06-30T04:30:14.559Z] Building nodejs source
[debug] [2025-06-30T04:30:14.559Z] Failed to find version of module node: reached end of search path G:\functions\functions\node_modules
[info] +  functions: Using node@22 from host. 
[debug] [2025-06-30T04:30:14.560Z] Could not find functions.yaml. Must use http discovery
[debug] [2025-06-30T04:30:14.884Z] Found firebase-functions binary at 'G:\functions\node_modules\.bin\firebase-functions'
[info] Serving at port 8668

[debug] [2025-06-30T04:30:15.775Z] Got response from /__/functions.yaml {"endpoints":{"testHttpFunction":{"availableMemoryMb":null,"timeoutSeconds":null,"minInstances":null,"maxInstances":null,"ingressSettings":null,"concurrency":null,"serviceAccountEmail":null,"vpc":null,"platform":"gcfv2","labels":{},"httpsTrigger":{},"entryPoint":"testHttpFunction"},"writeToDatabase":{"availableMemoryMb":null,"timeoutSeconds":null,"minInstances":null,"maxInstances":null,"ingressSettings":null,"concurrency":null,"serviceAccountEmail":null,"vpc":null,"platform":"gcfv2","labels":{},"httpsTrigger":{},"entryPoint":"writeToDatabase"},"addUserStatus":{"availableMemoryMb":null,"timeoutSeconds":null,"minInstances":null,"maxInstances":null,"ingressSettings":null,"concurrency":null,"serviceAccountEmail":null,"vpc":null,"platform":"gcfv2","labels":{},"httpsTrigger":{},"entryPoint":"addUserStatus"},"trackUserSessionCreate":{"availableMemoryMb":null,"timeoutSeconds":null,"minInstances":null,"maxInstances":null,"ingressSettings":null,"concurrency":null,"serviceAccountEmail":null,"vpc":null,"platform":"gcfv2","labels":{},"eventTrigger":{"eventType":"google.firebase.database.ref.v1.created","eventFilters":{},"eventFilterPathPatterns":{"ref":"status/{userId}","instance":"*"},"retry":false},"entryPoint":"trackUserSessionCreate"},"trackUserSessionDelete":{"availableMemoryMb":null,"timeoutSeconds":null,"minInstances":null,"maxInstances":null,"ingressSettings":null,"concurrency":null,"serviceAccountEmail":null,"vpc":null,"platform":"gcfv2","labels":{},"eventTrigger":{"eventType":"google.firebase.database.ref.v1.deleted","eventFilters":{},"eventFilterPathPatterns":{"ref":"status/{userId}","instance":"*"},"retry":false},"entryPoint":"trackUserSessionDelete"},"telegramWebhook":{"availableMemoryMb":null,"timeoutSeconds":null,"minInstances":null,"maxInstances":null,"ingressSettings":null,"concurrency":null,"serviceAccountEmail":null,"vpc":null,"platform":"gcfv2","labels":{},"httpsTrigger":{},"entryPoint":"telegramWebhook"},"testScheduledFunction":{"availableMemoryMb":null,"timeoutSeconds":null,"minInstances":null,"maxInstances":null,"ingressSettings":null,"concurrency":null,"serviceAccountEmail":null,"vpc":null,"platform":"gcfv2","labels":{},"httpsTrigger":{},"entryPoint":"testScheduledFunction"},"scheduledRandomUserMedia":{"availableMemoryMb":null,"timeoutSeconds":null,"minInstances":null,"maxInstances":null,"ingressSettings":null,"concurrency":null,"serviceAccountEmail":null,"vpc":null,"platform":"gcfv2","labels":{},"scheduleTrigger":{"schedule":"every 15 minutes","retryConfig":{},"timeZone":"America/Vancouver"},"entryPoint":"scheduledRandomUserMedia"},"testSendAd":{"availableMemoryMb":null,"timeoutSeconds":null,"minInstances":null,"maxInstances":null,"ingressSettings":null,"concurrency":null,"serviceAccountEmail":null,"vpc":null,"platform":"gcfv2","labels":{},"httpsTrigger":{},"entryPoint":"testSendAd"},"scheduledSendAd":{"availableMemoryMb":null,"timeoutSeconds":null,"minInstances":null,"maxInstances":null,"ingressSettings":null,"concurrency":null,"serviceAccountEmail":null,"vpc":null,"platform":"gcfv2","labels":{},"scheduleTrigger":{"schedule":"every 60 minutes","retryConfig":{},"timeZone":"America/Vancouver"},"entryPoint":"scheduledSendAd"},"resetUserCounter":{"availableMemoryMb":null,"timeoutSeconds":null,"minInstances":null,"maxInstances":null,"ingressSettings":null,"concurrency":null,"serviceAccountEmail":null,"vpc":null,"platform":"gcfv2","labels":{},"httpsTrigger":{},"entryPoint":"resetUserCounter"},"testSnapshotCycling":{"availableMemoryMb":null,"timeoutSeconds":null,"minInstances":null,"maxInstances":null,"ingressSettings":null,"concurrency":null,"serviceAccountEmail":null,"vpc":null,"platform":"gcfv2","labels":{},"httpsTrigger":{},"entryPoint":"testSnapshotCycling"},"sendHostToGroup":{"availableMemoryMb":null,"timeoutSeconds":null,"minInstances":null,"maxInstances":null,"ingressSettings":null,"concurrency":null,"serviceAccountEmail":null,"vpc":null,"platform":"gcfv2","labels":{},"httpsTrigger":{},"entryPoint":"sendHostToGroup"}},"specVersion":"v1alpha1","requiredAPIs":[{"api":"cloudscheduler.googleapis.com","reason":"Needed for scheduled functions."}],"extensions":{}}
[info] +  functions: Loaded functions definitions from source: testHttpFunction, writeToDatabase, addUserStatus, trackUserSessionCreate, trackUserSessionDelete, telegramWebhook, testScheduledFunction, scheduledRandomUserMedia, testSendAd, scheduledSendAd, resetUserCounter, testSnapshotCycling, sendHostToGroup. {"metadata":{"emulator":{"name":"functions"},"message":"Loaded functions definitions from source: testHttpFunction, writeToDatabase, addUserStatus, trackUserSessionCreate, trackUserSessionDelete, telegramWebhook, testScheduledFunction, scheduledRandomUserMedia, testSendAd, scheduledSendAd, resetUserCounter, testSnapshotCycling, sendHostToGroup."}}
[debug] [2025-06-30T04:30:22.728Z] ----------------------------------------------------------------------
[debug] [2025-06-30T04:30:22.732Z] Command:       C:\Program Files\nodejs\node.exe C:\Users\Ricky PC\AppData\Roaming\npm\node_modules\firebase-tools\lib\bin\firebase.js deploy --only functions
[debug] [2025-06-30T04:30:22.733Z] CLI Version:   14.7.0
[debug] [2025-06-30T04:30:22.733Z] Platform:      win32
[debug] [2025-06-30T04:30:22.733Z] Node Version:  v22.16.0
[debug] [2025-06-30T04:30:22.733Z] Time:          Sun Jun 29 2025 21:30:22 GMT-0700 (Pacific Daylight Time)
[debug] [2025-06-30T04:30:22.733Z] ----------------------------------------------------------------------
[debug] 
[debug] [2025-06-30T04:30:23.000Z] > command requires scopes: ["email","openid","https://www.googleapis.com/auth/cloudplatformprojects.readonly","https://www.googleapis.com/auth/firebase","https://www.googleapis.com/auth/cloud-platform"]
[debug] [2025-06-30T04:30:23.001Z] > authorizing via signed-in user (foxopenone@gmail.com)
[debug] [2025-06-30T04:30:23.001Z] [iam] checking project popchatv002 for permissions ["cloudfunctions.functions.create","cloudfunctions.functions.delete","cloudfunctions.functions.get","cloudfunctions.functions.list","cloudfunctions.functions.update","cloudfunctions.operations.get","firebase.projects.get"]
[debug] [2025-06-30T04:30:23.002Z] Checked if tokens are valid: true, expires at: 1751260621805
[debug] [2025-06-30T04:30:23.003Z] Checked if tokens are valid: true, expires at: 1751260621805
[debug] [2025-06-30T04:30:23.004Z] >>> [apiv2][query] POST https://cloudresourcemanager.googleapis.com/v1/projects/popchatv002:testIamPermissions [none]
[debug] [2025-06-30T04:30:23.004Z] >>> [apiv2][(partial)header] POST https://cloudresourcemanager.googleapis.com/v1/projects/popchatv002:testIamPermissions x-goog-quota-user=projects/popchatv002
[debug] [2025-06-30T04:30:23.004Z] >>> [apiv2][body] POST https://cloudresourcemanager.googleapis.com/v1/projects/popchatv002:testIamPermissions {"permissions":["cloudfunctions.functions.create","cloudfunctions.functions.delete","cloudfunctions.functions.get","cloudfunctions.functions.list","cloudfunctions.functions.update","cloudfunctions.operations.get","firebase.projects.get"]}
[debug] [2025-06-30T04:30:23.158Z] <<< [apiv2][status] POST https://cloudresourcemanager.googleapis.com/v1/projects/popchatv002:testIamPermissions 200
[debug] [2025-06-30T04:30:23.158Z] <<< [apiv2][body] POST https://cloudresourcemanager.googleapis.com/v1/projects/popchatv002:testIamPermissions {"permissions":["cloudfunctions.functions.create","cloudfunctions.functions.delete","cloudfunctions.functions.get","cloudfunctions.functions.list","cloudfunctions.functions.update","cloudfunctions.operations.get","firebase.projects.get"]}
[debug] [2025-06-30T04:30:23.159Z] Checked if tokens are valid: true, expires at: 1751260621805
[debug] [2025-06-30T04:30:23.159Z] Checked if tokens are valid: true, expires at: 1751260621805
[debug] [2025-06-30T04:30:23.159Z] >>> [apiv2][query] POST https://iam.googleapis.com/v1/projects/popchatv002/serviceAccounts/popchatv002@appspot.gserviceaccount.com:testIamPermissions [none]
[debug] [2025-06-30T04:30:23.159Z] >>> [apiv2][body] POST https://iam.googleapis.com/v1/projects/popchatv002/serviceAccounts/popchatv002@appspot.gserviceaccount.com:testIamPermissions {"permissions":["iam.serviceAccounts.actAs"]}
[debug] [2025-06-30T04:30:23.309Z] <<< [apiv2][status] POST https://iam.googleapis.com/v1/projects/popchatv002/serviceAccounts/popchatv002@appspot.gserviceaccount.com:testIamPermissions 200
[debug] [2025-06-30T04:30:23.310Z] <<< [apiv2][body] POST https://iam.googleapis.com/v1/projects/popchatv002/serviceAccounts/popchatv002@appspot.gserviceaccount.com:testIamPermissions {"permissions":["iam.serviceAccounts.actAs"]}
[info] 
[info] === Deploying to 'popchatv002'...
[info] 
[info] i  deploying functions 
[debug] [2025-06-30T04:30:23.313Z] Checked if tokens are valid: true, expires at: 1751260621805
[debug] [2025-06-30T04:30:23.313Z] Checked if tokens are valid: true, expires at: 1751260621805
[debug] [2025-06-30T04:30:23.313Z] >>> [apiv2][query] GET https://serviceusage.googleapis.com/v1/projects/popchatv002/services/cloudresourcemanager.googleapis.com [none]
[debug] [2025-06-30T04:30:23.313Z] >>> [apiv2][(partial)header] GET https://serviceusage.googleapis.com/v1/projects/popchatv002/services/cloudresourcemanager.googleapis.com x-goog-quota-user=projects/popchatv002
